:020000040800F2
:10C00000004F00207DC40008C9C40008D9C600083C
:10C01000D1C40008D5C40008D9C40008000000003D
:10C020008F9E939B089996970301000011C5000805
:10C03000E1C40008F4A101087BC500088BC5000815
:10C04000C5C40008C5C40008C5C40008C5C40008AC
:10C05000C5C40008C5C40008C5C40008C5C400089C
:10C06000C5C40008C5C40008C5C40008C5C400088C
:10C07000C5C40008C5C40008C5C40008C5C400087C
:10C08000C5C40008C5C40008C5C40008C5C400086C
:10C0900099470108C5C40008C5C40008C5C4000804
:10C0A000C5C40008C5C40008C5C40008C5C400084C
:10C0B000C5C40008C5C40008C5C40008C5C400083C
:10C0C000C5C40008C5C40008C5C40008C5C400082C
:10C0D000C5C40008C5C4000839420108C5C4000829
:10C0E000C5C40008C5C40008C5C40008FFFFFFFFA1
:10C0F000FFFFFFFFFFFFFFFFFFFFFFFFFFFFFFFF50
:10C10000FFFFFFFFFFFFFFFFFFFFFFFFFFFFFFFF3F
:10C11000FFFFFFFFFFFFFFFFFFFFFFFFFFFFFFFF2F
:10C12000FFFFFFFFFFFFFFFFFFFFFFFFFFFFFFFF1F
:10C13000FFFFFFFFFFFFFFFFFFFFFFFFFFFFFFFF0F
:10C14000FFFFFFFFFFFFFFFFFFFFFFFFFFFFFFFFFF
:10C15000FFFFFFFFFFFFFFFFFFFFFFFFFFFFFFFFEF
:10C16000FFFFFFFFFFFFFFFFFFFFFFFFFFFFFFFFDF
:10C17000FFFFFFFFFFFFFFFFFFFFFFFFFFFFFFFFCF
:10C18000FFFFFFFFFFFFFFFFFFFFFFFFFFFFFFFFBF
:10C19000FFFFFFFFFFFFFFFFFFFFFFFFFFFFFFFFAF
:10C1A000FFFFFFFFFFFFFFFFFFFFFFFFFFFFFFFF9F
:10C1B000FFFFFFFFFFFFFFFFFFFFFFFFFFFFFFFF8F
:10C1C000FFFFFFFFFFFFFFFFFFFFFFFFFFFFFFFF7F
:10C1D000FFFFFFFFFFFFFFFFFFFFFFFFFFFFFFFF6F
:10C1E000FFFFFFFFFFFFFFFFFFFFFFFFFFFFFFFF5F
:10C1F000FFFFFFFFFFFFFFFFFFFFFFFFFFFFFFFF4F
:10C20000FFFFFFFFFFFFFFFFFFFFFFFFFFFFFFFF3E
:10C21000FFFFFFFFFFFFFFFFFFFFFFFFFFFFFFFF2E
:10C22000FFFFFFFFFFFFFFFFFFFFFFFFFFFFFFFF1E
:10C23000FFFFFFFFFFFFFFFFFFFFFFFFFFFFFFFF0E
:10C24000FFFFFFFFFFFFFFFFFFFFFFFFFFFFFFFFFE
:10C25000FFFFFFFFFFFFFFFFFFFFFFFFFFFFFFFFEE
:10C26000FFFFFFFFFFFFFFFFFFFFFFFFFFFFFFFFDE
:10C27000FFFFFFFFFFFFFFFFFFFFFFFFFFFFFFFFCE
:10C28000FFFFFFFFFFFFFFFFFFFFFFFFFFFFFFFFBE
:10C29000FFFFFFFFFFFFFFFFFFFFFFFFFFFFFFFFAE
:10C2A000FFFFFFFFFFFFFFFFFFFFFFFFFFFFFFFF9E
:10C2B000FFFFFFFFFFFFFFFFFFFFFFFFFFFFFFFF8E
:10C2C000FFFFFFFFFFFFFFFFFFFFFFFFFFFFFFFF7E
:10C2D000FFFFFFFFFFFFFFFFFFFFFFFFFFFFFFFF6E
:10C2E000FFFFFFFFFFFFFFFFFFFFFFFFFFFFFFFF5E
:10C2F000FFFFFFFFFFFFFFFFFFFFFFFFFFFFFFFF4E
:10C30000FFFFFFFFFFFFFFFFFFFFFFFFFFFFFFFF3D
:10C31000FFFFFFFFFFFFFFFFFFFFFFFFFFFFFFFF2D
:10C32000FFFFFFFFFFFFFFFFFFFFFFFFFFFFFFFF1D
:10C33000FFFFFFFFFFFFFFFFFFFFFFFFFFFFFFFF0D
:10C34000FFFFFFFFFFFFFFFFFFFFFFFFFFFFFFFFFD
:10C35000FFFFFFFFFFFFFFFFFFFFFFFFFFFFFFFFED
:10C36000FFFFFFFFFFFFFFFFFFFFFFFFFFFFFFFFDD
:10C37000FFFFFFFFFFFFFFFFFFFFFFFFFFFFFFFFCD
:10C38000FFFFFFFFFFFFFFFFFFFFFFFFFFFFFFFFBD
:10C39000FFFFFFFFFFFFFFFFFFFFFFFFFFFFFFFFAD
:10C3A000FFFFFFFFFFFFFFFFFFFFFFFFFFFFFFFF9D
:10C3B000FFFFFFFFFFFFFFFFFFFFFFFFFFFFFFFF8D
:10C3C000FFFFFFFFFFFFFFFFFFFFFFFFFFFFFFFF7D
:10C3D000FFFFFFFFFFFFFFFFFFFFFFFFFFFFFFFF6D
:10C3E000FFFFFFFFFFFFFFFFFFFFFFFFFFFFFFFF5D
:10C3F000FFFFFFFFFFFFFFFFFFFFFFFFFFFFFFFF4D
:10C40000A3F5803A704700BF174B002B08BF134BB2
:10C410009D46FFF7F5FF00218B460F461348144A4F
:10C42000121A0CF0F8FB0E4B002B00D098470D4B66
:10C43000002B00D098470020002104000D000D487B
:10C44000002802D00C48AFF3008004F0F0FC20007C
:10C45000290004F091FE0CF0A3FB00BF00000800CF
:10C46000000000002D0E0108004F0020680400208D
:10C470004C2C0020000000000000000072B60A48AA
:10C480000A4901600A6882F3088809488047094917
:10C49000094A0A4B9A42BEBF51F8040B42F8040BFA
:10C4A000F8E762B60648804708ED00E000C00008E3
:10C4B000D13A010874AE0108000000206804002091
:10C4C00009C40008FFF7FEBF0848004708480047B6
:10C4D0000848004708480047084800470848004700
:10C4E000084800470848004708480047C9C40008F2
:10C4F000D9C60008D1C40008D5C40008D9C40008B2
:10C5000011C50008E1C400087BC500088BC5000800
:10C510001EF0040F0CBFEFF30880EFF30980816970
:10C5200011F8021CD9B901B590E80F10E047BDE839
:10C5300000508CE80300194B93E80600914208BFB5
:10C54000704719B12CE9F00FC1F838C01A60906B30
:10C55000B0E8F00F80F309886FF0020E7047104AC0
:10C5600013689942FAD801B552F821C00FC8E047C4
:10C57000BDE80050CCF80000704701B509F036F86E
:10C58000BDE80140EFF3098CD5E701B508F0F6FFEF
:10C59000BDE80140EFF3098CCDE700008C030020DB
:10C5A000D0AA0108034613F8012B002AFBD1181A60
:10C5B000013870470348044B834202D0034B03B158
:10C5C000184770476804002068040020000000003D
:10C5D0000548064B1B1AD90F01EBA301491002D0E5
:10C5E000034B03B11847704768040020680400201B
:10C5F0000000000010B5064C237843B9FFF7DAFFBE
:10C60000044B13B10448AFF300800123237010BD25
:10C6100068040020000000004CAE010808B5054B7E
:10C620001BB105490548AFF30080BDE80840FFF79E
:10C63000CFBF00BF000000006C0400204CAE01081A
:10C6400008B5EFF3088400F00F030D2B01D1EFF3D1
:10C650000984E3699A0554BF04F1200504F1240517
:10C66000C30658BF483505F009FFEFF3098005F010
:10C6700005FFEFF3088005F001FFEFF3148005F0EC
:10C68000FDFE284605F0FAFE606905F0F7FEA06998
:10C6900005F0F4FEE0690E4C05F0F0FEE06A05F0EE
:10C6A000EDFEA06A05F0EAFE206B05F0E7FEE06B08
:10C6B00005F0E4FE606B05F0E1FEA06B05F0DEFE28
:10C6C00043220020034906F0F9F801F03DFDFEE7A2
:10C6D00000ED00E0ED9101087046FFF7B1FF7047F3
:10C6E00010B5EFF3108472B60023C160826003605E
:10C6F000436084F3108810BD38B50446EFF310850D
:10C7000072B64368C268D1544068A3680130984249
:10C71000606008D30CBF012000203022074906F0DA
:10C72000CDF80020606023683522181A18BF012058
:10C73000024906F0C3F885F3108838BD1992010844
:10C7400070B50446EFF3108672B609C8C01A4FF0F0
:10C75000420218BF01200C4906F0B0F82368E268D5
:10C76000D55CA26801339342236009D34FF047029E
:10C770000CBF01200020044906F0A0F8002323602C
:10C7800086F31088284670BD19920108EFF31081D6
:10C7900072B6426803689A423CBF80681218D01A89
:10C7A00081F31088704738B5EFF3108572B684684E
:10C7B000FFF7ECFF85F31088013C201A38BDF8B56F
:10C7C00015460C460746FFF7E1FF854228BF0546A0
:10C7D0006619B44201D12846F8BD3846FFF7B0FFCC
:10C7E00004F8010BF5E7F8B515460C460746FFF7C8
:10C7F000DAFF854228BF05466619B44201D12846B2
:10C80000F8BD384614F8011BFFF776FFF5E770B561
:10C81000064608460C46FFF7C5FE01303C280DD8F9
:10C820002046FFF7BFFE421C2146304615460CF05D
:10C830001BFA002386F83B30E8B270BD3C22F3E7D8
:10C840000C4B1B68B0EBD30F10D200EB5303013B32
:10C85000B3FBF0F0042883BF09230430B0FBF3F0EE
:10C8600001200023044A537050607047012318468A
:10C87000F8E700BFD401002088040020FF234FF018
:10C8800001100B70704700002DE9F04F0478054649
:10C8900084F080031F2B8B4689B004D800F054FE2F
:10C8A00009B0BDE8F08F04F16003DBB25E2B02D863
:10C8B000FFF7E4FFF4E70B4603F8014B02931D2C4E
:10C8C00000F22D85DFE814F01E009300A700DF00C2
:10C8D0003E0250025E042B051505FB000C012B05E2
:10C8E0002B052B052B052B051101A401BA01CA014B
:10C8F00023023A02D5012B052B052B052B052B0511
:10C900002B05D7014378092B0BD8012B11D9033BF9
:10C910008D1C062B12D8DFE803F0171B2236474C7C
:10C920005000FE2B5CD0FF2B54D0F02B5DD0F12BB0
:10C9300046D08BF8014004F10210B1E7A94928461E
:10C94000FFF765FF0446F4E704F0FAF80146F6E75E
:10C9500006222846A4490CF087F90624E9E7A34BF0
:10C960001B69002BE5D093F8A52193F8A41141EAA7
:10C97000022193F8A62193F8A73141EA024151EA36
:10C980000361DCD1D5E7994B1B69002BD1D093F81B
:10C99000A92193F8A81141EA022193F8AA2193F85A
:10C9A000AB3141EA0241EAE7904BD96F0029C6D189
:10C9B000BFE78E4BD3F88010F8E704F0D5F8C5E751
:10C9C00040238B704223CB700F230B710023042470
:10C9D0004B71AEE740238B7000230224CB70A8E795
:10C9E000042301248BF80230A3E73123F9E74378CD
:10C9F00033B1012B0DD0FF237D488BF801305BE074
:10CA00004FF40062837813F0010F7A4B14BF5A6120
:10CA10001A610023F0E74378012B00F228810122FC
:10CA2000754B1A70734B596821F47001596059683D
:10CA300041F4401159604FF400511961596821F0D7
:10CA400070615960596841F0407159604FF48041FC
:10CA50001961596821F470215960596841F4002125
:10CA600059604FF480511961196821F00F01196064
:10CA7000196841F0070119601A6113464FF001105F
:10CA80008BF8013018E0002101205B4B1970594BE5
:10CA90005A6822F470025A605A685A605A6822F042
:10CAA00070625A605A685A605A6822F470225A605A
:10CAB0005A685A608BF8011000F10110F0E6837893
:10CAC00042784E4942EA03224D4B1B68B3FBF1F317
:10CAD00009210833B3FBF1F35343013BFDD198E740
:10CAE000002302208B704B70E6E78278C378417890
:10CAF000007943EA0023687943EA0043A87943EACE
:10CB0000006312F00100009007D04FF40054394840
:10CB100011F0010F14BF0461446112F0020807D044
:10CB20004FF48044334811F0020F14BF0461446194
:10CB30004FFA82FCBCF1000F05DA0124C8092D4828
:10CB400014BF04614461002B3CD02E48DFF8B8E0EC
:10CB5000834228BF03462A48DEF804500468274869
:10CB6000244EB4FBF0F4B5FBF4F502F004074FEAF1
:10CB7000D11902F020024FEA510A009820B1F06862
:10CB8000C0F34030814208D1B8F1000F0DD0B06839
:10CB9000C0F30030824500F0C883DEF80400B0FB2B
:10CBA000F4F0401B8342E8D80CE0002F00F0C08373
:10CBB0008808F2D1BCF1000F04DAB06800F001007F
:10CBC0008145EAD10B491148CB688A688968C3F36B
:10CBD000403343EAC113C2F3003243EA42038BF805
:10CBE000013069E73C92010878A20108F4A101082C
:10CBF00001000200000C01408804002040420F00A8
:10CC0000D4010020C0C62D00001000E00100060085
:10CC1000AB78407840EA0320EB7840EA03402B7978
:10CC200050EA036008D0AC4B9860FFF709FE002380
:10CC3000AA488BF801303FE7FF23F9E74478811CCD
:10CC4000002C08BF4FF48074204600F06BFD0023D9
:10CC5000E01D8BF80130C00801305EE043789E494A
:10CC600003F003020132C3F380030A774B770023FA
:10CC700004E7FF2302E701240023A0464FF4804B82
:10CC80004B7090F80190964D01F1020A861CB9F1A3
:10CC9000000F02D144EA08400EE716F8010B6A685B
:10CCA00010F03F0708BF402722F070626A606A6890
:10CCB00043B2002BABBF42F040726A606A60C5F8B5
:10CCC00010B0A8BFC5F814B05246314609F1FF397B
:10CCD0000093073700F058FD009BB9F1000F09D110
:10CCE0006A6822F070626A606A6842F040726A6044
:10CCF000C5F814B0002B08F10108B9BF0AEBD70A38
:10CD000004EBD70406EBD70608EBD708BFE7FF23F1
:10CD10004B704278811C01201AB9000440F00100D8
:10CD2000CAE60B78013013F03F0308BF40230733F6
:10CD3000DB085C1C013A21441844EDE7FF234078EE
:10CD40004B7089E74278644B1A74C178827842EA62
:10CD500001229A820279417942EA0122DA82002391
:10CD600060488BF80130A7E6431C03935A4B90F8B8
:10CD700002901B78C41C012B40F0F1814FF0000899
:10CD800046464046584BCD1C83F80080CDF80480C1
:10CD9000B9F1000F16D1012840F0B981002E00F042
:10CDA000C2814D4B504F9E8A0E2007A900F03AFEDB
:10CDB000022840F09D811EB13B78013E002BF3D04C
:10CDC0000220A4E1234613F8017BDFF80CA117F041
:10CDD000020F009300F01881002E43D007F01103DA
:10CDE000012BBAF814200FD1384607A9049200F09D
:10CDF00019FE022819D1049A22B13B4B013A1B7843
:10CE0000002BF1D0022080E016460E2007A900F08A
:10CE100009FE022808D1002EF4D0334B013E1B78C6
:10CE2000002BF2D00026EDE7002601286DD1079BEC
:10CE30001A0A2B706A701A0C1B0EAA70EB70002E67
:10CE400048D03B0645D53046DAF80C3008351A0A8A
:10CE500005F8043C05F8032C1A0C1B0E05F8022CEF
:10CE600005F8013CDFF870C017F01003BCF814A0FF
:10CE700007F0010264D0A178637843EA0123E178E6
:10CE800043EA0143217943EA01630493631D00935C
:10CE9000BCF8164052BBDFF840A0BAF8142007A92E
:10CEA0003846059200F0BEFD0228014632D1059AAF
:10CEB00022B10D4B013A1B78002BF0D0064B9A693A
:10CEC000079B1340049A9A4235D041F01001C8B232
:10CED0001BE030460435C5E788040020010004004B
:10CEE000000C0140010005008404002000213846A8
:10CEF00000F098FD02280AD1BAF1000F05D09F4B2F
:10CF00000AF1FF3A1B78002BF0D0009CEAE00128E0
:10CF1000C1D0FAE70128D1D1079ADAF818301340C6
:10CF2000049A9342CAD0002CC8D0944B013C1B7881
:10CF3000002BB2D0C2E70128E7D14FF000082AE069
:10CF4000002A33D0002EF8D18C4C0021384600F056
:10CF500069FD022809D1BAF1000F00F09E80237804
:10CF60000AF1FF3A002BF0D0CFE70128CDD13E06E1
:10CF700040F1AA804FF000080646814B0435DB687B
:10CF80001A0A05F8043C05F8032C1A0C1B0E05F8C8
:10CF9000022C05F8013C019B01330193774B1B7870
:10CFA000002BB2D1009C09F1FF39F1E6384607A900
:10CFB00000F038FD022809D1BAF1000FA5D06F4B5F
:10CFC0000AF1FF3A1B78002BF0D09EE701289CD194
:10CFD0003C060BD52A466A4BDB68190A02F8043B6B
:10CFE0006970190C1B0EA970EB701546079B043570
:10CFF0001A0A05F8043C05F8032C1A0C1B0E05F858
:10D00000022C05F8013C98E716B3BAF814200E205C
:10D0100007A9049200F006FD022809D1049A002A0B
:10D020003FF473AF554B013A1B78002BEFD06CE700
:10D0300001287FF46AAF079B04351A0A05F8043CFF
:10D0400005F8032C1A0C1B0E05F8022C05F8013C00
:10D05000A278637817F0200F43EA0223E27843EACC
:10D060000243227943EA026304F105020092079326
:10D07000434A03D00026012093618CE7968A384604
:10D0800007A900F0CFFC022809D1002E3FF43DAFE4
:10D090003A4B013E1B78002BF1D0002635E70128E2
:10D0A000FBD1390614D58046DAF80C3004351A0A5B
:10D0B00005F8043C05F8032C1A0C1B0E05F8022C8D
:10D0C00005F8013C002666E74FF00008064662E7D7
:10D0D0008046F7E723789A0708D5DF0606D401349F
:10D0E00009F1FF39B9F1000FF4D154E60534F7E73F
:10D0F00001280CD1079B04351A0A05F8043C05F8F1
:10D10000032C1A0C1B0E05F8022C05F8013C019BA0
:10D11000029A8BF80130039B8BF80200E31AA81ADD
:10D1200040EA0340C8E4B8F1000FF0D0144B134FAD
:10D130009E8A00210E2000F075FC0228E7D1002E07
:10D140003FF43EAE3B78013E002BF2D038E6237828
:10D15000990711D5DA060FD4013409F1FF39B9F175
:10D16000000FF4D1039B8BF80190E01A00048BF8B8
:10D17000029040F002009FE40534EEE784040020B2
:10D18000880400206D4C2378012B4FF0000340F001
:10D19000AB80DFF8ACA190F802808AF80030C37849
:10D1A0000A1D58EA0328009200F09C80077917F0C6
:10D1B000020615D1431DB045B4F814906ED100217C
:10D1C0000E2000F02FFC022801462CD1B9F1000FEF
:10D1D00029D09AF8003009F1FF39002BEFD07AE01E
:10D1E00017F0010137D14346DDF80090A8EB0306A4
:10D1F000CDF80090BBB1013B03D117F0010F18BF70
:10D200000E27A28A07A938460193039200F00AFC70
:10D2100002280146019B32D1039A22B19AF80000FC
:10D22000013A0028EED0009B029A8BF80160360A82
:10D230008BF802608BF80310981A2B799B075BBF61
:10D24000AB78EA7840F4802043EA02235CBF0133E4
:10D2500040EA834030E4A68A0021384600F0E2FB31
:10D260000228014608D1002EDDD09AF80030013E98
:10D27000002BF1D00026D6E70128B4D0FAE7012828
:10D28000D1D1079A09F8042B100A09F8030C100CE5
:10D29000120E09F8020C09F8012CA7E759781A7840
:10D2A00042EA0122997842EA0142D97842EA0162CF
:10D2B000079207A93846019300F0B4FB0228014603
:10D2C000019B0AD1B9F1000F05D09AF8002009F1AD
:10D2D000FF39002AEDD00221A5E70128A3D10433AC
:10D2E000013668E74146C5E703204B708B70CB7071
:10D2F000A3E7124B1B78012B0FD1C278837807A9C3
:10D3000043EA0223027943EA02434279002043EAD6
:10D310000263079300F086FB21E5FF2320E5FF234E
:10D320004FF001100B70FFF7BBBA002F7FF442AC37
:10D33000002A3FF43FAC48093BE400BF88040020CA
:10D3400084040020F8B503787F2B15D10C464FF0EC
:10D35000021604F8023B4578871C4D700DB9304623
:10D36000F8BD21463846FFF78FFA064407EB104711
:10D3700080B2013D0444F1E7BDE8F840FFF784BA0C
:10D380001FB56421344B00225961012133481A70C2
:10D3900098601A749A619983FFF752FA304B9A6930
:10D3A00042F004029A619A6902F004020092009A23
:10D3B0009A6942F008029A619A6902F008020192A1
:10D3C000019A9A6942F010029A619A6902F0100279
:10D3D0000292029A9A6942F020029A619B6903F0D4
:10D3E00020030393039B1F4B5A6822F470025A6078
:10D3F0005A6842F440125A604FF400521A615A6857
:10D4000022F070625A605A6842F040725A604FF4DB
:10D4100080421A615A6822F470225A605A6842F4B3
:10D4200000225A604FF480521A611A6822F00F02EB
:10D430001A601A6842F007021A6019615A6822F4E9
:10D4400070425A605A6842F440525A604FF4006287
:10D450001A6105B000BD00BF88040020404B4C009D
:10D4600000100240000C014000230422C0F81031DB
:10D47000C0F81431C0F80821C0F80C3170470346D9
:10D48000D0F80C0110B5B8B10138C3F80C01D3F8CD
:10D49000140103EB80140C6000F1800133F81110CB
:10D4A000013000F003001160C3F814010120D3F82B
:10D4B00008210132C3F8082110BD007800F17D0376
:10D4C000DBB28C2818BF012B8CBF012000207047D5
:10D4D000F8B50446D0F808010D4617461E4688B335
:10D4E0000846FFF7EAFF10B1012003F011FED4F85F
:10D4F0000831D4F81001013B402F3A46C4F80831F6
:10D50000A8BF4022294604EB80100BF0ADFBD4F8F5
:10D510001011284604EB8111FFF714FFD4F81031E5
:10D5200003F1800224F81200012004EB831201337E
:10D5300003F003033260C4F81031D4F80C31013326
:10D54000C4F80C31F8BD00002DE9F04F037887B026
:10D550000B70803B06460D460D2B00F2D580DFE8B0
:10D5600003F00717233944D3D3D354626C7486CAAB
:10D5700003F0E6FA0646FFF715F8C4B268702246D3
:10D580003146A81C0BF070FB04F58030023008E037
:10D5900004A805F08FF8072204A9681C0BF064FBAF
:10D5A0005B4807B0BDE8F08F002404A805F082F8BE
:10D5B0000422711C03A803940BF056FB039B04A8E0
:10D5C000049305F05DF8204605F088F801235148E2
:10D5D0006B70E6E73E21A81C06F026FE044610B15B
:10D5E000012003F09FFD6C70CEE7447802302146A5
:10D5F00006F008FE012003F095FD0123E0186B7092
:10D6000043EA004000F10110CBE701234B70407862
:10D6100020B903F0A3FD4FF00210C2E70128F8D0B3
:10D6200000234B70F7E701234B7004F0FDFF10B9A6
:10D63000022008F0E3FD3848B3E7407800F0ECFE44
:10D640000022364B68701A80E5E7344C218851B1CE
:10D65000334800F017FF00236870238018B1133897
:10D66000C0B20128E7D800F041FF6870E3E7DFF8B7
:10D67000ACB04478012003F05FFDBBF80030023607
:10D680009BBB94BB2146304600F0FCFE687024E052
:10D69000BBF800003146C0F50077474528BF474634
:10D6A0004844BAB201920BF0DFFABBF80030019A9D
:10D6B0001F44BFB2B7F5007FABF80070A8EB0208BB
:10D6C00016440FD34FF40071484600F0DBFEABF870
:10D6D00000A06870B8F1000FDAD1601C000440F0BF
:10D6E00001008FE785F801A0F4E7A0464FF0000A9B
:10D6F000DFF82C90EEE700234B70407810B901F072
:10D700001FFB88E70120FAE74FF0011049E700BF4F
:10D71000090001000200050002000100A804002029
:10D72000AC0E0020002829D04FF0000C144B70B52F
:10D73000144AD3F804E04FF480464FF40054634693
:10D740000138BCF1000F13D00CF1FF3CDD074CBFDA
:10D750001661566175465461013DFDD175461461EF
:10D76000013DFDD1013808D35B08BCF1000FEBD1BE
:10D770004FF0070C11F8013BE8E770BD704700BFA0
:10D7800088040020000C014010F03F0C08BF4FF04F
:10D79000400C0306F0B540F1A38014464FF400504E
:10D7A0004D4D4E4B696858610A46013AFDD19E685D
:10D7B0000A46C6F300373E461861013AFDD1BCF176
:10D7C000010F00F01A810A465861013AFDD19A68AA
:10D7D0000F461861013FFDD1C2F3003E4FEACE1E55
:10D7E000BCF1020F4EEA861E70D00A465861013A1B
:10D7F000FDD19A680E461861013EFDD1C2F3003298
:10D80000D201BCF1030F42EA5E0200F0F8800E463E
:10D810005861013EFDD19F680E461861013EFDD161
:10D82000C7F3003E4FEACE1EBCF1040F4EEA52028F
:10D8300000F0E8800E465861013EFDD19F680E461B
:10D840001861013EFDD1C7F3003E4FEACE1EBCF188
:10D85000050F4EEA520E00F0D8800A465861013A90
:10D86000FDD19E680A461861013AFDD1C6F3003623
:10D87000F601BCF1060F46EA5E0600F0CB800A46D0
:10D880005861013AFDD19A680F461861013FFDD1F8
:10D89000C2F3003E4FEACE1E4EEA560EBCF1070F11
:10D8A0004FEA5E0E14D00A465861013AFDD19A68DB
:10D8B00018610139FDD1C2F300324EEAC21EBCF13B
:10D8C000080C04F801EB7FF46DAFF0BD4FEA9E1E2B
:10D8D00084F800E0F0BD00BF88040020000C014087
:10D8E0004FF480444FF400524C4B013958684C4B74
:10D8F00011F801EF05461EF0010F0CBF5C611C61C1
:10D900005A61013DFDD105461A61013DFDD1BCF1D1
:10D91000010FDAD01EF0020F0CBF5C611C610546DE
:10D920005A61013DFDD105461A61013DFDD1BCF1B1
:10D93000020FCAD01EF0040F0CBF5C611C610546CB
:10D940005A61013DFDD105461A61013DFDD1BCF191
:10D95000030FBAD01EF0080F0CBF5C611C610546B6
:10D960005A61013DFDD105461A61013DFDD1BCF171
:10D97000040FAAD01EF0100F0CBF5C611C6105469D
:10D980005A61013DFDD105461A61013DFDD1BCF151
:10D99000050F9AD01EF0200F0CBF5C611C6105467C
:10D9A0005A61013DFDD105461A61013DFDD1BCF131
:10D9B000060F8AD01EF0400F0CBF5C611C6105464B
:10D9C0005A61013DFDD105461A61013DFDD1BCF111
:10D9D000070F3FF47AAF5FEADE1E0CBF5C611C618B
:10D9E00005465A61013DFDD105461A61013DFDD153
:10D9F000BCF1080C7FF47CAFF0BD2770F0BD52097C
:10DA00002270F0BD12092270FBE74FEADE0E84F8A7
:10DA100000E05FE7B6082670F0BD00BF8804002074
:10DA2000000C01402DE9F0434D4C8946637800F02D
:10DA30000101002B00F098804FF400554FF4804214
:10DA4000484B1A615D611D61002940F079815A617E
:10DA50004FF40051434A8707516111614FF48041EF
:10DA60004CBF116151614FF400513E4A460751616C
:10DA700011614FF480414CBF116151614FF400516D
:10DA8000384A0507516111614FF480414CBF116163
:10DA900051614FF40051430803EB9003034403EB3F
:10DAA000D003304A13F0010F4FF4804351614FF41B
:10DAB000804511614FF4005114BF13615361294B2C
:10DAC000227F596119615D61596119611D61596157
:10DAD00019615E68944626F070665E605E685E60FE
:10DAE0001D6122B1BCF1010C59611961FAD14FF4E9
:10DAF00000511C4B59619E68196159619F681961F9
:10DB000059619D68C7F30037C5F3003E4FEA8E0E9A
:10DB1000C6F300364EEA470E4EEA060EBEF1010F7E
:10DB2000196100F01F82142525FA0EF5ED0700F1AA
:10DB300036812132013A59611961FBD14FF480419C
:10DB40005A685FFA8EFE22F070625A605A68704618
:10DB500042F040725A6059611961BDE8F08300BF1C
:10DB600088040020000C01404FF480454FF400561B
:10DB70006368634A1F4615615661013FFDD1166116
:10DB80001E46013EFDD1002940F0D88055614FF47A
:10DB900000525B491D464A61013DFDD10A611A46AA
:10DBA000013AFDD14FF4804586074CBF0D614D61B0
:10DBB0004FF4005552491E4642084D61013EFDD1C9
:10DBC0000D611D46013DFDD14FF4804547074CBF17
:10DBD0000D614D614FF4005549491E4602EB90021C
:10DBE0004D61013EFDD10D611D46013DFDD14FF45A
:10DBF000804506074CBF0D614D614FF4005540490B
:10DC00001E4602444D61013EFDD10D611D46013DA0
:10DC1000FDD102EBD00212F0010F4FF480424FF41D
:10DC2000005514BF0A614A61354A194655610139E8
:10DC3000FDD1194615610139FDD14FF480411E46D1
:10DC400051615561013EFDD11E461561013EFDD178
:10DC500011611E465561013EFDD11E461561013E12
:10DC6000FDD1566826F070665660566856601161A0
:10DC700094F81CC0E646BCF1000F0AD01946556165
:10DC80000139FDD1194615610139FDD1BEF1010EF1
:10DC9000F4D14FF400551A4A194655610139FDD1A6
:10DCA0009668194615610139FDD11946556101394A
:10DCB000FDD19768194615610139FDD119465561A5
:10DCC0000139FDD1D2F80880194615610139FDD11D
:10DCD000C8F3003EC7F300314FEA8E0E4EEA410E04
:10DCE000C6F300314EEA010EBEF1010F00F0C18013
:10DCF000142121FA0EF1CE0724D40CF1210C01E0FD
:10DD0000000C0140194655610139FDD119461561D4
:10DD10000139FDD1BCF1010CF4D14FF480415368BD
:10DD20005FFA8EFE23F0706353605368704643F0D1
:10DD30004073536051611161BDE8F083156126E7BE
:10DD40001A6185E6667F002E52D0810745D4BCF16A
:10DD5000000F51D14FF48040516821F07061516043
:10DD6000516841F04071516050614FF4804121226F
:10DD70004FF4005477484161194644610139FDD19F
:10DD8000194604610139FDD1013AF5D14FF48042C1
:10DD9000704B5FFA8EFE70461A61BDE8F083657FB6
:10DDA000002D4CD0840745D4002A4BD14FF480413C
:10DDB0005A6822F070625A605A6842F040725A60A3
:10DDC00059614FF4804021234FF40051614A506162
:10DDD000013B51611161FBD1D8E721211C465561FE
:10DDE000013CFDD11C461561013CFDD10139F5D145
:10DDF000BCF1000F00F093814FF4005455491A46CE
:10DE00004C61013AFDD11A460C61013AFDD1BCF1D9
:10DE1000010CF4D14FF480444A6822F070624A60E9
:10DE20004A6842F040724A604C61002EAED08207D0
:10DE3000ACD49AE72124013C59611961FBD1002A35
:10DE400000F061814FF40051424B013A5961196170
:10DE5000FBD15A6822F070625A605A6842F04072F0
:10DE60005A604FF480425A61002D8FD087078DD4BD
:10DE7000A7E710F0020640F0F980BCF1000F0AD0CD
:10DE8000194655610139FDD1194615610139FDD198
:10DE9000BCF1010CF4D14FF4804E2E494FF0200814
:10DEA0004A684FF4005722F070624A604A6842F0B4
:10DEB00040724A60C1F814E0D9F8002000E052082E
:10DEC000D5074CBFC1F810E0C1F814E01D464F6102
:10DED000013DFDD11D460F61013DFDD1B8F10108A5
:10DEE0001644ECD14FF480411A4AF5074CBF11613A
:10DEF00051614FF40051174A1D465161013DFDD15A
:10DF00001161013BFDD14FF0010E07060AD5124BFE
:10DF1000124A1B681249A2FB03234A689B0CB2FBFE
:10DF2000F3F3E360237C83B14FF480424FF4005558
:10DF3000084960684A6102464D61013AFDD10246D6
:10DF40000D61013AFDD1013BF5D14FF48042014B07
:10DF500021E700BF000C0140D401002083DE1B43F9
:10DF6000001000E010F002054AD11AB1013A5961DF
:10DF70001961FBD14FF480476F4A202153684FF459
:10DF8000005623F070635360536843F0407353604E
:10DF90005761D9F8003000E05B0813F0010F14BF9F
:10DFA00017615761013956611D441661F4D14FF470
:10DFB0008042614BEF074CBF1A615A614FF4005227
:10DFC0004FF0010E5C4B5A611A6106060AD55B4B95
:10DFD0005B4A1B685B49A2FB03234A689B0CB2FBAC
:10DFE000F3F3E360237C002BAFD04FF480404FF479
:10DFF0000051514A5061013B51611161FBD1A4E7CD
:10E00000002720253E465961D3F808C0013DCCF3D6
:10E01000003C66444FEACC7C19614CEA5707F2D1C8
:10E0200059619D68196186EA153616F0010F14BF13
:10E030004FF0080E4FF0010EB9F1000F01D0C9F8F2
:10E04000007032B14FF400513B4B013A59611961F4
:10E05000FBD1394B5A6822F070625A605A6842F01C
:10E0600040725A604FF480425A61AEE74FF00008A8
:10E070004FF0200E4746194655610139FDD1916890
:10E080001E461561C1F30031013EFDD10F44BEF1C2
:10E09000010E4FEAC17141EA5808ECD119465561A9
:10E0A0000139FDD191681561013BFDD187EA113736
:10E0B00017F0010F14BF4FF0080E4FF0010EB9F129
:10E0C000000F01D0C9F80080BCF1000F0ED04FF452
:10E0D00000556268184913464D61013BFDD1134656
:10E0E0000D61013BFDD1BCF1010CF4D1124B5A681A
:10E0F00022F070625A605A6842F040725A604FF4DF
:10E1000080425A6101E74FF480415A6822F0706200
:10E110005A605A6842F040725A60596136E64FF4CC
:10E120008041536823F070635360536843F0407339
:10E13000536051612AE600BF000C0140D401002069
:10E1400083DE1B43001000E0BFF34F8F0549064BF1
:10E15000CA6802F4E0621343CB60BFF34F8F00BF85
:10E16000FDE700BF00ED00E00400FA0500224FF0DB
:10E17000FF334FF0010CF0B5DFF83CE08A4203DBDF
:10E1800093FAA3F0C043F0BD07250024865C0CFA87
:10E1900005F716F0010F47EA040718BF3C46013D9A
:10E1A0004FEA5606F3D283EA04631C0E5EF824405D
:10E1B000013284EA0323E1E7888C010800234FF051
:10E1C000010CF0B5DFF844E0C04390FAA0F09342B0
:10E1D00003DB90FAA0F0C043F0BD07250024CE5C1D
:10E1E0000CFA05F716F0010F47EA040718BF3C4682
:10E1F000013D4FEA5606F3D280EA0460040E5EF851
:10E200002440013384EA0020E1E700BF888C010844
:10E2100000F07CBB0023F0B50D46164689B0CDE971
:10E2200006330593441C06AF05AB01934FF480738E
:10E230003146009328462346029707AA00F09AFF2A
:10E240000628F1D801A353F820F000BF69E20008C6
:10E2500093E2000879E2000829E20008BDE2000824
:10E26000A9E20008A9E20008069A1AB12146059819
:10E2700000F050FA09B0F0BD069A1AB9079BF61AD9
:10E280001D44D1E72146059800F044FA0028F5D056
:10E29000F0E7069A0AB91320ECE72146059800F04A
:10E2A00039FA0028E6D1F6E7053818BF01204FF407
:10E2B000B072034904F002FB1620DBE71520D9E712
:10E2C0004E92010810B540F20112002104460AF0F6
:10E2D000A2FC00F029FF00232370BDE8104000F0ED
:10E2E000E7B900F0E5B908B504F084FB431E5842D5
:10E2F000584108BD08B500231A4600F015F900384A
:10E3000018BF012008BDF0B5044690F830000F4654
:10E310002F28154685B02DD8C0F13006964228BF6B
:10E320001646204432460AF09FFC94F830103144DF
:10E33000C9B22F2984F8301027D9002320461A4665
:10E3400000F0F2F820B3002203AB0093114602ABB9
:10E3500000F028F9D0B90298214694F83020606383
:10E3600000F0D8F990B9636B94F830203744134427
:10E37000AD1B63632A463946606B00F0CBF928B9C0
:10E38000636B14202B44636300E0002005B0F0BDF4
:10E390001C20FBE708B507F001FD054B62221B6856
:10E3A00004491B1A58425841BDE8084004F086BA97
:10E3B000AC0400204E92010800F0A8BAF8B5064659
:10E3C0000F460024074D230139463046EB58984745
:10E3D00030B9631C022B4FF00104F4D10320F8BDC7
:10E3E000E0B2FCE70000002010B500F108040322B1
:10E3F000214607480AF026FC40B103222146054881
:10E400000AF020FC002814BF0320012010BD00BF2B
:10E41000809201088492010870B5144C0646257854
:10E4200035B185220020124904F048FA022070BD5F
:10E43000012801D98B22F5E707F0B0FC0D4B4FF412
:10E440008272186029460C480AF0E5FB01230B484C
:10E4500023700B4B00EB0610186043680648984782
:10E460000028E4D003232370E1E700BFB4040020B8
:10E470004E920108AC040020B804002000000020E7
:10E48000B004002070B5154D04462B780E46012BC4
:10E4900007D0A4220020124904F010FA02242046DA
:10E4A00070BDFFF777FF0F4B21461B6832469B6814
:10E4B0000D4898471328044602D102232B70EEE73B
:10E4C000142800D040B92878B222431E584204498B
:10E4D000584104F0F3F9E2E70323EFE7B404002026
:10E4E0004E920108B0040020B804002010B5094C79
:10E4F000207828B9C022084904F0E0F9022010BDB4
:10E50000FFF748FF054B06481B68DB689847002368
:10E510002370F4E7B40400204E920108B0040020F8
:10E52000B80400200020704730B505461C462F294E
:10E5300094BF0020012085B04722174904F0BEF99E
:10E540000C2205F1200101A80AF08EFB0CB9134B37
:10E550001C70134B029A9A420ED103F17F730198FB
:10E5600003F5823303F28713984212D0FC3BC31A9F
:10E570005842584105B030BD284604F027FA28B16A
:10E5800014B90122054B1A700320F3E7002CF1D0D7
:10E59000FAE70220EEE700BF88920108BC050020E0
:10E5A000089996972DE9F843DDF8208006469946AC
:10E5B00013B1B8F1000F08D1712200202F4904F0E7
:10E5C0007DF902273846BDE8F883002401281C6045
:10E5D000C8F8004015D112B1B1F1006F41D14FF030
:10E5E0000065274B1C68002704F026F808B9012EA7
:10E5F00042D0002FE6D1002C39D1B82220461F4945
:10E60000DDE7032830D11F4B1C696CB304F10C000B
:10E610004278037843EA0223827843EA0243C278CD
:10E6200053EA02620DD14379057945EA03258379DE
:10E6300045EA0345C37955EA036502D1124B1C68CC
:10E64000D1E7417A037A43EA0123817A43EA01431D
:10E65000C17A43EA0163012B01D01430D8E7154693
:10E66000ECE725461A27BFE725461C27BCE7C9F873
:10E670000050C8F80040A5E71C27A3E788920108CE
:10E6800080A20108F4A10108E8A60108032808B542
:10E690000B4607D10549096921B111461846FFF714
:10E6A00041FF08B9002008BD1D20FCE7F4A10108C6
:10E6B00038B50F4D2C783CB1DA2200200D4904F01A
:10E6C000FDF80224204638BD3022FF210A480AF016
:10E6D000A2FA01232B70094B1C70094B1C60094BDB
:10E6E0001C60094B1C60094B1C70094B1C70E9E74E
:10E6F000CD05002088920108CE050020CC05002021
:10E70000C8050020C4050020C0050020BE0500206B
:10E71000BD0500202DE9FF476F4E154632780446AF
:10E72000012A0F4608D00020EF226C4904F0C6F8F9
:10E73000022004B0BDE8F087694B197821B9694916
:10E740001A70086068490860DFF8A08198F8003006
:10E75000002B6BD1644A13685919A34211605BD135
:10E76000DFF88CA1634BDAF800003946C0F13009BC
:10E77000A94528BFA94618444A460AF075FADAF8AE
:10E7800000004F4448442F28CAF80000A5EB0905B3
:10E790004C4447D9A0F130035842584140F211127D
:10E7A0004E4904F08BF84F4A01231268DAF8001042
:10E7B0005048FFF7B9FEDFF8409102AB494989F8AC
:10E7C000000000930122096803ABFFF7EBFE30BBAA
:10E7D00003F042FF38B1464B46491A6899F80000E9
:10E7E000FFF754FFD0B998F800004FF49A7280F008
:10E7F00001003A4904F062F8029800F05BF970B940
:10E80000012388F800303A4B3A491A68354B1868AA
:10E8100000F0B4F950B102E00320CCE71D2003233F
:10E82000337086E798F80030002BECD198F8003070
:10E8300033B12A463946204600F0A0F90028EED12F
:10E840002D4B1B78022B43D0032B03D0012B41D03F
:10E8500000206EE7294B187800283FF46AAF284B58
:10E86000186900283FF465AF00F10C025178137865
:10E8700043EA0123917843EA0143D17853EA0163E3
:10E880000BD15179137943EA0123917943EA01438A
:10E89000D17953EA016002D14BE79C420CD3537902
:10E8A000107940EA0320937940EA0340D37940EAA3
:10E8B00003608442034601D91432D7E700283FF4AD
:10E8C00038AF2C449C42C3D302231320337030E76B
:10E8D0000C4BF6E70C4BF4E7CD05002088920108BD
:10E8E000BD050020C4050020C0050020BE05002095
:10E8F000C8050020CE050020CC050020BC05002066
:10E90000F4A1010800FC010800C0000810B50E4B7E
:10E910001C783CB9204640F26B120C4903F0CEFF44
:10E92000022010BD00221A70094B187808B100F0BF
:10E93000BDF9022CF5D0074B1B78032BF1D0002832
:10E9400008BF2520EDE700BFCD0500208892010813
:10E95000BE050020CC0500202DE9F041DFF8408005
:10E96000044698F800300F4E0F4FBBB90F4B32687A
:10E970001B680F499B68386898470123054688F84B
:10E980000030FF2132680A480AF045F9336828460A
:10E99000B4FBF3F45C433C60BDE8F0810025F0E794
:10E9A0001A06002010060020140600200006002091
:10E9B0001C060020F8B5374E054633685B6998475A
:10E9C000336807469B6928469847044607B140B913
:10E9D00040F235120020304903F070FF0224204637
:10E9E000F8BDB7F5806F8CBF002001204FF49D72F9
:10E9F000294903F063FF4FF48060B0FBF7F07843E0
:10EA0000A0F580635842584140F23B12224903F07E
:10EA100055FFA7428CBF002001204FF49E721E4973
:10EA200003F04CFFB4FBF7F007FB1040B0FA80F0A6
:10EA300040F23D124009184903F040FFB5FBF4F0E5
:10EA4000164BB4F5806F04FB00F01C6028BF4FF438
:10EA50008064134B134F18603368134D1B6A386082
:10EA60002C6033B19847044618B133685B68984707
:10EA7000B5E70E4B1B7833B133683868DB689847CD
:10EA800004460028F1D1FF212A6809480AF0C3F89A
:10EA90000024A4E700060020BC920108080600201C
:10EAA000140600200C060020100600201806002086
:10EAB0001C060020F8B5254E0446357835B14722AE
:10EAC0000020234903F0FAFE02242AE000282AD07D
:10EAD000436843B3836833B3C36823B3036913B391
:10EAE000436903B38369F3B1C369E3B14FF480624F
:10EAF000FF2118480AF08FF80122174B1A70174BA4
:10EB00001D70174B1D60174B1D60174B1D60174B79
:10EB10001D60174B1D60174D23682C6098470446F5
:10EB200018B12046F8BD4D22CAE7134B1B784BB9EC
:10EB30002B681B699847074620B12B683C465B68E9
:10EB40009847EEE701233370EBE700BFFE05002096
:10EB5000BC9201081C0600201A060020190600209D
:10EB600014060020100600200C06002008060020D5
:10EB70000406002000060020180600202DE9F74FAB
:10EB8000404D834695F800800E46B8F1010F1446BB
:10EB900008D000207B223C4903F090FE022003B005
:10EBA000BDE8F08F394F3A7852B9FFF703FF10B143
:10EBB00002232B70F3E7364A87F80080C2F800B0D2
:10EBC000DFF8D080324FD8F800103A68BBFBF1F084
:10EBD000B2FBF1F248434A43904204D05846FFF753
:10EBE000BBFE0028E4D1DFF8B0A03A68DAF80010E4
:10EBF000BBFBF1F0B2FBF1F248434A43904236D1FD
:10EC0000DFF89890D9F80020D8F800100A445A4547
:10EC100004D85846FFF7A0FE0028C9D16CB3204B9A
:10EC2000DAF800101A680A445A4504D85846FFF723
:10EC3000C1FE0028BCD1D9F80000D8F80020194B3B
:10EC40000244A2EB0B02A24228BF2246ABEB00001B
:10EC50003146184401920AF007F8019A1248B2FAB4
:10EC600082F14909017093441644A41ACAE7584630
:10EC7000FFF7A0FE0028C3D09AE72046C7F800B0EF
:10EC80008DE700BFFE050020BC9201081906002098
:10EC900004060020100600200806002014060020AC
:10ECA0000C0600201C0600201A06002070B5194E24
:10ECB000307828B9CC22184903F000FE022070BD3C
:10ECC000012824D10020FFF747FE0446134B1B68A0
:10ECD0005B6898474FF480620546FF21104809F0B1
:10ECE0009AFF01220F4B1A7000230F4A9D4214BF56
:10ECF0002846204613700D4A337013600C4A136087
:10ED00000C4A13600C4A13600C4A1360D7E70024C6
:10ED1000DCE700BFFE050020BC92010800060020D1
:10ED20001C0600201A0600201906002014060020E8
:10ED3000100600200C060020080600200406002013
:10ED400010B5044603F0CEFB014B1C7010BD00BF94
:10ED5000180600204FF4806070470000024B1878BE
:10ED6000431E584258417047370E002008B50B4BE0
:10ED7000187828B983220A4903F0A0FD022008BDB3
:10ED80000020187004F0F6FE28B9064B1B78834269
:10ED900008BF2520F3E71F20F1E700BF370E002052
:10EDA000F0920108360E002038B5174D2C783CB192
:10EDB00062220020154903F081FD0224204638BD5F
:10EDC00022462146204604F0D3FED0B9104B4FF422
:10EDD00080621C700F4B21461C700F4B0F481C703B
:10EDE0000F4B1C600F4B1C600F4B1C700F4B1C60BB
:10EDF0000F4B1C600F4B1C6009F00DFF01232B70A3
:10EE0000DCE71E24DAE700BF370E0020F09201088D
:10EE1000360E0020350E0020340E00201C0A002083
:10EE2000300E00202C0E0020280E0020240E002082
:10EE3000200E00201C0E00202DE9F0415B4D044601
:10EE40002B780E46012B08D0A2220020584903F04F
:10EE500035FD02242046BDE8F081C0F309033BB133
:10EE6000AB220020524903F029FD02232B70F0E76A
:10EE7000B2F5806F02D3C2F3090008B1B222F0E705
:10EE8000B2F5806F02D0B9224949ECE7494B1B78B3
:10EE90007BB9494B187808B9C122F5E7474B1B6885
:10EEA000A34204D8464A12681344A34201D8C72299
:10EEB000D7E7444A137843B1434B44491B68096878
:10EEC0000B44A34201D0CF22CBE7414B4149E31889
:10EED0008B4203D8022320242B70BBE701234FF47D
:10EEE00080671370384B1C60384B1F6004F1784307
:10EEF000B3F5404F53D2384ADFF8E080121BBA42D4
:10EF000028BF3A463146D8F80000FFF757F9344B8E
:10EF1000C8F800009C4206D83A463146314809F00C
:10EF2000A3FE002496E7304B9C4207D03246394678
:10EF3000204601F0EAFD0028F3D0CBE796F8FD2348
:10EF400096F8FC3343EA022396F8FE2343EA024391
:10EF500096F8FF2343EA0263984222D132463946AB
:10EF6000204601F0D2FDF0B94FF0006001F0C4FD81
:10EF700098B939464FF000601A4A01F0C6FD041EE8
:10EF800018BF0124640101F021FE0122174B1A7001
:10EF9000002CC6D002232B705CE71024F3E7232457
:10EFA000F8E72724F6E72024F4E700BF370E002017
:10EFB000F0920108350E0020340E0020300E0020A3
:10EFC0002C0E0020280E0020240E0020200E0020F1
:10EFD000FF43FFF7FE3F0100FCBF00081C0E0020AE
:10EFE000FF0300081C0A002000BC0008360E0020A9
:10EFF0004FF480607047000070B52B4D04462B78AD
:10F00000012B06D0FF220020284903F057FC0220E4
:10F0100070BDC0F3090040B140F20712002023493F
:10F0200003F04CFC02232B70F1E7214A137853B113
:10F03000204B21491B6809680B44A34203D04FF4BD
:10F0400087721A49ECE704F17843A3F54041B1F522
:10F050009E3F03D2022321202B70D9E701214FF4D8
:10F0600080661170134AB3F5404F1460124A16605F
:10F0700014D2B4F1006F20460BD101F03DFD88B9E8
:10F08000314620460D4A01F040FD0028C0D0202026
:10F0900005E001F031FD0028BAD0DBE72320022390
:10F0A0002B70B5E71020FAE7370E0020F092010828
:10F0B000340E0020300E00202C0E002000C000086E
:10F0C000F8B5154D2B78012B07D040F237120020F0
:10F0D000124903F0F3FB0220F8BD114E337843B11F
:10F0E00040F23D1200200D4903F0E8FB02232B7093
:10F0F000F1E74FF000640B4F2046FFF77DFF18B19A
:10F10000022322202B70E7E704F58064BC42F3D190
:10F1100001233370E0E700BF370E0020F0920108B2
:10F12000350E002000C0000838B52522002109480E
:10F1300009F071FD0023084A08491370084C09487A
:10F14000094D0A4A0B600A492B7023700370137033
:10F150000B8038BD480E0020420E0020440E0020D7
:10F16000410E0020400E00203F0E00203E0E0020E9
:10F170003C0E00202DE9F04F85B089460292002216
:10F18000B24DDDF840A0297804460193CAF800206A
:10F1900000EB0906E9B103783A2B19D01346DFF8E2
:10F1A000B0B2FF210E9A0198039309F034FDDAF80A
:10F1B0000000DBF800100F9B091A1960361B029B38
:10F1C000A9EB06061E60039B184605B0BDE8F08F4C
:10F1D0002A70A04B1B78002B40F09480DFF870B2AF
:10F1E000B4423DD09C4D9D4FDFF8748223E00A2B42
:10F1F0001ED0397898F80020B9B313F0100F03F03F
:10F200000F0303F1090000F00F0008BF0346A85CDC
:10F210000343AB5495F800C00132D2B20CF1040E96
:10F22000964588F800202DDBB1FA81F14909397043
:10F230000134A64212D023780D2BF9D03A2BD6D127
:10F2400025220021284609F0E6FC0023854A0134E6
:10F25000A64213703B7088F80030ECD1DAF8003029
:10F260000E9AD31A0E9300239BE7242ADCD813F0BE
:10F27000100F03F00F0303F1090008BF03461B0141
:10F28000AB54D1E7012362461846285C0133DBB258
:10F2900010449E45C2B21846F7DA002A40F0CF80EB
:10F2A000704B1A78002ABFD101221A70AB786A78A5
:10F2B00042EA032252BA92B2EB78100A6A70A8703E
:10F2C0000D2BB1D801A050F823F000BF49F300087E
:10F2D000A3F3000869F3000829F20008BFF300084F
:10F2E00029F2000829F2000829F2000829F2000892
:10F2F00029F20008AFF3000829F2000829F20008FB
:10F3000049F30008544D00232946019F514A3846CD
:10F31000137011F8042B09F0A7FC2978DAF80030F3
:10F32000DFF82CB10F440B440197CAF80030DBF82A
:10F3300000206878AD786FF30F0240EA05200243A1
:10F340000A44CBF800204BE7474B1B88002B50D0DA
:10F350004649098899424CD045490988994248D084
:10F3600001233A4A137079E70E9BDAF80020FF2157
:10F370009A1A019809F04FFCDAF80010DBF8002027
:10F38000331B521A0F99A9EB03030A60029A136008
:10F390006A792B79120142EA03320223CBF800206A
:10F3A00012E70E99DAF800208A1A0E92F9E66A79C5
:10F3B0002B7943EA02232C4A5BBA138034E70E9B75
:10F3C000DAF80020FF219A1A019809F024FCDAF8F3
:10F3D0000010DBF80020331B521A0F99A9EB03032E
:10F3E0000A60029A13606A792B79120442EA036276
:10F3F000D3E7DBF800100B0C1B04134399423BD1FD
:10F400000023144962460B7001981A4909F02CFC3C
:10F410002A78019B697813440193DAF80030134489
:10F42000CAF80030A878DBF8003041EA00216FF319
:10F430000F030B4313443978CBF80030F4E60E9AEF
:10F44000DAF80030D31A0E930423AAE63E0E002009
:10F45000440E00203F0E0020480E0020420E0020E7
:10F46000410E0020400E00203C0E0020380E0020EF
:10F470003A0E00204C0E00200123054A013413707F
:10F480000E9ADAF80030D31A0E93022389E600BFF1
:10F490003F0E0020024B0021186806F039B800BF6B
:10F4A000740E0020014B186806F046B8740E002058
:10F4B00008B506F073FC064B40F269121B6805495B
:10F4C0001B1A58425841BDE8084003F0F7B900BF85
:10F4D000700E00202593010838B5104C104D0FCD4B
:10F4E0000FC40FCD0FC495E8030084E8030000F0BB
:10F4F0002DFB0C4801F04EF901F0E8F84FF40072D2
:10F50000094B1860094B400A1A600122084B1A6027
:10F51000084B094A1860094B1A6038BD800E00205C
:10F52000A8A201082DF70008182C0020142C002098
:10F53000102C00200C2C0020AC0E0020082C0020E9
:10F540007047000010B50446FFF7A4FF054B3CB11F
:10F550001A780AB902221A70BDE81040FFF7A2BF5C
:10F560001C70F9E77C0E002008B5FFF793FF074BEE
:10F570001978074B1A788A4203D1022A04BF012264
:10F580001A70BDE80840FFF78DBF00BF7D0E002058
:10F590007C0E00202DE9F047064613380128444C24
:10F5A00094BF002001204FF43A72424903F086F9DB
:10F5B00094F82030032B07D1BDE8F0474FF43B729D
:10F5C00000203C4903F07AB92368002B4CD0A56990
:10F5D000E269AA4248D325B16568A268AA1A5542D1
:10F5E000554194F8268084F82550002B3ED194F89C
:10F5F0002790B9F1030918BF4FF00109002D38D049
:10F6000094F82470236994F823A0013333D0606800
:10F6100040F20A32013018BF0120264903F04EF9AA
:10F62000626823699B1A6269B2EB432F8CBF012386
:10F63000002316B3032384F8203094F82030032BE2
:10F640000BD194F821302BB1FEF750FF002384F842
:10F65000213006B13046184B1870B8F1000F25D193
:10F66000BDE8F047FFF780BF0025BAE74FF001097A
:10F67000C4E72F46C6E70023DBE7B8F1000F0AD046
:10F680003BB987F00107BF00FFB2994518BF3E465E
:10F69000D0E70626CEE71AEA050FCBD10FB1022339
:10F6A000C9E7B9F1000FC8D00123C4E7BDE8F0876E
:10F6B000800E002025930108A80E002030B4194CBC
:10F6C00094F82050032D06D130BC40F235220020A2
:10F6D000154903F0F3B8256805B92060A06801302A
:10F6E00094F8270008BFA1600328A06908BF84F828
:10F6F0002730904207D9E069904204D91AB103201B
:10F7000030BCFFF747BF481C02D0A0688842F6D142
:10F71000032B03D094F827109942F0D10020A26166
:10F72000EEE700BF800E0020259301082DE9F0418F
:10F73000324C1D4680460F46164600F087FA94F874
:10F740002030032B40D0022F15D12468B4423BD186
:10F75000284601F011F80646284600F0E7FF054666
:10F760004046FEF741FE3246034629462046BDE8A4
:10F77000F041FFF7A3BFCFB94046FEF735FE03289F
:10F7800022D0284601F003F883071DD44046FEF737
:10F790002BFE0746284600F0EFFF0446284600F0FF
:10F7A000C5FF3B46014622463046E0E7012F0BD11C
:10F7B0002368B34208D194F822303BB100234FF0C4
:10F7C000FF322360A260A361BDE8F0810C4D0FCD34
:10F7D0000FC40FCD0FC495E8030084E80300FFF7C2
:10F7E00059FE084B1A78012A04D1074A1278022AD6
:10F7F00008BF1A70BDE8F041FFF754BE800E00202C
:10F80000A8A201087C0E00207D0E0020F8B5404E15
:10F81000404C0546FFF74CFEFFF73CFE327823785C
:10F820009A4203D1BDE8F840FFF73CBE40F2F9121E
:10F830000120394903F042F83378022B45D1374B88
:10F8400093F82030012B54D008D9023B012B05D965
:10F8500040F20B220020304903F030F84FF4FA73E5
:10F860004EF65F202E4A1168814203D80D4499421A
:10F870001560D7D925783778012D08BF0223357058
:10F880004FF0000608BF23701660FFF70BFE022F33
:10F8900016D1224C94F82030032B05D0012330469A
:10F8A00084F82630FFF776FE94F8200040F211121B
:10F8B000C31E58421849584103F000F800F064FA9A
:10F8C000012D1CD9022D1ED0F8BD23B92378022B9F
:10F8D00008D10023C4E7012B04D12378022B0BD0DD
:10F8E000002BF6D040F21B2200200B4902F0E6FF6D
:10F8F000EFE744F62063B3E740F6C413B0E7002215
:10F90000084B1A60E0E7FFF7E7FD0122054BF8E737
:10F910007D0E00207C0E002025930108800E002023
:10F92000780E0020202C002008B5FFF7C1FD014B08
:10F93000187808BDA80E002008B506F02FFA094B6C
:10F940001860002005F0D2FD074B1860FFF7C4FDDA
:10F950000023064A1370064A1370064A1360064ACB
:10F96000136008BD700E0020740E00207D0E002074
:10F970007C0E0020780E0020202C002070B504465C
:10F980000D461646FFF794FD064B1B684BB1012050
:10F9900001F0D2FB324629462046BDE8704000F017
:10F9A000FFBE70BD202C00202DE9F04105468846A1
:10F9B0001646FFF77DFD534B1B68CBB10022524B1F
:10F9C000524C1A6094F82030032B11D0012001F022
:10F9D000B3FB32464146284600F00EFF94F8203033
:10F9E000032B05D094F8223023B163689D423DD2A9
:10F9F000BDE8F08140467102FEF7E0FC03280746AF
:10FA00002DD094F8210040F28522414980F0010078
:10FA100002F054FF681C40F2862218BF01203C49C6
:10FA200002F04CFF63685A1C94F8272004BF2B4651
:10FA30006560032A0ED184F827709D420CD13846A8
:10FA4000FEF7EAFC48B90123E56084F8213084F828
:10FA5000223002E09D4207D00320FFF79BFD94F87F
:10FA60002230002BC4D0C0E7BA42E7E7E3689D42EA
:10FA70000AD0BDD22369B3F1FF3F08BF2B469D4298
:10FA800094BF25612361B3E7E369770203EB462363
:10FA90002E44E66094F82360E36126B10020BDE8BF
:10FAA000F041FFF777BD4FF431720120184902F0A1
:10FAB00005FF40F2C522164994F8210002F0FEFE2F
:10FAC00039464046FEF7DEFC1328054610D1FEF706
:10FAD0000DFD0123054684F8216084F8233084F865
:10FAE0002430FFF72DFD636928463B446361D6E768
:10FAF000142803BF0123354684F8243084F8246099
:10FB0000F1E700BF202C0020780E0020800E00209E
:10FB100025930108002203461146104618470000AD
:10FB200070B5064607480D46FCF73CFD04462DB16E
:10FB300036B902460349284609F096F8204670BDBA
:10FB40000024FBE7579301087047000037B52E4C9F
:10FB50002E4B204610F81F2F4FF08061002A08BF5F
:10FB6000184600F0DBFC2A48FFF7D4FF00220346CA
:10FB700014F8145F27482649954218BF204600F024
:10FB8000F7FE2548FFF7C6FF002203462249234817
:10FB900000F0EEFEFFF7C8FE40B12148FFF7BAFFC4
:10FBA000002203461E491F4800F0E2FE41211E4B81
:10FBB0001E4A1F4802F024FC58B11E48FFF7AAFF56
:10FBC0001C49034600221C4800F0D2FE002100F030
:10FBD000ABFD4FF00063009303F5404301930098A1
:10FBE0004FF48062019908F0EDFF044640B91348D4
:10FBF000FFF790FF224603461049114800F0B8FE77
:10FC0000FFF7A2FF03B030BDF4A10108C3930108C0
:10FC1000FDFE0008CF93010861020108DB93010893
:10FC2000C1FF0008E7930108B0100020B2100020C7
:10FC3000B4100020F900010864A3010821FB0008AA
:10FC4000F39301080020704700207047F7B507467E
:10FC50000C46FFF7F7FF20B904F002F918B1022CA7
:10FC60000AD103B0F0BD04F003F90028F7D102F087
:10FC7000E3FC0028F3D1F4E7002C6CD101233846D3
:10FC80000DF107018DF80730FFF7DEFFF8B94FF0EF
:10FC9000FF35394E0B223846316808F093FF00B922
:10FCA00035790134102C06F10806F3D16B1C1AD0FB
:10FCB0000F2D49D8DFE805F008120B1B24282A2E47
:10FCC0003034363A3C404246012002F055FB9DF864
:10FCD0000730002BC5D0FFF747FCC2E7E222002027
:10FCE000264902F0EBFD00238DF80730EFE7244BA7
:10FCF0001C68236898472369984763689847E6E734
:10FD0000012002F079FCE2E70020FAE7012002F08E
:10FD100079FCDCE70020FAE7012002F079FCD6E765
:10FD20000020FAE7002002F0D1FBD0E70120FAE73B
:10FD3000012002F073FCCAE70020FAE7012002F07C
:10FD4000D1FBC4E70020FAE74FF4887200200B498A
:10FD500002F0B4FDBBE7012C83D10B2238460949E0
:10FD600008F030FF00287FF47CAF02F0C4FD03B040
:10FD7000BDE8F040FFF7F8BBE4A20108FF930108DB
:10FD8000E8A6010864A3010808B502F031FB30B110
:10FD9000FEF7DAF9044A13680133136008BD02F074
:10FDA0009BFB0128F6D1F3E7AC1000202DE9F04FC2
:10FDB000A5B004AE039088469146002180223046CB
:10FDC0002E9C9A4608F027FF3146631E7E3413F8B6
:10FDD000012F1AB1A34201F8012BF8D135462B7837
:10FDE000402B0ED05BB9AD1B53464A4641460398A3
:10FDF0000195009602F02EFD25B0BDE8F08F01358B
:10FE0000EDE76B78562B33D8412B01D8384C37E0CF
:10FE1000423B142BFAD801A252F823F0BFFE00088F
:10FE20000DFE0008D1FE00080DFE00080DFE0008C2
:10FE30000DFE0008C5FE00080DFE00080DFE0008BE
:10FE40000DFE00080DFE00087BFE00080DFE0008F8
:10FE50000DFE00080DFE00080DFE0008DDFE000886
:10FE60000DFE0008CBFE0008B9FE0008D7FE000812
:10FE7000623BDAB2142ACCD9C8E700F079FE044616
:10FE80002846FCF78FFB07462046FCF78BFB3B1808
:10FE9000023B2B4424AA9A42834627D9BA1EA91CA6
:10FEA000281808F09FFE5A462146284608F0DCFE36
:10FEB0002B78002B93D196E700F042FEDFE700F0AD
:10FEC00043FEDCE700F044FED9E700F045FED6E74C
:10FED00000F046FED3E700F047FED0E7054B064CA6
:10FEE00013F82A2F002A18BF1C46C9E73D447AE7B9
:10FEF0002E940108F4A1010834940108F7B50F46C7
:10FF0000F0B9114B4502560231462A460093384655
:10FF1000002302F0BEFC0D4B04462A4631460093F6
:10FF200003463846FFF742FF094B044400932A4634
:10FF300023463146384602F0ACFC204403B0F0BD05
:10FF40000029DED00020F9E76D9401083D950108F5
:10FF5000409501082DE9F7430A9C98460094054610
:10FF60000E4617464FF0020902F093FC124B3A4638
:10FF700031460093044608EB0003CDF80490284670
:10FF800002F068FC0B9B04443A4631460093284635
:10FF900008EB040302F07DFC084B044400933A464E
:10FFA00031462846CDF8049008EB040302F052FCD9
:10FFB000204403B0BDE8F0836D9501080C9601085C
:10FFC0002DE9F74F0E4615460446FFF7ADFC0746F0
:10FFD00000F076FD8046384600F086FD074654BBAB
:10FFE000284B64026D0222462946CDF80480009316
:10FFF00030460023FFF7AEFF234B83460093224693
:020000040801F1
:1000000003462946304602F044FC4FF00109DFF870
:100010007C80834408F1140A8FB9022201921C4AA1
:100020005B46009229462246304602F013FC5844B3
:1000300003B0BDE8F08F002ED2D00020F8E7D04505
:10004000EBD0B9F1000F0AD102230193114B2246E4
:10005000009329465B46304602F0FCFB8344FB07D5
:100060000BD5D8F800205B46009229462246304640
:1000700002F00FFC4FF000098344C7F3470708F173
:100080000408C9E76395010869950108D0A2010831
:100090000C9601087095010870B4049E044D054C3F
:1000A000002E18BF2C46049470BCFFF753BF00BF4E
:1000B0009BA10108739501082DE9F04186B003ACBE
:1000C00005460E4620460D999846174602F082FBDB
:1000D00000F118030DEB0300002300F80C3C0C9B0F
:1000E0003A4600933146434628460194FFF732FFD3
:1000F00006B0BDE8F08100002DE9F04F002487B084
:100100008846029438B9394B46021B785702012BB6
:1001100007D1374D09E00029F5D0204607B0BDE8EA
:10012000F08F022B334D18BF0025334B3246394632
:1001300000934046002302F0ACFB304B0446019391
:100140002F4B32463946009303464046FFF702FFE5
:100150002C4B04441B88324601932B4B39460093A9
:1001600040462346FFF7A8FF04444DB1274B3246D3
:1001700000933946234640460195FFF7EBFE0444C1
:1001800002A802F095F982460028C6D0029B002BF7
:10019000C3D01F4B3246009339462346404602F0F7
:1001A00078FB00254FF00A0B04440DF10C0904F113
:1001B0000A03B3F5007FB0D20A221649484608F078
:1001C00053FD029B484653F8251002F0EDFA2346F2
:1001D000324639464046CDE9009B02F03BFB0135F3
:1001E000EBB29A450444E2D897E700BFB010002074
:1001F00075950108809501088C950108B4100020C0
:1002000095950108B21000209A9501089F95010864
:10021000A6950108889001082DE9F0410024984630
:1002200047F6300305460E46174686B00D990DF188
:100230000E0003930494ADF814408DF8164002F0BC
:10024000B3FA03AB01930C9B3A4600933146434605
:1002500028468DF81640FFF77DFE06B0BDE8F08118
:100260002DE9F0460F46664B85B0550246023246F0
:10027000294600933846002302F00BFB614B0446ED
:1002800032462946009303463846FFF78FFD5E4B02
:10029000044432462946009338462346FFF786FD3C
:1002A000044402F0C1F9594B3246294601900093AB
:1002B00038462346FFF7F0FE044402F0BDF9544BE4
:1002C000324629460190009338462346FFF7E4FE64
:1002D000044402F0B9F94F4B32462946019000938D
:1002E00038462346FFF7D8FE044402F0B5F94A4BDE
:1002F000324629460190009338462346FFF7CCFE4C
:10030000044402F0F5F8454B32462946019000932B
:1003100038462346FFF7C0FE414B04443246294687
:1003200000933846234602F0B4FA3E4B044400934F
:100330003246234629463846FFF738FD044400F08C
:100340001FFC08B34FF0060A0DF108095246364962
:10035000484608F089FC354B32462946009338461A
:10036000234602F096FA044400F03AFD04220146C6
:10037000484602F059FA2346324629463846CDE926
:10038000009A02F067FA0444294B3246009329464A
:100390002346384602F07DFA044400F0F1FB58B1E0
:1003A00000F008FC234B0190009332462346294677
:1003B0003846FFF731FF044400F002FC1E4B324682
:1003C00029460190009338462346FFF725FF1B4B33
:1003D00004441B6832460193194B29460093384662
:1003E0002346FFF769FE174B044400933246234629
:1003F00029463846FFF7DAFC204405B0BDE8F08610
:10040000B19501080F9601081F9601082C96010866
:10041000379601084A9601085D9601087A96010808
:1004200087960108A196010892900108B9960108E3
:10043000CE9601083897010847970108AC100020B4
:1004400055970108639701087047704710B554022B
:1004500008462246002108F0DEFB204610BD0000C1
:1004600008B540B908464FF40072044908F0FCFB97
:100470004FF4007008BD0020FCE700BFD01500203D
:1004800008B540B908464FF40072044908F0ECFB87
:100490004FF4007008BD0020FCE700BFD01700201B
:1004A00083185B02B3F5806F70B506460D4614469F
:1004B00007D9002040F263220A4902F0FFF9002028
:1004C00070BD4FF400720021284608F0A4FB36B935
:1004D000054B28461A680549520108F0C5FB600221
:1004E000EEE700BF4A980108FC1000200D11002023
:1004F00043000133B3F5007F05D340F239120020E9
:10050000044902F0DBB9044A02F81010090AD15478
:10051000704700BF4A980108D01500202DE9F84F18
:100520004FF0000A8B46DFF868914FF4007200210B
:100530008046484608F06FFB564F4FF4007200218A
:10054000554808F068FBC02251465448C7F800A03F
:1005500008F061FB4FF480625146514808F05BFBA4
:10056000504B514A83F800A0504B514E514D524CC4
:100570001A6052494FF400724846C6F800A0C5F808
:1005800000A0C4F800A008F06FFB0BF5803141F229
:100590005A0B99F80C2099F80B3043EA0223B1FB6F
:1005A000F3F199F80D300BFB03F28A4267D94FF44F
:1005B000AB724349504602F081F999F80D300BFBBC
:1005C00003F1B1F5803F2CBF0A460846B1FBF3F1B9
:1005D0002CBF00200022490089F8130001F2FF110E
:1005E000000ADFF8B8A089F81400490A100A89F84F
:1005F000202089F8210089F81610100C090A120E23
:1006000089F8220089F8232089F8171030222D4913
:10061000504608F029FB99F8172099F81630012068
:1006200043EA022304222A60DAF808205B02CAF8AF
:100630001430CAF8203002EB4302DAF82C304FF6BF
:10064000FF711A442260F822134B38601A70FF229F
:100650005A70FFF74DFF3B68202201333B600023B7
:1006600019490F48336008F0FFFA0B2241460C4845
:1006700008F0FAFA336801333360BDE8F88F4FF6BB
:10068000917B0BFB03F28A429BD240F2591290E716
:10069000D017002000110020D015002010150020D8
:1006A0000D1100200C1100204B040108081100203E
:1006B000FC10002004110020F8100020ECA3010819
:1006C0004A980108BCA301089AA3010810B5144B6D
:1006D000DA7C197D52EA012206D0DC7A1B7B44EADF
:1006E00003245443204610BD93F8212093F8204062
:1006F00044EA022493F8222044EA024493F8232097
:1007000054EA026405D0DA7A1B7B42EA03235C4395
:10071000E8E740F289122046024902F0CFF8E1E70B
:10072000D01700204A980108C172704710B5427F67
:10073000037F43EA0223827F43EA0243C27F53EAF4
:10074000026311D0C27E0A49837E4C7B43EA0223B6
:10075000CA7A097B023B42EA012206490868B0FBDB
:10076000F2F004FB030010BD4FF0FF30FBE700BFC9
:10077000D0170020F8100020427F037F43EA0223B5
:10078000827FC07F43EA024343EA00607047C07A39
:1007900070470000014B1860704700BF081100202F
:1007A0002DE9F04789460446154600214846520285
:1007B00008F031FA00270F4E06F1C00A3846B36838
:1007C000844207EB53270ED3A7420CD9A7EB0408AA
:1007D000A84528BFA846201A42464946336898478C
:1007E0004444A5EB080515B10C36B245E6D1BDE889
:1007F000F08700BF101500202DE9F74F00270446B1
:100800008B46154638464FF00C0ADFF84C80DFF86F
:100810004C90D8F80020FBB29A4202D803B0BDE851
:10082000F08F0AFB03939E68844200EB56260DD39B
:10083000B4420BD2321BAA4228BF2A46201A59467C
:100840005B6801929847019A1444AD1A0137002D54
:10085000E4D03046DDE700BF041100201015002071
:100860007FB50378E52B10D07BB1202B0DD0461E31
:1008700000F10A0416F8015F102268460D4908F0DD
:10088000F3F9A5F16103192B02D8002004B070BD63
:100890001F2D01D8052DF8D16A4600231178A942F1
:1008A000F3D00133102B02F10102F7D1A642E1D1BE
:1008B0000120EBE77B9801082DE9F84F83185B02D4
:1008C000B3F5806F894607D9BDE8F84F4FF41F7222
:1008D0000020244901F0F2BFB0FA80F4224B6409F1
:1008E00003EB402B214F4FEA422A0BEB441601EB5E
:1008F0004415B4EB5A1F06D3524649465846BDE844
:10090000F84F08F0B1B920222946304608F05AF9CC
:10091000B0B10B222946304608F054F92B468046E8
:10092000324602212846D7F800C0E0472B78E52B55
:100930000AD12B46324601213046D7F800C0E047A5
:10094000013420362035D4E7B8F1000FF8D028461E
:10095000FFF786FF0028F3D02B46324600212846B9
:10096000EBE700BF4A9801080D1100200811002094
:100970002DE9F74F1D46DFF81C818A46914600900D
:10098000FFF76EFF40F29512434901F097FF98F888
:100990000C2098F80B3043EA022398F80D205343BB
:1009A0005F1E2F44B7FBF3F74DB33C4C4FF0000BE9
:1009B00026687A1E30465A4515D84FF6FF71FFF764
:1009C00097FD236801332360354A13681F2B18D91C
:1009D0004FF4D5720020304901F070FF002420460A
:1009E00003B0BDE8F08F411C89B20192FFF780FD92
:1009F0002068019A013020600BF1010BDBE72E46E5
:100A0000E2E7284C284904EB4314013313602046E5
:100A1000202208F029F90B222046009908F024F939
:100A200022482B0A026863772B0CA377330C2577B7
:100A300023752D0E1B0AA6760F2A4FEA1626E57798
:100A40006375E67602D94FF4DC72C3E7184B194997
:100A5000BAF1000F14BF55461D460C235343CD5029
:100A6000154D1944B9F1000F18BF4D464D6098F867
:100A70000C5098F80B30013243EA052398F80D50DA
:100A800002606B437B430D4A8B6013780133137014
:100A9000A5E700BFD01700204A98010800110020E8
:100AA000FC1000200D1100207AA301080411002081
:100AB0004D04010810150020490401080C11002004
:100AC000272808B503D8054B53F8200028B9002083
:100AD000F722034901F0F2FE024808BD14A60108FE
:100AE0008C9801080E96010827289ABF014B185CC4
:100AF00001207047ECA5010810B5EFF3108472B621
:100B000003F03AF884F3108810BD10B5EFF31084A9
:100B100072B603F04DF884F3108810BD00F17843ED
:100B2000B3F5003F09D201F1784101390144B1F533
:100B3000003F2CBF002001207047002070470000BC
:100B4000004870479B1A002000487047891A00200F
:100B500000487047631A002000487047421A00207E
:100B600000487047391A002000487047341A0020A6
:100B7000004870478E1A002000487047D0190020A6
:100B800008B50C210848FFF7C9FF50B14FF00063CA
:100B9000064A196A914205D1586A054BC31A584250
:100BA000584108BD0020FCE720000008939D939B5E
:100BB00008999697014B1868704700BFD41A002017
:100BC000014B1868704700BFD01A0020002370B591
:100BD000154E164D164C4BF6FC714FF0006033600D
:100BE0002B602360FFF79AFF30B14BF6FC714FF09A
:100BF0000060FDF7BBFA30600E490F48FFF78EFF2B
:100C000020B10C490C48FDF7B1FA28604FF480611F
:100C10000A48FFF783FF28B14FF480610748FDF7CA
:100C2000A5FA206070BD00BFD41A0020D01A0020A1
:100C3000CC1A0020FC3B010000C0000800FC0108A9
:100C40002DE9F041FFF7C2FF5A4803F015F905F00E
:100C500081FA052200210546574807F0DCFF2122D2
:100C60000021564807F0D7FF21220021544807F001
:100C7000D2FF09220021534807F0CDFF05220021B1
:100C80004D4807F0C8FF04240026DFF828814B4FA9
:100C9000B81958F8041B01F087FD013C064414F014
:100CA000FF04F6B2F4D1BC552646474FDFF8108159
:100CB00008EB040057F8041B01F076FD0136F6B28C
:100CC0002044042EC4B2F3D1002740493D4808F81F
:100CD000047001F069FD3B4BC0B21F5405F008FAE7
:100CE00032460146344807F0BFFF334B384E1F7180
:100CF000C5F30F33092B8CBF573330333370C5F333
:100D00000323092B8CBF57333033737001F0E4FB9E
:100D10000128C5F3031441D144F0080430222D4BBF
:100D2000092C1A704FF032025A704FF035028CBF06
:100D3000573430349A70B4703922002405F00F050E
:100D4000092D8CBF57353035DA70214631222248C3
:100D50001C71F570347107F05EFF17491E4807F0EB
:100D600062FF1B491C4807F05EFF14491A4807F050
:100D70005AFF1449184807F056FF1748FBF712FCB2
:100D8000C0B2164B421C52001A70032225465A70FC
:100D9000114AE1B2884206D8BDE8F08105F0FEF9BB
:100DA0000028B9D0BAE712F8011BDD709970013440
:100DB0000233EEE7E81A0020891A0020631A0020A7
:100DC000421A0020391A0020D81A00200899969754
:100DD000841A0020341A00209B1A0020D019002009
:100DE00008B5FFF7CDFE10B14FF00063986A08BD5B
:100DF0007047000010B50A4C0221206804F0E2FFA1
:100E0000084A1368591C1160074A5343B3F1553F10
:100E100005D820680121BDE8104004F0D3BF10BD03
:100E2000CC1E0020F81A0020ABAAAAAA704770476F
:100E30007047000038B50E4C237843B103F018F822
:100E4000054680B9022005F0D9F925700BE003F0C2
:100E50000FF848B1074B1B68DB69984718B905F0D4
:100E6000CDF90123237038BD2378002BFBD0E5E7B3
:100E7000FC1A0020E8A60108704770472DE9F84FDA
:100E800001F00AFA02F0BCFE002002F0DBFF8F4CFA
:100E9000002002F0E1FF002002F0E0FFFCF770FA12
:100EA00020884FF49472461E70428949704101F0C7
:100EB00005FDE36E03B1984705F080F9854B1B688B
:100EC00013B1DB6803B19847E468A50702D5012098
:100ED00000F090F9E40702D50120FDF731FFFFF79C
:100EE000AFFEFFF785FF07F0A1F901F0F5FAB0FAC0
:100EF00080F04009FEF726FB002007F0A5F901214C
:100F00000027754D0022754B7548297005F07CF857
:100F1000032105F08DF816244FF00B08B946BA46A8
:100F2000DFF8C0B14FF0FF32002140F63F2004F05F
:100F300079FF0646B00507D56B4B1B7813B101202E
:100F400003F016FD03F084FC710702D5022005F0C2
:100F500055F9F20613D5032005F050F9002002F0F0
:100F600089FF002007F070F9002002F06BFF0020DD
:100F700002F072FF002002F071FFFFF77DFFB30661
:100F800002D5032005F03AF9300501D501F0CDFB7B
:100F9000310701D5FFF771FFF20711D55A20FEF78F
:100FA00035FC2B78052B0BD8DFE803F07352736107
:100FB0000A030020287002F05DFF002007F044F9CA
:100FC000B307AFD5FFF736FFFFF732FF474B1B786C
:100FD00093B1474B1A78511E012963D8BAF1000F1B
:100FE00064D0012A03D1002240491A700A704FF0E0
:100FF000000A504602F026FF9BF8003083B13D4BBB
:101000001A78511E012954D8002F56D0012A03D135
:1010100000228BF800201A700027384602F01EFFCD
:10102000354B1A78002A3FF47DAF344A1178481EB8
:10103000012844D8B9F1000F44D0012902D1002180
:10104000197011704FF00009484602F005FF69E77A
:10105000B8F1000F02D0B8F10108B1D1012007F0BA
:10106000F3F8032316244FF000082B70A8E707F0CD
:101070000DF928B1012002F0FDFE02232B709FE73D
:101080000CB1013C9CD10024012002F0F3FE2C7035
:1010900096E707F0FBF80028EFD116244FF00B0875
:1010A00028708DE70023114A1370A0E74FF0010A62
:1010B0009FE700238BF80030AEE70127ADE7002261
:1010C0001A70BFE74FF00109BEE700BFF4A10108A5
:1010D0001EA0010814290020FE1A0020B4A6010851
:1010E000F50D0108FF1A0020FD1A0020011B002049
:1010F0002200002020000020001B002021000020F2
:10110000024B0421186804F05DBE00BFCC1E002015
:101110000122024B1A70024B18707047011B00200D
:10112000220000200122024B1A70024B18707047F7
:10113000001B0020210000200122024B1A70024BEC
:1011400018707047FF1A002020000020024B4FF457
:101150000061186804F036BECC1E0020014B1870E8
:10116000704700BFFD1A0020024B4FF40071186851
:1011700004F028BECC1E002008B5084A084B9A602F
:1011800002F086FE03F00CFD0021064A064804F03A
:10119000F3FD064B186003F017FDFEE700C00008E2
:1011A00000ED00E0C4A601087D0E0108CC1E002061
:1011B0004FF0FF3307B533206946CDE90033FCF724
:1011C000B1FA03B000BD0000094B5A6822F4700266
:1011D0005A605A685A605A6822F070625A605A68B7
:1011E0005A605A6822F470225A605A685A607047EE
:1011F000000C0140014B1870704700BFD81E002042
:10120000002310B5DCB2A24200D810BDDC0021FAE8
:1012100004F4C4540133F5E770B505460E46642462
:1012200031462846FCF7FEFB022803D1013C14F0AE
:10123000FF04F5D170BD13B504220C460146684683
:10124000FFF7DEFF69460520FFF7E6FF012802D021
:10125000002002B010BD0F2001A9FFF7DDFF01281B
:10126000F6D10E2001A9FFF7D7FF019B2360431E93
:1012700058425841EDE7042213B50C4601460DEBE8
:101280000200FFF7BDFF01460520FFF7C5FF01285B
:1012900002D0002002B010BD042221460DEB020056
:1012A000FFF7AEFF01460D20FFF7B6FF0128F0D192
:1012B00000210E20FFF7B0FF431E58425841E9E7D6
:1012C000014B1860704700BF2400002008B5FCF7F0
:1012D00057F8164B01205A6822F470025A605A6877
:1012E00042F440125A604FF400521A615A6822F0D8
:1012F00070625A605A6842F040725A604FF48042FD
:101300001A615A6822F470225A605A6842F4002224
:101310005A604FF480521A611A6822F00F021A6064
:101320001A6842F007021A60186108BD000C0140FB
:1013300008B5FFF749FF012008BD13B500F00C0008
:101340000C4640F0020001A9FFF766FF019B2360F5
:10135000431E5842584102B010BD0000082837B55E
:1013600005460C4603D10E4B1B688B4215D0042258
:1013700021460DEB0200FFF743FF014605F00C008C
:10138000FFF74AFF012803D1082D04BF044B1C605E
:10139000431E5842584103B030BD0120FBE700BF57
:1013A000D01E00201E210020FFF7D8BF37B504460D
:1013B0000D4604F065FF08B904F07F4004F0F00129
:1013C00001430820FFF7CAFF10B9002003B030BD69
:1013D00024B90E4B5A68AA42F8D05D60042229460F
:1013E0000DEB020004F00C04FFF70AFF014644F085
:1013F0000100FFF711FF0128E7D100210E20FFF7C0
:101400000BFF431E58425841E0E700BFD01E0020AA
:1014100038B504460D4600200549FFF7C7FF28B13F
:1014200029462046BDE83840FFF705BF38BD00BF5C
:101430005200002338B504460D4600200549FFF749
:10144000B5FF28B129462046BDE83840FFF713BF55
:1014500038BD00BF5200002337B504460D460020BA
:101460000849FFF7A3FF50B1204601A9FFF7E3FEAB
:1014700028B1019BE40004F01804E3402B7003B092
:1014800030BD00BF5000002338B504460D46002093
:101490000749FFF78BFF48B1E10001F01801204632
:1014A00005FA01F1BDE83840FFF7E5BE38BD00BFE1
:1014B000500000232DE9F74314468F188518391B77
:1014C00088462E1B0CB1B30706D1032C0AD8002581
:1014D000AC4244D1012014E03046FFF7BDFF78B1A3
:1014E000013CECE7C6F30905C5F58065AC424FF059
:1014F00000001F4938BF24F00305FFF757FF18B954
:10150000002003B0BDE8F083042231460DEB020059
:10151000FFF776FE01460520FFF77EFE0128EFD19A
:1015200000210F20FFF778FE0128E9D14FF00009D4
:10153000AF08013FB94508EB890108D30E20FFF73A
:101540006BFE0128DCD12E44A844641BBDE70F20AC
:10155000FFF762FE0128D3D109F10109EAE708EBA0
:1015600005017019FFF778FF01350028B0D1C7E7F2
:10157000520000232DE9F74314460F46A0EB010863
:101580003D4607EB08060CB1B30707D1032C0DD875
:101590002C44761BAC4240D1012016E0304639780D
:1015A000FFF772FF80B10137013CE9E7C6F3090795
:1015B000C7F58067BC424FF000001C4938BF24F0DB
:1015C0000307FFF7F3FE18B9002003B0BDE8F0836E
:1015D000042231460DEB0200FFF712FE0146052002
:1015E000FFF71AFE0128EFD1A84627F00309A94406
:1015F000C84509D100210E20FFF70EFE0128E3D1D6
:101600003E443D44E41BC1E741460D20FFF704FE84
:101610000128D9D108F10408EAE7A81915F8011B37
:10162000FFF732FF0028B5D1CEE700BF52000023FC
:1016300038B50C4601460C48FFF7FCFE58B10025B2
:1016400021460A48FFF7E4FE28B12368DB0304D4EF
:101650000135642DF4D1002038BD2146BDE8384065
:101660000348FFF7D5BE00BFF4ED00E0F0ED00E069
:10167000F8ED00E013B504460C480191FFF7DAFEDF
:1016800080B10B4844F48031FFF7D4FE50B164249C
:10169000084801A9FFF7BCFE20B1019BDB0302D47F
:1016A000013CF5D1002002B010BD00BFF8ED00E014
:1016B000F4ED00E0F0ED00E02DE9F0431F461646A2
:1016C000044693B088462422002105A807F0A3FA17
:1016D0001A9B019603931B9B0297049363792579C8
:1016E000002145EA0325A379082045EA0345E3796B
:1016F00045EA03650A95627A237A43EA0223A27ACD
:1017000043EA0243E27ACDF8408043EA02630E9353
:101710002278637842EA0322A37842EA0342E3781C
:1017200042EA03624FF080730F921193FFF716FEA7
:10173000002842D00DF104080024C1462046D8F804
:101740000010FFF797FF002837D00134042C08F170
:101750000408F3D129460920FFF78CFF68B30D2454
:10176000204659F82410FFF785FF30B30134102CC0
:10177000F6D14FF080712046FFF77CFFE8B11E499B
:101780001E48FFF757FEC0B11D491C48FFF752FE27
:1017900098B169460420FFF7D0FD70B1009B13F0AB
:1017A000A00F0AD1174C69461448FFF731FE20B14B
:1017B000009B9A0305D4013CF5D1002013B0BDE88D
:1017C000F08349460020FFF733FF0028F5D00E498B
:1017D0000A48FFF72FFE0028EFD09DF870300198DF
:1017E000012B04D13E44331A58425841E6E7B0FA7F
:1017F00080F04009E2E700BF0B005FA0F0ED00E0E1
:1018000009005FA040420F0003005FA013B5FFF77F
:10181000CFFC4EF29E73002401A91020ADF80430D5
:10182000FBF780FFFFF7C4FC694608208DF80040F5
:10183000FBF778FF204601A9FFF77FFD02B010BD3E
:101840004FF0FF3273B504252D4B2E4E1A605A60AF
:10185000FFF73CFD336813B19B6803B19847FFF76E
:10186000D5FFA8B96C1E14F0FF0445D0012100205B
:10187000FFF774FD012004F0F1FC022003F078F87A
:10188000002004F0EBFC022003F072F82546DFE7AD
:10189000FFF788FD0028E5D000210820FFF75EFD56
:1018A0000028DFD04FF0A0410420FFF757FD0028AB
:1018B000D8D00024042001A9FFF73FFD0028D1D093
:1018C000019B03F02043B3F1204F03D00134642C7B
:1018D000F0D1C7E704200C49FFF740FD0028C1D034
:1018E000336813B11B6903B1984700210820FFF743
:1018F00035FD04460028B5D0204602B070BD00BFBB
:10190000D01E002014290020000F0050062873B5B7
:10191000044607D14F495048FFF78CFD60B1FFF7EF
:1019200053FC0FE0FFF7D2FC072C05D8DFE804F0EA
:1019300007190C62657C040A002002B070BD01200A
:1019400004F08CFC0120F8E7012004F087FC022061
:1019500003F00EF8002004F081FC022003F008F8E8
:10196000DDE7FFF76DFF0028E6D03C4C207801282A
:1019700004D104F073FC022002F0FAFF02260EE00C
:10198000012ED9D0012004F069FC022002F0F0FF02
:10199000284604F063FC022002F0EAFF01263049E9
:1019A0002D48FFF747FD05460028E9D001212D48C5
:1019B000FFF740FD0028BFD023782BB9012004F0A9
:1019C0004DFC022002F0D4FF002004F047FC02206E
:1019D00002F0CEFF204801A9FFF71AFD0028ABD086
:1019E000019B9A03F6D500211E4802B0BDE8704065
:1019F000FFF720BD17491848F7E7FFF707FF002852
:101A00009AD0FFF7CFFC002896D000210820FFF7DE
:101A1000A5FC002890D04FF0A0410420FFF79EFCC9
:101A2000002889D00E49E6E7FFF70AFF002883D097
:101A30000D490948FFF7FEFC00283FF47DAF06483A
:101A400001A9FFF7E5FC00283FF476AF019B9B035B
:101A5000F5D577E700005FA0F0ED00E0D81E00208C
:101A600001005FA0FCED00E003005FA0062837B591
:101A7000044609D16B496C48FFF7DCFC002800F0F4
:101A8000CF80FFF7A1FB11E0FFF720FC072C00F24D
:101A9000C780DFE814F008004B000E009E00A10094
:101AA000B400C5000B00012004F0D8FB012003B0F6
:101AB00030BD012004F0D2FB022002F059FF0020CB
:101AC00004F0CCFB022002F053FFFFF7B9FE002820
:101AD00000F0A680042001A9FFF72FFC002800F0E9
:101AE0009F800199042021F08041FFF737FC0028F6
:101AF00000F09680042001A9FFF71FFC002800F0E9
:101B00008F8001990029F5DB042021F08051FFF737
:101B100025FC002800F08480042001A9FFF70DFCBB
:101B200000287DD0019B9800F6D4AAE7FFF788FE35
:101B3000002875D002253D493B48FFF77BFC044651
:101B4000002836D0384801A9FFF762FC002867D08A
:101B5000019B9903F6D501213548FFF76BFC00285E
:101B60005ED0344801A9FFF753FC002858D0324B0F
:101B700001991B6801F4E061194341F0BF612D48F0
:101B800041F40031FFF756FC002849D0022002F052
:101B9000EFFE254801A9FFF73BFC002840D0019B40
:101BA0009A03F6D50021224803B0BDE83040FFF784
:101BB00041BC012D34D0012004F050FB022002F082
:101BC000D7FE204604F04AFB022002F0D1FE012598
:101BD000B1E714491448E7E7FFF718FE00B3FFF731
:101BE000E1FBE8B100210820FFF7B8FBC0B14FF0DE
:101BF000A0410420FFF7B2FB90B11049EAE7FFF7DC
:101C00001FFE68B109490848FFF714FC40B10648B7
:101C100001A9FFF7FDFB18B1019B9B03F7D545E731
:101C2000002044E700005FA0F0ED00E003005FA0AB
:101C3000FCED00E00CED00E02400002001005FA0BE
:101C4000284B10B51B690C3359781A7842EA0122E7
:101C5000997842EA0142D97852EA016225D15C7949
:101C6000197941EA04219C7941EA0441DC7951EA7D
:101C700004611CD11C4B1868002830D042780378CE
:101C800043EA0223827843EA0243C27843EA0263CA
:101C9000164A1360427C037C43EA0223827CC07CA8
:101CA00043EA024343EA006019E0824218D85C79B3
:101CB000197941EA04219C7941EA0441DC7941EA3D
:101CC000046181420CD309490A605A7C187C40EABD
:101CD00002209A7CDB7C40EA024040EA036010BDAF
:101CE0001433B1E7F4A10108E01E0020DC1E00203F
:101CF000024B1878431E584258417047E91E002095
:101D00007FB5244E05463278824202D1002004B0CD
:101D100070BD214B1C6812B9EDB93570F6E794F827
:101D20003830990701D50028F7D163792179E07916
:101D300041EA0321A37941EA0341002341EA00611A
:101D400002930193009304F11800FFF7B5FC0028FB
:101D5000E2D10C20DBE794F838309B0702D53378CA
:101D6000002BDAD163782178E07841EA0321A37867
:101D70000A4A41EA0341002300950293019341EA94
:101D80000061126804F11800FFF796FC0028C4D126
:101D90000B20BCE7E81E0020E41E0020DC1E002013
:101DA000F8B5FFF74DFF0446C8B31F4D2B688342BB
:101DB00001D10020F8BD0020FFF7A2FF0028F9D1D3
:101DC00094F82D3094F82C2094F8301042EA032235
:101DD00094F82E3094F8290042EA034294F8313006
:101DE00094F82F7041EA032194F8323094F833606C
:101DF00041EA034194F8283042EA076243EA0023AB
:101E000094F82A0041EA066143EA004394F82B0063
:101E100043EA0060FFF7AEFB18B12C60C9E7092068
:101E2000C8E70820C6E700BFE41E002038B51F4BF6
:101E3000196909B9002038BD4A7A0B7A43EA0223AE
:101E40008A7A43EA0243CA7A53EA026302D0013B28
:101E5000002B06DA4FF4C6720020154900F02EFD63
:101E6000E8E74C790A7942EA04228C7942EA044292
:101E7000CC7942EA046202EBC304657812F833209D
:101E800042EA0522A57842EA0542E57842EA05627F
:101E90008242DCD86379207940EA0320A37940EAC2
:101EA0000340E37940EA0360C5E700BFF4A10108FD
:101EB0005BA001087FB5194B06461B694BB3184B55
:101EC0001D6845B3FFF7B2FFB6FBF0F303FB1060EC
:101ED00018B10F24204604B070BD0120FFF710FF99
:101EE00004460028F6D16B7B297BE87B41EA03217D
:101EF000AB7B324641EA034141EA0061234602944A
:101F00000194009405F11800FFF7D6FB0028E1D1F9
:101F1000DFE70124DEE70224DCE700BFF4A10108CB
:101F2000E41E00202DE9F04F6C4B07461B698946E3
:101F300090468BB0002B00F0C680694B1C68002CCB
:101F400000F0C380674B1B687BB90220FFF7D8FE07
:101F5000064630B9834604F118030593B8F1000F23
:101F60000BD130460BB0BDE8F08F5B69002BECD095
:101F700098470128E9D10D26F3E794F8353094F815
:101F8000345094F8252045EA032594F8363094F827
:101F9000270045EA034594F83730494645EA03658A
:101FA000454528BF454694F8243043EA022394F877
:101FB000262043EA024343EA00602A46FFF7DAFAA2
:101FC000002800F08480637C217CE07C41EA0321CE
:101FD000A37CCDF808B0CDF804B094F8252041EAF0
:101FE000034194F8243041EA006143EA022394F863
:101FF0002620059843EA024394F8272043EA026327
:1020000000933A462B46FFF757FB002861D000F0BB
:1020100013FB002852D0627D237D43EA0223A27D78
:1020200043EA0243E27D53EA026344D00320FFF710
:1020300067FE00284FD1637D217D94F817C041EAE7
:102040000321A37D41EA034194F83830019003F065
:102050000103029394F8252094F82430059843EA6C
:10206000022394F8262041EA0C6143EA024394F8E3
:10207000272043EA026300933A462B46FFF71CFBF6
:10208000E0B912266DE7102DAA4628BF4FF0100ABE
:102090003846524606A9FFF70DFAC0B152464846E7
:1020A00006A906F08FFD0028EBD15744D144A8EBD8
:1020B0000A08A5EB0A05002DE5D14FE72F44A944F6
:1020C000A8EB05084AE701264BE7022649E70A265E
:1020D00047E7112645E7064643E700BFF4A101089C
:1020E000E41E002014290020194B10B51C695CB3B4
:1020F0000023184A01201370174A136004F07EF879
:1021000020B30C346178227842EA0122A17842EAB5
:102110000142E17852EA01620AD16179227942EA08
:102120000122A17942EA0142E17952EA016204D036
:10213000227AD30706D5094A146001220020084BF1
:102140001A7010BD1434DDE70120FAE70720F8E724
:10215000F4A10108E81E0020E41E0020E01E00207B
:10216000E91E0020F0B52E4B85B01D69002D54D01E
:102170002C4E05F10C046378207840EA0320A37804
:1021800040EA0340E37850EA036013D1627923798F
:1021900043EA0223A27943EA0243E27953EA026363
:1021A00008D195F8A201002838D005B0BDE8F0406C
:1021B000FFF79ABFFFF744FD28B190F838305B076E
:1021C00001D51434D7E762782378E07843EA022314
:1021D000A27843EA024343EA0060FFF7E1FDE8B971
:1021E0000120FFF78DFDC8B9376802467B7A397A3E
:1021F00097F80BC041EA0321BB7A029041EA034100
:1022000001900346009041EA0C6107F11800FFF7C6
:1022100053FA0028D5D1102000E0012005B0F0BD10
:10222000F4A10108E41E0020094B10B51B69044607
:1022300043B1FFF7FBFDFF2806D82046BDE810405C
:10224000FFF7F4BD184610BD4FF48070FBE700BFE8
:10225000F4A101080E4B10B51B69B3B10020FFF7C4
:102260004FFD044668B900F0DFF960B1022003F0C9
:10227000C5FF072003F0C2FF0022064B1A70FFF7CC
:1022800057F8204610BD0120F1E70124F9E700BF0F
:10229000F4A10108E91E002070B5304D304C8E22AB
:1022A0000021284606F0B7FC6278237843EA02232F
:1022B000A27843EA0243E27843EA0263294A93425E
:1022C0004AD163792279214642EA03228E2A1646B0
:1022D00038BF8E268E2A28BF8E22284606F0C4FCE0
:1022E000002385F847308E2200211D4806F093FC1C
:1022F000642323706C2363707623A3706B23267191
:1023000041221949360A1948E370667106F0ACFC9F
:1023100095F8492095F84830154943EA022384F896
:10232000483095F84B201B0A84F8493095F84A301C
:1023300084F84B200F48920084F84A3006F094FC51
:1023400095F88C3084F88C3095F88D3084F88D3089
:10235000BDE8704000F0F0B88E26C4E7EA1E002009
:10236000004F0020646C766BF11E0020074F0020A8
:10237000361F00204C4F0020014B9871704700BF62
:10238000004F0020F8B50D460446FAF70BF941223C
:10239000471C064600210B4806F03DFC412F82BF3A
:1023A0004127403EA4193A462146064806F05CFC07
:1023B0000222054B83F8485083F84A202D0A83F8FF
:1023C0004950F8BD074F0020004F0020412208B5BA
:1023D0000021064806F01FFC0023044A82F844301E
:1023E00082F8413082F8423008BD00BF074F00201C
:1023F000024B9879003818BF01207047004F002029
:102400002DE9F84306461B48884617461D46FAF74D
:10241000C9F8814626B142460021304606F0FBFB52
:102420000FB100233B800DB100232B70124CE079DB
:10243000D0B109F1010290453FBFC8F107018918E9
:102440000919424628BFE11D56B194F8483094F866
:10245000490043EA00233B80304606F005FC01E0DA
:10246000002FF9D115B90120BDE8F88394F84A305E
:102470002B70F8E7074F0020004F00200B4B02465F
:1024800093F84B100F290ED8481CC0B2123183F8B4
:102490004B0003EB8103110A1A715971110C120ED2
:1024A0009971DA7170470020704700BF004F00201B
:1024B000054A92F84B3023B102F14C03036092F8C5
:1024C0004B301846704700BF004F0020014B83F887
:1024D0008C007047004F0020014B93F88C00704730
:1024E000004F0020014B83F88D007047004F002003
:1024F000034B93F88D00003818BF0120704700BFD0
:10250000004F00201FB50A48FEF7F6FA70B91022F6
:10251000FF21684606F07FFB0A220649684606F05E
:10252000A3FB6A4610210248FEF7EFFA05B000BD92
:1025300000FC0108781F0020002210B5114610464B
:10254000294C01F015FB29490A22294806F08CFB89
:102550000A212046FEF7E2FAE0B12378627843EAE6
:102560000223A27843EA0243E27843EA0263214A63
:1025700093420FD1237962791B4943EA0223092B45
:102580009ABF227963790A22194898BF42EA032246
:1025900006F06AFB6422164B0A211A706C225A70EC
:1025A00076229A706B22DA7000220F4819715A71E4
:1025B000FEF7B4FA90B12378627843EA0223A27856
:1025C00043EA0243E27843EA02630A4A934205D1AE
:1025D0002379627943EA0223092B03D8BDE810402E
:1025E000FFF790BF10BD00BF00FC010810A7010855
:1025F000781F0020646C766B014B9871FFF782BFE7
:10260000781F0020014BD871FFF77CBF781F002096
:10261000014B1872FFF776BF781F0020014B5872EC
:10262000FFF770BF781F0020024B9879003818BF61
:1026300001207047781F0020024BD879003818BF5E
:1026400001207047781F0020024B187A003818BF0D
:1026500001207047781F0020024B587A003818BFBD
:1026600001207047781F002008B501F0E5FCFEF757
:102670006DFD012008BD08B501F034FD012008BD45
:10268000034659781A780A4842EA0122997842EAC0
:102690000142D97842EA016202609A7902715A795C
:1026A00042711B7983710023C37101F02FBD00BFFC
:1026B000881F0020084B1A7802705A7842709A7866
:1026C0008270DA78C2701A7982715A7942719B7974
:1026D00003710120704700BF881F00200E4B70B5AA
:1026E0001B680446DB699847064638B90B4D3CB178
:1026F00002F07CFA2860304603F080FD012070BDB6
:1027000002F074FA2B68C01AB0F5967F2CBF012036
:102710002046FEF7F5FCF1E7E8A60108841F00203B
:1027200008B501F067FD012008BD00B591B003F0C8
:10273000D5FF40280AD850B901F05EFD4028014677
:1027400015D8A8B9FEF702FD11B000BD402081B236
:10275000684601F069FD01460028EDD0684603F0A7
:10276000CDFF0028E8D00120FEF7DCFCE4E74021A3
:10277000684604F00DF80028E4D081B2684601F004
:1027800041FD0028DED00120FEF7CCFCDAE7000096
:10279000044B0A0901F00F019A5C5B5C0270437004
:1027A000022070471AA7010838B505460C46090EE5
:1027B000FFF7EEFFC4F30741A81CFFF7E9FFC4F3DE
:1027C0000721281DFFF7E4FFE1B2A81DFFF7E0FF96
:1027D000082038BD0023F0B50A4605461C460A20ED
:1027E000E2B91846234650EA030404BF0120134609
:1027F0000A274FF0000C2C18B1FBF7F6C4F10102C8
:1028000007FB16112A440244824201F130017CEB9D
:10281000030204F8011D3146EED3F0BD0133B2FBD3
:10282000F0F244F10004DBE7F8B5154606460F4622
:10283000FFF7D0FF854204460AD92A4630213046A8
:1028400006F0E9F9281B39463044FFF7C3FF2C4650
:102850002046F8BDF8B5079DC8B15F19974216D359
:1028600054189C4213D3934227BF9B1A2A46D11A6D
:10287000AA1A36BFD21800210023E61B1644A7422D
:1028800088BF3246069C1844214406F0EDF92846DC
:10289000F8BD2DE9F341089C054620460E46174633
:1028A0009846F9F77FFE434601903A46314628465E
:1028B0000094FFF7CFFF02B0BDE8F08170B503468A
:1028C0000D46164648B9EFF3108472B6024601462B
:1028D000FFF796FD10B184F3108870BD314628468D
:1028E000FFF750FD84F31088EFF30383DB06F4D188
:1028F000FCF73AFEF1E710B5EFF3108472B6FFF77C
:1029000065FD84F3108810BD2F4BF7B51C69054693
:10291000002C56D00422002301460DEB0200019347
:1029200006F0A2F9019804F1D4035A7819785E7977
:1029300041EA02219A7841EA0241DA7841EA0261E9
:102940001A7942EA06229E7942EA0642DE7942EA92
:10295000066251EA020602D1002003B0F0BD8842AF
:1029600001D3904201D91433DFE704260422A919C8
:102970000DEB020006F078F9019804F10C035A7887
:1029800019785F7941EA02219A7841EA0241DA78BE
:1029900041EA02611A7942EA07229F7942EA074234
:1029A000DF7942EA076251EA0207D5D0884201D3B3
:1029B000904201D91433E2E70436102ED6D101201B
:1029C000CBE72046C9E700BFF4A1010808B5084BD2
:1029D00002461B680BB11B6A23B9BDE808401046CC
:1029E000FFF792BF9847003818BF012008BD00BF0D
:1029F000142900200B4A0346126812B1526A02B130
:102A000010471A783A2A08D1187A302807D0323875
:102A100003288CBF00200120704700207047012050
:102A2000704700BF1429002070470000074A08B50E
:102A30001368032043F01003136000F017F80F2011
:102A400001F080FAFFF7F0FF002008BD00200240EF
:102A500013B5019001F0C2FA044601F0BFFA019BE0
:102A6000001B9842F9D302B010BD000007490302D1
:102A7000CA6803F4E06322F4E0621204120C134308
:102A800043F0BF6343F40033CB60704700ED00E0D8
:102A9000104AD368D80641BF0F49CB6943F00203FF
:102AA000CB61D368590741BF0B4AD36943F0010397
:102AB000D361084BDA69D20708D50749CA6942F0E1
:102AC0000402CA61DA6922F00102DA611422DA60D2
:102AD000704700BF00200240901F0020064B1A697B
:102AE000120641BF054A00205A6002F1883254BFE5
:102AF00001205A60704700BF002002402301674553
:102B0000034A0020136943F080031361704700BF3C
:102B10000020024070B5054601F060FA0646114CEF
:102B2000E368D80712D4E368990644BF2023E36022
:102B3000E368DA0606D4E369DB0703D4E06810F043
:102B4000040007D0FFF7A4FF012003E06B1CE7D0CF
:102B50000DB9032070BD01F041FA801BA842DFD9F6
:102B6000F7E700BF002002402DE9F84FDFF898900A
:102B70001E4699F818300446012B0D46174640D0E2
:102B800001234CF2503089F81830FFF7C3FF98BB8F
:102B9000012C03D0022C14BF042402244FF000089F
:102BA000C346DFF868A04FEA0813C3F12001A3F180
:102BB000200206FA01F127FA03F3C9F81CB00B430F
:102BC00026FA02F21343DAF810204CF2503042F0A9
:102BD0000102CAF8102025F81830FFF79BFFDAF839
:102BE000103023F00103CAF8103028B908F10108A9
:102BF0005FFA88F39C42D6D8002389F81830BDE8E4
:102C0000F88F0220FBE700BF901F00200020024049
:102C10000022064BDA61064B1A6942F002021A6181
:102C200058611A6942F040021A617047901F0020F3
:102C3000002002402DE9F041264E0746337E8846AB
:102C4000012B44D00124347603684CF25030022B1F
:102C50001AD1FFF75FFF20B1012000233376BDE8D2
:102C6000F0811D4CF06123694CF2503043F00403B5
:102C70002361236943F040032361FFF74BFF23697E
:102C800023F004032361E8E7FFF744FF0028E3D1C2
:102C90004FF0FF33C8F800302046BD680E4CFA688C
:102CA000BB6803EB8223AB42D7D92846FFF7B0FFBE
:102CB0004CF25030FFF72EFF236923F0020323610B
:102CC00010B1C8F80050C8E705F58065E7E70220B5
:102CD000C5E700BF901F0020002002402DE9F74FFC
:102CE00000244FF0010826464FF00F0EDFF880C198
:102CF000604B0A6808FA06F707EA020537EA02029B
:102D000078D14A68032A07D8013A022A00F28A8059
:102D1000DFE802F0989DA300122A00F09B8070D893
:102D2000112A00F09180FF2D92BF814600F1040925
:102D3000A6F10802D9F8007094BFB20092000EFA12
:102D400002FA27EA0A0704FA02F21743C9F80070E8
:102D5000D1F8049019F0805F4CD0DCF8182026F0F0
:102D6000030742F00102CCF81820DCF8182007F124
:102D7000804702F00102019207F5803706F0030A4E
:102D8000019A4FEA8A0ABA680EFA0AFB22EA0B0B8A
:102D9000394A904265D002F58062904263D002F5D4
:102DA0008062904261D002F58062904214BF04229A
:102DB000032202FA0AF242EA0B02BA601A6819F414
:102DC000803F14BF2A43AA431A605A6819F4003F8F
:102DD00014BF2A43AA435A609A6819F4801F14BF8B
:102DE0002A43AA439A60DA6819F4001F14BF2A43E1
:102DF000AA43DA600136102E7FF47BAF03B0BDE842
:102E0000F08FDFF878904A450CD014D8A9F58019D6
:102E10004A4507D009F570294A4503D0A9F580191C
:102E20004A4580D18A68D2B1012A4FF008040CBF0C
:102E30000761476177E7DFF848904A45F2D009F526
:102E40008039EDE7CC686EE7CC6804346BE7CC687A
:102E5000083468E7CC680C3465E7002463E7042491
:102E600061E70022A5E70122A3E70222A1E700BF54
:102E70000010024000040140000801400000221040
:102E8000000031100AB1016170470904FBE700003E
:102E900003682DE9F341DE07054630D42B689C0713
:102EA00000F19D802B681A071FD5AA690123934E54
:102EB0009349002A00F0068193FAA3F2B2FA82F253
:102EC00041F8223001F08AF80746022494FAA4F46B
:102ED000736A002C00F0F480B4FA84F2D340DB076C
:102EE00040F1E7800120FFF7B3FD2B68590700F19F
:102EF0000981EA69002A40F07C8100201DE07F4CB6
:102F0000636803F00C03042B07D0636803F00C0321
:102F1000082B15D16368D80312D54FF4003393FA08
:102F2000A3F322680BB1B3FA83F322FA03F3D907B0
:102F3000B4D56B68002BB1D1012002B0BDE8F0819F
:102F40006B68B3F5803F19D1236843F48033236065
:102F500001F044F807464FF4003696FAA6F62368C7
:102F6000002E38D0B6FA86F2D340DA0796D401F0B4
:102F700035F8C01B6428F2D90320DEE7E3B92368E3
:102F80004FF4003696FAA6F623F4803323602368C4
:102F900023F48023236001F021F807462368E6B17B
:102FA000B6FA86F2D340DB077FF578AF01F016F86A
:102FB000C01B6428F2D9DFE7B3F5A02F236803D143
:102FC00043F480232360BFE723F480332360236826
:102FD00023F48023BBE73246C6E73246E2E7474C9C
:102FE000636813F00C0F07D0636803F00C03082B21
:102FF0001DD16368DF031AD4022393FAA3F3226876
:103000000BB1B3FA83F322FA03F3DE0702D52B697F
:10301000012B91D1F82292FAA2F2B2FA82F223683D
:10302000696923F0F80391400B4323603AE72A696A
:103030000123F2B193FAA3F2B2FA82F2920002F102
:10304000844202F58402136000F0C8FF074602269E
:1030500096FAA6F6236856B1B6FA86F2D340D80798
:10306000D8D400F0BBFFC01B0228F3D984E7324656
:10307000F4E793FAA3F3B3FA83F39B0003F18443D9
:1030800003F584031A6000F0A9FF0746022696FAAA
:10309000A6F623685EB1B6FA86F2D340D9077FF56B
:1030A00001AF00F09BFFC01B0228F2D964E7324653
:1030B000F3E700F093FFC01B02287FF609AF5BE740
:1030C00022460BE793FAA3F3B3FA83F341F82320E4
:1030D00000F084FF0746022494FAA4F4736A5CB1FA
:1030E000B4FA84F2D340D8077FF5FFAE00F076FF44
:1030F000C01B0228F2D93FE72246F3E70010024046
:1031000080044242784C794EE36943F08053E36196
:10311000E36903F080530193019B336843F48073A8
:10312000336000F05BFF07463368DA0522D5EB68B1
:10313000012B25D1236A43F00103236200F04EFFE7
:1031400007464FF0020898FAA8F698FAA8F3002B61
:1031500047D1636A002E46D0B6FA86F2D340DB0729
:103160003FF5C7AE00F03AFF41F28833C01B9842EA
:10317000EBD901E700F032FFC01B6428D4D9FBE68D
:103180000BBB236A4FF0020898FAA8F623F001035C
:103190002362236A23F00403236200F01FFF074623
:1031A00098FAA8F30BB3236A0EB3B6FA86F2D340AB
:1031B000D8077FF59EAE00F011FF41F28833C01BA7
:1031C0009842EDD9D8E6052B236A03D143F00403D6
:1031D0002362AFE723F001032362236A23F0040391
:1031E000ABE7236AB6E73246B8E7636ADCE7324604
:1031F000DDE73D4C636803F00C03082B3FF49CAE05
:103200004FF0807393FAA3F3B3FA83F3022A4FF0DB
:1032100000024FEA830303F1844303F584031A6039
:103220004BD100F0DBFE07464FF0007696FAA6F68B
:103230002368002E3DD0B6FA86F2D340D90732D4A7
:103240002B6AB3F5803F05D16268A96822F4003289
:103250000A436260696A62680B4322F47412134382
:1032600063604FF0807393FAA3F3B3FA83F3012200
:103270009B0003F1844303F584031A6000F0AEFE63
:1032800006464FF0007595FAA5F523689DB1B5FA8D
:1032900085F2D340DA073FF530AE00F09FFE801B89
:1032A0000228F2D968E600F099FEC01B0228BFD9B7
:1032B00062E63246C1E72A46EBE700F08FFE06469B
:1032C0004FF0007595FAA5F523685DB1B5FA85F262
:1032D000D340DB077FF511AE00F080FE801B022893
:1032E000F2D949E62A46F3E7001002400070004098
:1032F00010B586B01A49102202A805F0B5FC40F2BC
:103300000123184CADF80430616801F00C03082B60
:1033100024D14FF4701292FAA2F2B2FA82F201F4BE
:103320007013D34018336B4413F8100CCB0313D530
:103330004FF4003292FAA2F2B2FA82F2636803F416
:103340000033D34018336B4413F8142C064BB3FBF3
:10335000F2F3584306B010BD044BFAE70248F9E710
:1033600098A001080010024000127A0000093D00F8
:10337000524A2DE9F0411368064603F007038B42D9
:103380000D462ED33268940738D4D0073ED44B4A2A
:10339000136803F00703AB427ED83268484C12F042
:1033A000040F40F08480130706D56368326923F464
:1033B000605343EAC2036360FFF79AFFF02292FA78
:1033C000A2F2B2FA82F2636803F0F003D3403D4AFE
:1033D000D35CD8403C4B18600F2000F0B3FD0020B8
:1033E0000AE0136823F007030B431360136803F02C
:1033F00007038B42C6D00120BDE8F0813049B06898
:103400004B6823F0F00303434B60BEE772682C4C1B
:10341000012A216823D14FF4003393FAA3F30BB1AF
:10342000B3FA83F321FA03F3D907E4D5636841F2D1
:10343000883823F003031343636000F0CFFD736803
:103440000746012B11D1636803F00C03042B9ED0B7
:1034500000F0C4FDC01B4045F5D90320CCE7022A8B
:103460000CBF4FF000730223D7E7022B0FD1636824
:1034700003F00C03082B8AD000F0B0FDC01B4045C0
:10348000F5D9EAE700F0AAFDC01B4045E5D863681E
:1034900013F00C0FF6D17AE7136823F007032B43E0
:1034A0001360136803F00703AB42A4D175E76368A8
:1034B000F16823F4E0630B43636074E7002002408B
:1034C00000100240C4A80108D40100204FF4E062BB
:1034D00092FAA2F2B2FA82F2054B1868054B5B68C9
:1034E00003F4E063D340044AD35CD840704700BF84
:1034F000D401002000100240BCA801084FF4605223
:1035000092FAA2F2B2FA82F2054B1868054B5B6898
:1035100003F46053D340044AD35CD840704700BFE3
:10352000D401002000100240BCA801080F23036052
:103530000B4B5A6802F0030242605A6802F0F00234
:1035400082605A6802F4E062C2605B68DB0803F4E0
:10355000E0630361034B1B6803F007030B607047D4
:103560000010024000200240036A70B523F00103FE
:103570000362036A446882690D6822F073022A4379
:103580008D6823F002032B430A4DA8420BD1CD686E
:1035900023F008032B438E694D6924F440743543AE
:1035A00023F004032C43446082614A68426303624F
:1035B00070BD00BF002C0140036A70B523F4807316
:1035C0000362036A4468C2690D6822F073022A43E9
:1035D0008D6823F4007343EA05230B4DA8420DD1F7
:1035E000CD6823F4006343EA05238E694D6924F412
:1035F0004054354323F4806344EA05144460C261B7
:103600004A68C263036270BD002C0140036A30B592
:1036100023F480530362036A4468C2690D6822F48C
:10362000E64242EA05228D6823F4005343EA05335B
:10363000064DA84202BF4D6924F4804444EA851433
:103640004460C2614A680264036230BD002C0140DC
:1036500070477047022341F2111210B580F83930DB
:1036600003680446196A114208D140F24442196ABB
:10367000114202BF1A6822F001021A602046FFF7C9
:10368000E8FF002084F8390084F8380010BD0223D8
:10369000026880F83930136843F001031360012396
:1036A00080F839300020704770477047022341F29C
:1036B000111210B580F8393003680446196A1142B6
:1036C00008D140F24442196A114202BF1A6822F03E
:1036D00001021A602046FFF7E8FF002084F8390055
:1036E00084F8380010BD0000184A036890420AD0E0
:1036F000B0F1804F07D0A2F59432904203D002F58A
:103700008062904215D14A6823F0700313430F4A38
:1037100090420AD0B0F1804F07D0A2F59432904287
:1037200003D002F58062904203D1CA6823F440734B
:10373000134303608B68C3620B688362034B984238
:1037400004BF0B690363012343617047002C0140F0
:1037500010B50446A0B190F8393003F0FF021BB950
:1037600080F83820FFF774FF0223206884F839308E
:10377000211DFFF7B9FF0123002084F8393010BD67
:103780000120FCE710B50446A0B190F8393003F0F1
:10379000FF021BB980F83820FFF786FF022320685C
:1037A00084F83930211DFFF79FFF0123002084F8A2
:1037B000393010BD0120FCE7036A70B523F0100317
:1037C0000362036A446882690D6822F4E64242EAB1
:1037D00005228D6823F0200343EA05130B4DA84210
:1037E0000DD1CD6823F0800343EA05138E694D693E
:1037F00024F44064354323F0400344EA85044460E4
:1038000082614A688263036270BD00BF002C014080
:1038100038B590F838300446012B4FF002000DD037
:10382000082A84F839003CD009D8D2B1042A28D01B
:103830000123002084F8393084F8380038BD0C2A80
:10384000F6D12068FFF7E2FEC3690A6943F400631A
:10385000C361C36923F48063C361C36943EA02237C
:103860002DE02068FFF780FE83690A6943F00803B2
:103870008361836923F00403836183691343836154
:10388000D6E72068FFF798FF83690A6943F400636D
:103890008361836923F480638361836943EA02233C
:1038A000EDE72068FFF788FEC3690A6943F0080363
:1038B000C361C36923F00403C361C3691343C361D4
:1038C000B6E710B50124036A8C4023EA04030362BF
:1038D000036A8A401A43026210BD0000006808B5FE
:1038E0000122FFF7EEFF064B984202BF436C43F400
:1038F00000434364036843F001030360002008BDF4
:10390000002C0140FFF7EABF2DE9F84305460368A4
:10391000C1681A694FF0190822F440520A431A612B
:1039200082680069D9680243686921F4B05121F0C6
:103930000C0102430A43DA605A69A96922F4407211
:103940000A435A613D4A934246D1FFF7D7FD08FB2F
:1039500000F76B684FF064099B00B7FBF3F7FFF7C4
:10396000CDFD08FB00F46B68B7FBF9F79B00B4FBD7
:10397000F3F4FFF7C3FD08FB00F06B689B00B0FB9E
:10398000F3F0B0FBF9F009FB1046FFF7B7FD360185
:103990003236B6FBF9F608FB00F46B6806F0F00669
:1039A0009B00B4FBF3F4FFF7A9FD08FB00F06B6884
:1039B0002A689B00B0FBF3F0B0FBF9F009FB104361
:1039C0001B013233B3FBF9F303F00F03334303EB73
:1039D00007139360BDE8F883FFF778FD08FB00F755
:1039E0006B684FF064099B00B7FBF3F7FFF76EFDC0
:1039F00008FB00F46B68B7FBF9F79B00B4FBF3F42A
:103A0000FFF764FD08FB00F06B689B00B0FBF3F070
:103A1000B0FBF9F009FB1046FFF758FD36013236CE
:103A2000B6FBF9F608FB00F46B6806F0F0069B00A5
:103A3000B4FBF3F4FFF74AFDB7E700BF00380140DD
:103A4000704710B5044630B390F8393003F0FF02E8
:103A50001BB980F83820FFF7F3FF0223226884F8AF
:103A60003930D368204623F40053D360FFF74CFF6E
:103A7000236800201A6922F490421A615A6922F0E0
:103A80002A025A61DA6842F40052DA600123E063E4
:103A900084F8393010BD0120FCE7704738B5054681
:103AA000A0B10223002480F839300368DA6822F4D8
:103AB0000052DA60DC601C615C61FFF7EEFF2046BB
:103AC000EC6385F8384085F8394038BD0120FCE7C3
:103AD0000F4B1A6842F001021A6059680D4A0A40F9
:103AE0005A601A6822F0847222F480321A601A68CE
:103AF00022F480221A605A6822F4FE025A604FF4BF
:103B00001F029A604FF00062034B9A60704700BF3B
:103B1000001002400000FFF800ED00E00F4A53687B
:103B200003F00C03082B17D153685168C3F3834388
:103B3000C80303F1020302D5516889030AD5084975
:103B40004B4352680749C2F303128A5CD340064ACA
:103B5000136070470549F3E7044BF2E70010024099
:103B600000093D00C4A80108D401002000127A0019
:103B7000002070470020704710B586B00446FEF75D
:103B8000ADFF1022002102A805F045F800230293A2
:103B9000012301A902A804940593FFF74BF80446FA
:103BA000FEF7AEFF201E18BF012006B010BD0000BA
:103BB00070B50D461446861AFEF790FF15F0030FF8
:103BC0004FF06E020CBF012000200C49FEF776FE7C
:103BD00025F003052544AC4204D10024FEF790FFF4
:103BE000204670BD31190023022054F8042BFEF743
:103BF000BBFF0028EFD00124F0E700BFA9A0010817
:103C00002DE9F041854C98B0A3694FF4004743F08B
:103C10000403A361A369012503F004030093009B3F
:103C2000A369032643F00803A361A3697C4A03F058
:103C300008030193019BA36908A943F01003A36142
:103C4000A3694FF4806803F010030293029BA369F9
:103C500043F02003A361A36903F020030393039BB4
:103C6000A36943F00103A361A36903F00103049373
:103C7000049B536823F0E06343F000735360A3692F
:103C800043F00403A361A36903F004030593059BB8
:103C9000644B5F6118460B9609950897FFF71EF86D
:103CA0002A464FF400715F48FFF7ECF84FF40073B9
:103CB0005C4808A908930B960995FFF70FF82A4668
:103CC0004FF400615848FFF7DDF84FF400635648A1
:103CD00008A908930B960995FFF700F82A464FF4B8
:103CE00080615148FFF7CEF84F4808A90B96099517
:103CF000CDF82080FEF7F2FF2A4641464A48FFF7FA
:103D0000C1F8494808A90B960995CDF82080FEF71F
:103D1000E5FF2A4629464448FFF7B4F811234248F4
:103D200008A9099308950A95FEF7D8FF002239469D
:103D30003D48FFF7A7F83C4808A90B960995089756
:103D40000225FEF7CBFF4FF48073364808A908938D
:103D50000B960995FEF7C2FF06A90CA8FFF7E6FB34
:103D6000324B1E68109BB3F5205F04D0B3F5405F63
:103D70000CBF04250125B6FBF5F62D4B0027B6FB3D
:103D8000F3F62C4D2C4B013EEE606F602F61AF605F
:103D90006F612B60A369284643F40063A361A369A4
:103DA00003F400630793079BFFF780FC804618B17C
:103DB00052223846214907E02846FFF7E3FC044633
:103DC00058B1582240461D49FEF778FD1C4B11930F
:103DD000119B03BB18B0BDE8F0817023024612901E
:103DE0001390149015901690179011A928461193CE
:103DF000FFF70EFD074618B1652220460F49E3E79D
:103E00002B68760801465E632846FFF77BFD002895
:103E1000DCD06C22CDE7119B013BD8E700100240BB
:103E20000000014000080140000C0140D4010020C6
:103E300000127A00B01F0020002C0140DBA0010816
:103E400040420F00B0FA80F24FF4806101485209FD
:103E5000FFF718B8000C0140FFF7F4BFFFF7F2BFFF
:103E6000024B9868C04300F001007047000C01400D
:103E70000020704770470000044B03F5FD610EC938
:103E800080E80E004FF0A533C360704700F0FF1FBD
:103E900010B590B01422002101A804F0BCFE00214E
:103EA000282206A804F0B7FE0024FFF737FEFEF72D
:103EB000BDFD012101A801910294FFF759FA20B13B
:103EC0005F2220461C49FEF7F9FC4FF480330121A4
:103ED0000E93CDE90613022300240D934FF4201313
:103EE00006A808940F93FEF7D3FF20B16B2220465B
:103EF0001149FEF7E3FC0F230193022300240293F0
:103F00004FF480630D4A03940493059413680321CE
:103F100043F01003136001A8FFF72AFA20B17A22B8
:103F200020460549FEF7CAFC054A536843F40003DE
:103F3000536010B010BD00BF0CA10108002002406A
:103F40000010024000B589B001A903A8FFF7EEFAFE
:103F5000069A1F4BB2F5C06F1B6835D0B2F5E06F03
:103F600034D0B2F5A06F0CBF02220122B3FBF2F3F2
:103F70004FF47A62B3FBF2F34FF080411548013BF6
:103F80004360002301604FF6FF710361836043616A
:103F900003F18043C16003F50433DA6942F00102A2
:103FA000DA61DB6903F001030293029BFFF752FB26
:103FB00040B9094B18600748FFF7CAFB10B905481C
:103FC000FFF765FB09B000BD0422CFE70822CDE76B
:103FD000D4010020F01F0020EC1F0020EFF3108020
:103FE00072B6074B074A1B6811685B6AC1EB930303
:103FF000C3F30D030B44136080F3108810687047FF
:10400000F01F0020EC1F002008B54FF40072064995
:104010000648F8F765FBBDE808404FF40072044914
:104020000448F8F75DBB00BF3C2200203C24002080
:104030002C2000202C220020264AF0B5D36887B01F
:1040400023F0805323F0A003D360FFF7DDFF224B62
:104050000325DA69022642F40032DA61DA6902A93C
:1040600002F400320092009A9A691C4842F004025D
:104070009A619B69059503F004030193019B042356
:1040800003960293FEF72AFE0823012400270DEB76
:10409000030112480293059503970494FEF71EFE50
:1040A00002A90E480294059503970494FEF716FEA4
:1040B0003A4631460948FEF7E5FE084802A902964D
:1040C00005950394FEF70AFE4022054B5A602046F0
:1040D00007B0F0BD0044004000100240000801405D
:1040E00000E100E038B5084DEC6824F0805323F07F
:1040F000A00324F08054EB6024F08004FFF784FFD9
:104100000120EC6038BD00BF0044004010B50446FB
:1041100090B040220021684604F07DFD324B627968
:104120000093324B012A5A7143D14FF4C06204927A
:10413000A279022A9A7147D14FF4005203920822C1
:104140001A71049AB2F5C06F4BD0A2F580614A4251
:104150004A41120302920022DA7106922268224C2E
:104160001A600C2301920593E36823F0805323F037
:10417000A003E360FFF748FF6846FFF78FFCB0FA43
:1041800080F0C4221A494009FEF798FB6846FFF701
:1041900058FCB0FA80F0C62215494009FEF78EFBA4
:1041A0000120E36843F0805343F02003E36010B044
:1041B00010BD022A02D14FF48062B8E7002AB6D0BF
:1041C000002204925A71B3E7012A05D14FF400523C
:1041D000039202229A71B2E7002AAFD00022039222
:1041E000F8E74FF48052B5E700440040D8010020C2
:1041F0003CA10108704700000148F8F7D4BA00BF9D
:104200003C2400200A4608B501460548F8F7EBFAB9
:10421000044AD36843F0805343F08003D36008BD61
:104220003C240020004400400A4601460148F8F7BB
:10423000C6BA00BF2C22002038B5144B1C68A20659
:104240000AD513485D68F8F7AEFA132802460FD96D
:104250000F48E9B2F8F750FA230608D50D48F8F7E9
:1042600095FA0A4C50B10B48F8F76AFA606038BD0D
:10427000F2D109490648F8F7B6FAEDE7E36823F00A
:10428000805323F08003E360F1E700BF0044004067
:104290002C2200203C2400206DA1010802F0BCBDAE
:1042A00008B502F08FFABDE8084003F035BF70474B
:1042B00008B502F0E3FD02F089FAFFF7F8FF08BD48
:1042C000704700002DE9F0434B4C93B009224B4955
:1042D00001A804F0C9FC092201A9204604F0C4FC8D
:1042E000FEF7FAF801286FD1454A00251388092600
:1042F000013B138023717D23424AA3701388E5702C
:10430000173B84F87D5013803F4BA7191D703F4B1E
:1043100005F1010842223E4901A883F8008004F01B
:10432000A3FC01A94222384604F09EFCBD70BD7278
:1043300087F8225087F8238087F82D8002F0DAF87A
:1043400006F14207334B05F1020927441222324994
:1043500001A883F8009004F087FC01A912223846D6
:1043600004F082FC87F8029002F0A8FE06F15407E0
:104370002A4B05F1030827440922294901A883F89B
:10438000008004F071FC01A90922384604F06CFC9D
:104390005D36244B87F80280234F043534441722BE
:1043A000224901A81D7087F80E8004F05DFC1722D9
:1043B000204601A904F058FCA57087F8AE5013B050
:1043C000BDE8F04301F064BF01F0E8FE00288BD0A7
:1043D0000025174B1722174901A81D7004F044FC53
:1043E000172201A904F1090004F03EFC2026E57221
:1043F000FBF7A2FA012587E74D24002098900108D9
:10440000700300206A030020D8250020D725002053
:10441000B8900108A4260020FA9001085625002033
:104420000C910108552500201F020020159101085C
:1044300019260020A190010810B5EFF3108472B680
:10444000074A0849136841F823000B210133B3FBE5
:10445000F1F001FB1033136084F3108810BD00BF2E
:10446000F0260020F826002000F00F0303F180530F
:1044700003F5B8539B001A6801064CBF22F4E042D2
:1044800022F4415222F030021204120C1A607047DA
:1044900010B540F60F7400F00F0202F1805202F5E1
:1044A000B8529200136810F0800F03EA040483EA04
:1044B000010348F2800114BF03F0300303F44053BA
:1044C00023430B43136010BD4FF48012014B1A605D
:1044D000704700BF00E100E0064A08B5D36943F425
:1044E0000003D361FFF7F0FF4FF40042024B5A6123
:1044F00008BD00BF00100240000801400C4B0D4AEF
:1045000078B10121C3F8401C0021C3F8401CC3F856
:10451000441C4FF4E051C3F8401C4FF400431361B6
:1045200070470321C3F8401C4FF4004353617047A8
:1045300000500040000801404FF480121D4BC3F8AA
:104540008020BFF34F8FBFF36F8F00221A4BC3F849
:10455000442C1A4B1B6853B34FF43C424FF4804336
:104560001343174A12681AB14FF4807243F4007370
:104570001A43114B5021C3F8402C0022C3F8502C91
:10458000104AD02012681160902191600E49088075
:1045900048F2FF71D1604FF44852C3F8002C8022DA
:1045A000C3F84C2C4FF48012024B1A6070474FF442
:1045B0001C42D5E700E100E00050004088AA010855
:1045C0008CAA01087403002024270020064BD3F88E
:1045D000402C42F00802C3F8402CD3F8402C42F0A3
:1045E0000402C3F8402C704700500040034AD2F840
:1045F000403C23F00803C2F8403C704700500040A4
:104600007047000021B9034B40F08000C3F84C0C08
:10461000704700BF0050004010B9D022014B1A80F3
:10462000704700BF24270020F0B51F4C87784179E0
:1046300003791E4E246807F00F023F0643EA012368
:104640004FEA021C318804EB02151AD5013344F8F5
:104650000C1023F001031944C378318003F00303E5
:10466000013BDBB2022B8EBF4FF40073104931F8CF
:104670001330134302F1805202F5B85292001360D6
:10468000F0BD3E2B83BF1F3323F01F035C010133BA
:104690008BBF04F1FF3423F0010344F400445C02B7
:1046A000A960EC60D7E700BF740300202427002036
:1046B000CAAA0108704743F22001FFF7E9BE0021B2
:1046C000FFF7E6BEFFF7D0BE41F21001FFF7E0BEF4
:1046D00008B5FFF7C9FEBDE8084043F23001FFF717
:1046E000D7BE000038B5134C00F00F03246804EB6C
:1046F0000314A368E46803F10053C4F3090494426B
:1047000028BF1446621C03F5405322F001025B00EF
:104710000A44914205D14FF44051FFF7B9FE2046BB
:1047200038BD33F8045B023101F8025C2D0A01F850
:10473000015CEEE774030020F8B51646154B00F057
:104740000F041B68220103EB04179B58751C03F12F
:10475000005303F5405325F001055B000D44A942C9
:104760000FD104F1805303F5B8539B001B687E60A2
:1047700003F03003102B02D03021FFF789FE3046C2
:10478000F8BD0A7891F801C0023142EA0C2243F8E0
:10479000042BE4E7740300202DE9F047284E294953
:1047A000D6F8443C086823F01F0202430A6003F471
:1047B000FE42D243C6F8442C1A0406D5224F40F6D6
:1047C0000F78D6F8440C030403D4BDE8F047FCF797
:1047D000CBBC00F00F0000F1805505F5B855AD00D9
:1047E0002C6814F4004A04F0800916D004F4006325
:1047F000034312D13B68DB68C3F309036BB9B9F11A
:10480000000F04D0114800EA0440FFF715FE04EA47
:10481000080343F080032B6006E040EA0440FFF702
:104820000BFEBAF1000FF2D1B9F1000FC9D024F09C
:10483000F0042405240D44F400442C60BFE700BFBD
:1048400000500040EC260020740300200000FF7F91
:104850002DE9F041EFF3108272B60021354B1C6850
:10486000196082F31088620507D5FFF765FE03F033
:10487000EDFC314B1B6803B19847230505D5FFF7C5
:10488000A5FE2E4B1B6803B19847E70405D5FFF73B
:10489000ADFE2B4B1B6803B19847A60503D5294BEA
:1048A0001B6803B19847650404D5274B1B680BB1FF
:1048B00002209847A00404D5234B1B680BB10120AC
:1048C000984721040BD5214C214D224EEFF3108146
:1048D00072B622682B6881F310889A4201D1BDE834
:1048E000F081EFF3108072B60B21236856F8232075
:1048F0000133B3FBF1F701FB1733236080F310881A
:104900001FFA82F8170C120205D5134B53F8283002
:104910000BB1082098473B04D8D50F4B53F82830EB
:10492000002BD3D017F4006F0CBF0420022098474F
:10493000CCE700BFEC26002098AA010894AA010841
:1049400090AA01088CAA010888AA0108F426002070
:10495000F0260020F826002048AA0108FEE7FEE71E
:10496000014608B510B1132001F04EF9002008BD32
:10497000EFF305834BB9EFF3108333B9EFF31183F2
:104980001BB9DFF80CC000DF70476FF005007047FF
:1049900061490108EFF310832BB9EFF31180C01ABE
:1049A00018BF0120704701207047000070B5474CC8
:1049B000217A012900F08580002940F08480444D4F
:1049C0009C2204F1080004F026F9EB68EE6AE36526
:1049D0002B8A3046A4F85430AB68296B236400F06E
:1049E00017F908B1C4F880606E69A969304600F013
:1049F0000FF908B9D4F880606667EE69296A304615
:104A000000F006F908B9D4F88060A6676E6AA96A52
:104A1000304600F0FDF808B9D4F88060E6676E6BA8
:104A20003EB13046F368B268316800F05AF9C4F814
:104A30008460AE6B3EB13046F368B268316800F016
:104A400050F9C4F88860EE6B3EB13046F368B26846
:104A5000316800F046F9C4F88C602E6C3EB13046E7
:104A6000F368B268316800F03CF9C4F890606E6C8D
:104A70003EB13046F368B268316800F032F9C4F8EC
:104A80009460AE6C3EB13046F368B268316800F0B5
:104A900028F9C4F89860EE6C3EB13046F368B2680D
:104AA000316800F01EF9C4F89C602D6D3DB12846B8
:104AB000EB68AA68296800F014F9C4F8A050012333
:104AC0002372002070BD4FF0FF30FBE77803002019
:104AD0006491010870B5224D2B7A012B03D04FF061
:104AE000FF34204670BD01F027F90028F7D0FF23DE
:104AF0001C4A1D4E82F8223092F82230D26893F080
:104B0000FF0314BFB3FA83F32023C2F30222C3F1DD
:104B10002003934298BF531CFE2202FA03F3114A6A
:104B200012497068D37701F097FA04460028D6D16D
:104B300001F0CAFA286101F0AFFA0D4800F094FEC6
:104B400000F006FF336813F0010F4FF0020303D0AB
:104B500083F314882B72C4E7032282F31488F9E7E5
:104B60007803002000ED00E0649101088BC5000887
:104B70009403002038B5084BDD6801F0ADFA044617
:104B800001F0B0FA18B101F0A7FA0446013501F0BE
:104B90009EFA05FB004038BD7803002070470000F6
:104BA00008B5FFF7FBFFEFF3058313B16FF00500C6
:104BB00008BDFFF7EFFE0028F8D1DFF808C000DFDE
:104BC000F6E700BFAD49010808B5EFF3058313B15F
:104BD0006FF0050008BDFFF7DDFE0028F8D1DFF813
:104BE00008C000DFF6E700BFD54A010808B5EFF3BB
:104BF00005831BB1BDE80840FFF7BCBFFFF7CAFE45
:104C00000028F7D1DFF804C000DF08BD754B0108AC
:104C1000034610B588B1084310F007000DD11729DD
:104C20000AD91022196008395C189C605A605850E3
:104C300099684A60D860012010BD0020FCE770B57B
:104C400078B391B1032A2CD80F3121F0070600F177
:104C50000804234624685D68E11A25F00305491B12
:104C60008E4204D921680029F3D1084670BD4168FD
:104C7000056831444160284450F8045C3243A9423D
:104C800088BF40F8041C586818B95A6003F108013D
:104C9000EBE720F0030019181C504A601960083136
:104CA000E3E70021E1E710B580B1C1B10022A1F135
:104CB000080400F10803A34209D1596821F0030454
:104CC0004168091B41603AB95A60012010BD19685A
:104CD0001A4621B10B46EEE71B681360F5E708465C
:104CE000F4E730B5C0B189B1C2B1CBB100244460A2
:104CF00002FB01F41D1901608260C360436105611C
:104D00001846013904D1A41A19510121084630BDB1
:104D1000851805602846F4E70146F7E71146F5E7F0
:104D20001946F3E710B570B100F1140353E8002FF2
:104D300012B9BFF32F8F04E0116843E8001404B1E7
:104D4000F4E70AB9104610BD043050E8003F591C82
:104D500040E8001404B1F8E7F4E730B5F0B1C368F7
:104D60008B421BD803698B4218D900F114031A68CF
:104D70000A60BFF35F8F53E8002F0C689442F6D1AE
:104D800043E8001505B1F2E7043050E8003F5A1E31
:104D900040E8002101B1F8E7002030BD6FF00300CA
:104DA000FBE7EFF310832BB9EFF31180C01A18BFA4
:104DB00001207047012070474B688A6823B19A60D0
:104DC0008A681AB153607047C262F9E7036370479B
:104DD0002DE9F84F80468A4610B309B3CF1C27F05F
:104DE00003070C3706D0B0FA80F1B7FA87F30B440B
:104DF0001F2B15DD07FB08FBEAB194686CB1A30714
:104E00000ED1D368332B0BD91569D2F800905369B2
:104E100055B92BB98CB11E461AE0D368002BF3D0DC
:104E200000242046BDE8F88F15F00306F8D19B4515
:104E3000F6D88CBB01E091461546234BD3F8A00071
:104E4000C0B1FFF76FFF04460028E9D001261DBB63
:104E50001D4B0022D86F5946FFF7F1FE1A4B05464D
:104E6000A0B9002EDCD0D3F8A000214648B1FFF74E
:104E700074FFD5E701223421D3F88000FFF7DFFE6D
:104E8000E1E7D3F88000FFF70EFFC9E75A4600219B
:104E900003F0C1FE46F00206FA23237000233A46CF
:104EA000A360A362E362236341462B46A670C4F865
:104EB0000490C4F824A004F10C00FFF712FF024B89
:104EC000024A1A67ADE700BF780300205F4F010870
:104ED00010B500F1280353E8002F12B9BFF32F8F4C
:104EE00004E0511E43E8001404B1F4E70AB90020BD
:104EF00010BD4FF00102C06A0028F8D0811CD1E833
:104F00004F3FC1E8442F04B1F9E7DBB2002BEFD0EB
:104F10008068F1E7036B30B5E3B10024CD78DA782F
:104F2000AA420FD31A464A608C608AB19160A4B13C
:104F30006160283050E8003F5A1C40E8002101B170
:104F4000F8E730BD5A681C46002AECD01346E6E765
:104F5000C162ECE74B608B60C1620163E9E7F8B5C1
:104F6000867804468EB30026C56801462846FFF7BA
:104F700023FF267005F10C00FFF7EFFEAB68002B56
:104F800049D005F10C00FFF7CDFE0446002842D0C1
:104F9000284600F069FC07463246314600F00EFD17
:104FA000384600F0BDFC6A6A0746816804F10C00CF
:104FB00003F05AFEF923A6702370FB68E3702146C4
:104FC0002846BDE8F840FFF7A5BF8568AB68002B11
:104FD000F5D05B78832BF2D1284600F045FC0746DC
:104FE0003246314600F0EAFC384600F099FC0646AD
:104FF0006A6A806804F10C0103F036FEF3680BB1B5
:10500000E2781A7000232370214605F10C00BDE8F8
:10501000F840FFF7A2BEF8BD2DE9F04104460E4668
:105020001746984600284AD00378FA2B47D1002922
:1050300045D08368CBB15B78832B16D100F014FC8C
:1050400005460122002100F0B9FC284600F068FC6A
:1050500005463146626A806803F006FEEB6813B9C4
:105060000020BDE8F0811F70FAE704F10C00FFF7A3
:1050700059FE054670B13146626A0C3003F0F4FD0A
:10508000F9232B70002329462046AB70EF70FFF701
:1050900041FFE5E7B8F1000F14D04146932000F03E
:1050A000B3FD10B96FF00100DBE7084B20465969EA
:1050B00000F0C8FBEFF309839E60DF60F2E76FF05A
:1050C0000300CEE76FF00200CBE700BF78030020BB
:1050D0002DE9F04104460F4616469846002857D061
:1050E0000378FA2B54D1002952D0FFF7F1FE054680
:1050F000C8B301462046FFF75FFE3846626A05F1F5
:105100000C0103F0B1FD0EB1EB783370002604F111
:105110000C07294638462E70FFF71FFEA368FBB127
:105120003846FFF7FFFD0546D0B1204600F09CFB56
:1051300007460122314600F041FC384600F0F0FB02
:10514000626A8168074605F10C0003F08DFDF923C2
:10515000AE702B70FB6829462046EB70FFF7DAFE35
:105160000020BDE8F081B8F1000F14D04146832043
:1051700000F04AFD10B96FF00100F2E7074B20463E
:10518000596900F05FFBEFF309839F60DE60F2E78F
:105190006FF00300E5E76FF00200E2E7780300201C
:1051A00010B50446EFF305830BB1002010BDFFF7E7
:1051B000F8FD0028F9D12046DFF804C000DFF5E74C
:1051C000D14D01082DE9F04106460F4690461C4698
:1051D000EFF305831BB166B96FF0030026E0FFF71C
:1051E000E0FD0028F7D130462346DFF84CC000DF51
:1051F0001CE03378FA2BEFD1002FEDD0002CEBD14F
:1052000006F10C00FFF78EFD054688B13946726A3B
:105210000C3003F029FDF92328462B70AC7085F87B
:1052200003806F60AE6000F029FA2046BDE8F0818F
:105230006FF00200FAE700BF19500108F8B5044604
:105240000F4616461D46EFF305831BB164B96FF098
:10525000030023E0FFF7A5FD0028F7D120462B46E9
:10526000DFF840C000DF19E02378FA2BEFD1002FE0
:10527000EDD0002DEBD12046FFF72AFE054670B198
:1052800000F10C01626A384603F0EEFC0EB1EB78D7
:1052900033702846EC6000F0F1F90020F8BD6FF0A3
:1052A0000200FBE7D1500108EFF310832BB9EFF3B5
:1052B0001180C01A18BF01207047012070470000FC
:1052C00038B5034628B3D0E900458068A0B110F096
:1052D000030201D0002038BDDB681B2BFAD913462E
:1052E000F522837000230270C57044608360C36040
:1052F000036143610376EEE7DB68002BEAD10A4BDA
:10530000D3F8940040B1FFF70DFD0028E2D001234F
:10531000E6E704460546F2E701221C21D3F88000A7
:10532000FFF78DFCF1E700BF78030020234B70B539
:105330005D6904460E46002D36D0002837D003782C
:10534000F52B34D1037E53B90361EB6AC560436129
:1053500003B118610123EC620020237670BDC2788E
:10536000D10706D5C168A94203D1FF2B22D0013352
:10537000F2E7FEB193070AD5E06895F9203090F97D
:1053800020209A4203DA80F8203000F07FFA31467C
:10539000532000F039FC10B96FF00100DEE7294618
:1053A000204600F04FFAF7E74FF0FF30D6E76FF0F6
:1053B0000300D3E76FF00200D0E700BF78030020BE
:1053C00038B5284B04465A69002A42D0002843D0F9
:1053D0000378F52B40D1037E002B40D0C168914269
:1053E0003DD1013BDBB2037633BB43690BB10169AD
:1053F0001961216911B34B61E3789B0705D592F9D7
:105400002110D36AE3B982F82010A3688BB120463B
:1054100000F02AFA00221146054600F0CFFA0023D8
:105420002361EB6AE560636103B11C610123EC62F7
:105430002376002000F096FA002038BDD362DBE727
:10544000986820B190F920008142B8BF01465B699D
:10545000D8E74FF0FF30F0E76FF00300EDE76FF0B3
:105460000200EAE7780300202DE9F0410446002617
:1054700001270CB9BDE8F081E378D4F814801B074C
:1054800012D5A36826767BB1204600F0EDF9002204
:105490000546114600F092FAEB6AE5602661636109
:1054A00003B11C61EC6227764446E2E710B4C3788E
:1054B0009B0719D5C06890F92130C26A94688C4264
:1054C00008BF8C6824B194F92040A342B8BF23469A
:1054D0005269002AF2D190F920209A4204D080F833
:1054E000203010BC00F0D2B910BC7047024608B59D
:1054F000EFF305830BB1002008BDFFF7D5FE0028B0
:10550000F9D11046DFF804C000DFF5E7C152010809
:10551000024608B5EFF3058313B16FF0050008BD2F
:10552000FFF7C2FE0028F8D11046DFF808C000DF00
:10553000F5E700BF2D530108024608B5EFF30583D8
:1055400013B16FF0050008BDFFF7AEFE0028F8D1DB
:105550001046DFF808C000DFF5E700BFC1530108BF
:1055600010B5D0E85F3F5A1C914200D80022C0E835
:10557000542F04B1F5E798B210BD000038B51A4CAD
:1055800000F09EFDE3680133E360236D03B19847AB
:1055900000F096F9002000F0E5F9236C1BB3A26B34
:1055A000A1698A4202D0A163E3631CE0E36BB3B953
:1055B000237A022B17D1656AADB195F9201092F9C3
:1055C000203099420FD1284600F057F9A06B00F027
:1055D0006FF9284600F0BCF9236CA563E4E7013BB2
:1055E000E363002BE4D038BD7803002038B5214CAC
:1055F00004F15605B4F85410D5E85F3F13B9BFF372
:105600002F8F04E05A1EC5E8502F00B1F4E79BB27B
:105610005BB31948FFF7A4FFE36D53F8200020B3F4
:105620000378F13B082BE5D801A252F823F000BF24
:1056300055560108F55501085B560108F555010856
:10564000F55501085F56010863560108F555010834
:1056500067560108236E9847CCE7636EFBE7A36E9D
:10566000F9E7E36EF7E7236FF5E70020BDE8384080
:1056700000F078B978030020D203002070B5164CF2
:105680000546B4F8541004F15602D2E85F3F99423F
:1056900002D8BFF32F8F04E0581CC2E8560F06B1A2
:1056A000F3E79BB2994205D82946BDE87040022035
:1056B000FFF755B904F15800FFF752FFE36D43F8C7
:1056C0002050637A23B94FF08052044B5A6070BD6A
:1056D0000123A372FBE700BF7803002000ED00E088
:1056E000EFF310832BB9EFF31180C01A18BF01201C
:1056F0007047012070470378F12B00D07047C068D5
:10570000F9E7000001230A4A10B590F92010437010
:10571000536A1C321BB193F920408C4205DCC260F5
:105720008360906003B1D86010BD1A469B68F1E7B2
:1057300078030020014B5869704700BF78030020B0
:10574000DFF804C000DFFEE7D95C0108002310B5D4
:105750000380837804469A0708D513F0100F016B75
:105760000E4B0FD0D3F88400FFF7F7FAA378DB07CE
:1057700012D50A4B2146D3F8880038B1BDE8104055
:10578000FFF7EBBA586FFFF78EFAEFE7D3F8800018
:10579000BDE81040FFF787BA10BD00BF78030020B6
:1057A000930710B502F0010422D400F1280384B15C
:1057B00053E8000F00EA01028A4203D0BFF32F8FA3
:1057C000002005E020EA010243E8002404B1EFE7ED
:1057D00010BD53E8000F084203D1BFF32F8F002004
:1057E00005E020EA010243E8002404B1F1E7EFE715
:1057F000806A00EA01031CB1994218BF0020E7E764
:10580000A34208BF2046E3E710B5C4690369621CE0
:1058100041690AD103B1596142691AB11361002388
:10582000436101E0064A136310BD1BB1DA69596197
:105830002244DA614269002AF0D1014AD362F3E7D7
:105840007803002010B591F9202083681BB193F9EB
:105850002040944205DAC8608B60816003B1D96052
:1058600010BD18469B68F1E783689A68826002B1B0
:10587000D06000221846DA607047C2682AB1836897
:10588000936003B1DA600023C360704710B504462B
:1058900064B12378F12B07D0FFF7EFFF01462046D4
:1058A000BDE81040FFF7CEBFE468F1E710BD00008F
:1058B0000123014643700148FFF7C4BF9403002051
:1058C00038B5164DEC6A44B3E369013BE36123BB91
:1058D0006378732B06D009D8532B0BD003F0DF036A
:1058E000432B0DD12046FFF706FF09E003F0EF033D
:1058F000832BF6E72046FFF7FEFE2146FFF7D6FD95
:105900002046FFF7BAFFFFF7D3FF246924B1E3690C
:10591000002BDDD000236361EC6238BD78030020EA
:10592000806B203070470000074B596951B10B6BF9
:105930008A6B934203D21A68044B9A4202D0012028
:10594000FFF70DB8704700BF78030020A52E5AE27C
:1059500008B502234370024B9861FFF7E5FF08BDCD
:105960007803002010B5144B04461A7A5969A0B97F
:10597000022A1FD15C6AECB194F9202091F9203001
:105980009A4217DD2046FFF778FF0846FFF7BAFE78
:105990002046BDE81040FFF7DBBF022A05D190F991
:1059A000202091F920309A42EFDC2046BDE81040DB
:1059B000FFF77EBF10BD00BF7803002010B514466E
:1059C000836B1962FFF720FF1CB1BDE81040FFF7A1
:1059D000C9BFBDE81040FFF76BBF10B54378044660
:1059E000332B0CD1416A90F82320FFF7D9FE0146F2
:1059F00028B12046BDE810400022FFF7DFBF10BDF0
:105A000070B5054648B30378F12B26D1002924DB75
:105A10004378042B24D000F1280353E8002F42EAF6
:105A2000010443E8004606B1F7E74378332B12D16F
:105A3000416A90F82320FFF7B3FE014658B195F86C
:105A4000233001229B0756BF6C6A044620EA0404F7
:105A50002846FFF7B3FF204670BD6FF00304FAE756
:105A60006FF00204F7E700002DE9F74F824601913D
:105A700040B1002A50D094684CB1A50702D1D36838
:105A8000432B07D80024204603B0BDE8F08FD3682D
:105A9000002BF7D102F11005E0CD35B16807F1D147
:105AA000002EEFD01FB9182705E0002F32D07B1E43
:105AB000372BE7D81EB17107E4D1472EE2D95368DE
:105AC000D2F800900093002C33D14A4BD3F88800D1
:105AD00040B3FFF727F904460028D3D04FF0010860
:105AE00075BBDFF810B1002E6AD1434ADBF88400A1
:105AF000566D002864D0FFF715F90546E0B9B8F1F6
:105B0000000FBFD0DBF888002146002862D0FFF7E5
:105B100024F9B7E71827CDE791461546182716460A
:105B20000092D2E701224421D3F88000FFF787F8E2
:105B3000D1E74FF00008D3E748F0100848F002081A
:105B400040F2F1132380009BFD22E3700023A36049
:105B5000E36023616361A361E3616362A362E36263
:105B6000A6F140032B44A363244B84F80280C4F8BD
:105B7000049084F8207084F8217062842563666341
:105B8000C4F83CA02B601C4B1B685B0727D4A36B9D
:105B900000201A4603F1340143F8040B9942FBD16B
:105BA000174BC2F838A053634FF08073D363019B47
:105BB000204613620F4B134A1A66FFF7D3FE62E7C3
:105BC0002A463146DBF87400FFF739F8054600280D
:105BD000B4D194E7DBF88000FFF765F852E74FF0A7
:105BE000CC33B608113E002ED1D045F8043F013E1B
:105BF000F9E700BF7803002064910108A52E5AE25E
:105C000041570108DB59010838B51E4C237A022B95
:105C100034D1636A002B33D063694A1C587015D1A4
:105C20000021226B6AB94FF0FF305961D8611A61C7
:105C300051B10B611448FFF717FEFFF789FE0120F1
:105C400038BD11461269EDE72363F3E70020E26AED
:105C500012B1D569A9420BD2D96158611A6158B104
:105C60000361002AE6D0D0695361401AD061E1E7B0
:105C70001046491B1269EBE7E362F2E70020DFE719
:105C80001846DDE77803002094030020F8B5114B97
:105C900005465C690F46164694B1002813DB0A4698
:105CA00001462046FFF77CFD48B97EB131463320DE
:105CB000656284F82370FFF7A7FF6FF00100F8BD5D
:105CC0004FF0FF30FBE76FF00300F8E76FF00200E2
:105CD000F5E700BF7803002038B5154D2B7A022B6D
:105CE00025D16B6A1BB36C69E06AFFF7BDFBA06945
:105CF00018B100221146FFF761FEEFF309830D484A
:105D0000A363FFF7B1FDFFF723FE00236B61E27889
:105D1000D20704D42046BDE83840FFF717BD04225F
:105D20006270E3606B6BA36003B1DC606C6338BDD1
:105D3000780300209403002038B50B4C0021A26D9D
:105D40000A48FFF791FE0A4D636EA8624BB100212D
:105D5000E26D0848FFF788FEA864003818BF0120EC
:105D600038BD0120FCE700BF649101085D490108CE
:105D700078030020CD5F010810B50446EFF30583DA
:105D80000BB1002010BDFFF7ABFC0028F9D1204675
:105D9000DFF804C000DFF5E7695A010808B5EFF342
:105DA000058313B1054B586908BDFFF799FC00281E
:105DB000F8D1DFF80CC000DFF6E700BF7803002061
:105DC0003557010838B502460D46EFF305831BB180
:105DD00062B96FF003041EE0FFF782FC0028F7D1E0
:105DE0001046DFF83CC000DF044614E01378F12BC6
:105DF000EFD1002DEDDB5378042B0ED002F12803F8
:105E000053E8001F41EA050443E8004000B1F7E70A
:105E10001046FFF733FC204638BD6FF00204FAE766
:105E2000015A010810B50446EFF3058313B16FF072
:105E3000050010BDFFF754FC0028F8D12046DFF81C
:105E400008C000DFF5E700BF8D5C0108EFF31083A9
:105E50002BB9EFF31180C01A18BF01207047012041
:105E600070470000002230B50B4D6B6C13B11C69FC
:105E70008C420AD901618260C3601BB11C699860C1
:105E8000641A1C612AB1D06030BD1A46091BDB6858
:105E9000ECE76864F8E700BF78030020C36810B53A
:105EA0002BB104691A69816822441A619960826879
:105EB0000AB1D36010BD014A5364FBE778030020A8
:105EC00038B504460D46A8B10378F22B12D189B13A
:105ED0004378022B07D1FFF7E1FF20462946FFF761
:105EE000C1FF002038BD064B1B6D33B10223437048
:105EF0006161F2E76FF00300F4E76FF00200F1E791
:105F00007803002070B5134D6C6C04B3012623692F
:105F1000013B23612369D3B9E3680BB1A2689A609E
:105F20006B640023E86C1A4604F11801FFF74AF984
:105F300018B121460320FEF712FDE378012B07D1AB
:105F400020466169FFF78EFF6C6C002CE2D170BDBA
:105F50006670F9E778030020F8B504460F46164648
:105F600008B90020F8BD0129FBD823B398681D6843
:105F7000A0B110F00302F4D1DB681F2BF1D9134656
:105F80004FF4F972837000230280C770456083600C
:105F9000C360036143618461C661E3E7DB68002B92
:105FA000DFD1094BD3F88C0038B1FEF7BBFE0028D7
:105FB000D7D00123E4E71D46F3E701222021D3F8DF
:105FC0008000FEF73CFEF2E7780300200B4B07B59C
:105FD0001A6E586E0821FFF7E3F8094C094BE0648C
:105FE00023654FF0FF3300226946E06CFFF726F986
:105FF0000028F6D1DDE900309847F2E76491010806
:1060000078030020055F010838B505461C46EFF30C
:1060100005830BB1002038BDFFF718FF0028F9D128
:1060200028462346DFF804C000DFF4E7595F010883
:10603000024608B5EFF3058313B16FF0050008BD04
:10604000FFF704FF0028F8D11046DFF808C000DF92
:10605000F5E700BFC15E0108A8B10C4B1B68B3FB9C
:10606000F0F00138B0F1807F0DD2FF22084B83F8A9
:1060700023204FF0E02306221A6158610020986126
:10608000044B187070474FF0FF307047D401002068
:1060900000ED00E010290020074B1A782AB10022F9
:1060A0001A704FF08062054B5A604FF0E02213697E
:1060B00043F00103136170471029002000ED00E058
:1060C0004FF0E0231B6970474FF0FF3070474FF0EF
:1060D000E0235869013070474FF0E02358699B690D
:1060E000C01A70474FF0E0231869C0F300407047B2
:1060F00080B400AF154B1B69002B22D0134B1B69DA
:1061000093F89C2193F89D1109020A4393F89E117C
:1061100009040A4393F89F311B061343002B10D048
:106120000A4B1B6993F89C2193F89D1109020A43BD
:1061300093F89E1109040A4393F89F311B061343F9
:1061400000E0034B1846BD4680BC7047F4A101082F
:10615000F8A1010880B400AF0F4B1B69002B14D0CD
:106160000D4B1B6993F8A02193F8A1311B02134337
:106170009BB2002B09D0084B1B6993F8A02193F820
:10618000A1311B0213439BB201E0034B5B8818460D
:10619000BD4680BC704700BFF4A1010880B400AFC9
:1061A000054B1B69002B14BF01230023DBB21846EB
:1061B000BD4680BC704700BFF4A1010838B50C4D46
:1061C0002C6894B9FFF7C6FF23460A49DAB251F8A2
:1061D0002220541C04D12B683BB9074B2B6004E0F0
:1061E00022B11488844201D12A6038BD0133EDE721
:1061F000142900201C04002020AE010870B5154DA4
:1062000004466B6F03B19847134B1B68EBB19A6957
:106210001AB12046BDE8704010479A78012A04D18F
:106220002046BDE87040FBF771BB022A0FD1A86F72
:1062300030B1FBF745F82046BDE87040FBF716BCCF
:1062400058680028F5D10420F3E7184670BD0120F6
:10625000FCE700BFF4A1010814290020064B014609
:106260001B6813B1DB6903B118470122034B09B165
:106270005A6170471A61704714290020000C0140D0
:10628000024B186800B1806A704700BF14290020D3
:1062900008B5064A064B07481A600022064B1A80CA
:1062A000F7F7E2F80122054B1A7008BD152500200A
:1062B000382A00201C290020342A00201829002018
:1062C000002307B50A48694601AA0093F7F7D7F8F3
:1062D00048B1DDE90012074B187840F08000FEF766
:1062E0002BFA03B000BD0122034B1A70F9E700BF7F
:1062F0001C290020A3AA01081829002073B5184BF7
:10630000184D1E88184C194B2A8821681878B21A23
:10631000FEF7E8F92A8881B223680A4492B20B4456
:10632000964223602A8006D9114B1878114B33F816
:1063300010308B4211D91049104801ABF7F7C8F85B
:1063400038B10F4E337823B10020FFF7B9FF002397
:10635000337000232B80084B236002B070BD00BF58
:106360009CAA0108342A0020382A0020A2AA010889
:10637000352C00209EAA0108152500201C2900208C
:1063800018290020420710B5044602D50020FFF767
:10639000B5FF230704D5BDE810400020FFF790BFEC
:1063A00010BD000010B5144C144A2168144B12881B
:1063B000CB1AD21A134B1878134B33F810309A4279
:1063C0000FDB124B1878FEF78DF92368104A03444F
:1063D0002360136823B10F49096809B9013B1360B1
:1063E00010BD01220C4B1A600A4B1B68002BF7D022
:1063F000074A13680133F2E74C2A0020AAAA0108D1
:1064000057250020352C0020A6AA0108AEAA0108B5
:10641000542A0020582A0020502A0020F8B5244E83
:10642000244D32682B68244CD21A04D12368C3B996
:10643000224A1360F8BD224B1968224B1B6899420F
:1064400007D3214B21481B8803448818834298BFF7
:106450005A1A1F4B19781F4B33F811309A42A8BFB4
:106460001A46002323601C4B154F1878396840F0FA
:106470008000FEF761F92B68134903443A680988E4
:106480002B60124D024429448A4218BF15463268D7
:106490003D60934209D10E4B1A780E4B33F81230FF
:1064A000984202D101232360C4E70023FBE700BF29
:1064B0006C2A0020682A0020702A0020742A0020FC
:1064C000602A0020642A0020ACAA01089725002039
:1064D000352C0020A6AA0108AFAA010800207047A9
:1064E0000020704700207047002070470020704750
:1064F0000020704708B50023164A17491360174A51
:106500001360174A1360174A1360174A1360174A3B
:106510000A6017490A60174A17491360174A13603F
:10652000174A1360174A1360174A0A6017490A602E
:106530006FF07F01164A1380164A1170937025215F
:10654000D37013715371082351709371FCF78CF859
:1065500008BD00BF782A0020642A0020742A002089
:10656000702A00206C2A0020682A0020972500202D
:10657000602A00205C2A00204C2A0020582A002093
:10658000542A0020502A002057250020482A0020A5
:10659000442A00203C2A002010B50024174B184A3A
:1065A0001C60184B1C60184B1C60184B1C60184B6F
:1065B0001C60184B1360184A1360184B184A1C6073
:1065C000184B1C60184B1C60184B1C60184B136058
:1065D000184A1360184B1C80FCF74DF86FF07F03CE
:1065E000164A137025235370082310469470D470F4
:1065F000147154719371FCF743F810BD782A002090
:10660000642A0020742A0020702A00206C2A0020AE
:10661000682A002097250020602A00205C2A00209C
:106620004C2A0020582A0020542A0020502A0020FA
:1066300057250020482A0020442A00203C2A002018
:1066400008B50E4A0E485178137843EA0123917831
:1066500043EA0143D17843EA0163190A03704170A8
:10666000190C1B0E8170C370137903715379437138
:1066700093798371FCF704F808BD00BFA5260020BC
:106680003C2A002010B50F4C2046FCF713F8C0B18F
:1066900001206278237843EA0223A27843EA024386
:1066A000E27843EA0263084A190A13705170190C20
:1066B0001B0E9170D3702379137163795371A37991
:1066C000937110BD3C2A0020A526002008B5024B7E
:1066D0001880FCF725F808BD442A0020044B054A21
:1066E0001888054B12681B689B1AC01A704700BFB8
:1066F000ACAA0108682A00206C2A00202DE9F84382
:106700001D4B1E4F1C881E4B3D681B680646ED1A2C
:10671000651B002D2DDDDFF86C801B4BD8F80000C9
:106720001B688D42A8BF0D46984220D3DFF85C90CD
:1067300043194C449C421AD8241A2246314602F08E
:1067400093FA2644C8F800902C1B54B122463146D7
:10675000D8F8000002F088FAD8F800302344C8F8CE
:1067600000303B682B443B602846BDE8F8832C464C
:10677000EBE70025F8E700BFACAA01086C2A00206F
:10678000682A0020642A0020602A00209725002023
:1067900038B50A4B0A4D1C682B689C420CD9E41A88
:1067A0008C42A8BF0C461946224602F05DFA2B68BF
:1067B00023442B60204638BD0024FBE74C2A0020F0
:1067C000482A002008B5FFF7E7FE08BD38B51F4B83
:1067D0001B78002B38D01E4C226862B91D481E4918
:1067E00005680B689D4206D11C4B9D421FBF03608C
:1067F0000B601B4B1A601B4B1B6893B1184A236834
:1068000015681D430DD101232360FFF7CBFD114B0C
:1068100025601868104B1B68984202D0C01AFFF719
:106820005DFE114D114A2B68116853EA01040BD12A
:106830000F4B19680F4B1B68994205D001232B6041
:106840001360FFF7EBFD2C6038BD00BF442C002027
:106850005C2A00204C2A0020482A002057250020CE
:10686000502A0020542A0020782A0020742A002070
:106870006C2A0020682A00207047000070B50D4C7B
:10688000256825B10C4A13680133136070BD0123DC
:106890000A4E23603360FFF785FD094B35601868A9
:1068A000084B25601B689842F0D0C01AFFF716FE0F
:1068B000ECE700BF5C2A0020542A0020582A002060
:1068C0004C2A0020482A002010B5064C236843B902
:1068D00001232360044B1B680BB1FFF79FFD0023CE
:1068E000236010BD782A0020742A0020420710B5CA
:1068F000044601D5FFF7C2FF230704D52046BDE8B3
:106900001040FFF7E1BF10BD08B52949294B0978B0
:106910001A79914203D028490978914206D15A78D0
:10692000042A0CD9A2F12001032901D9002011E089
:10693000213A022A0AD8DFE802F02A2D3400013A6F
:10694000032A03D8DFE802F0070211181B4B1C4A88
:106950001A60012008BDFFF7C5FD0028E6D0174BDF
:10696000174A1A6001F0A2FCF3E79A78D87842EA55
:106970000020FFF7BBFDF0E79A78D87842EA0020C4
:10698000FFF7B6FD0028D1D001F0BCFCE1E7FFF72E
:1069900079FEE2E79A78D87842EA0020FFF796FE7F
:1069A000F0E79A78D87842EA0020FBF797FEE9E70B
:1069B000D8250020242C0020D72500202C2C0020B6
:1069C000A526002008B51149114B09781A79914282
:1069D00003D010490978914216D15A78022A09D079
:1069E000202A0ED082B9FFF77BFD68B101F08AFC46
:1069F000012008BD9A78D87842EA0020FFF774FD9C
:106A0000F3E7FFF71DFEF0E70020F2E7D8250020AE
:106A1000242C0020D72500201B4B10B5DA78212A22
:106A200003D0222A20D000201DE0184A1B791278BA
:106A30009A4203D0164A12789A42F4D1154B1A782A
:106A4000154B1B780BB9012AEDD0144B144C002ABE
:106A500008BF2346134A036012881344124A136086
:106A6000092301200B6010BD084A1B7912789A4255
:106A700003D0074A12789A42D5D10B4B0B4A1A60C1
:106A80000B4B1B88EDE700BF242C0020A426002020
:106A900056250020352C0020C7AA01084C240020D0
:106AA0004D2400206A0300202C2C00201AAA010883
:106AB00018AA010810B5244A244C127823799A4266
:106AC00003D0234A12789A423BD16378013B0A2BC8
:106AD00037D8DFE803F00624303636363636182A43
:106AE000330000F063F860B3E378012B06D1194B53
:106AF000194A1A6001F0DAFB012010BD032BF9D10D
:106B0000144B164AF5E7E378022B03D1114B144AD4
:106B10001A60F1E7032BEFD10E4B104AF8E700F0B3
:106B200083F870B10B4B0F4AE3E700F08BF840B1EC
:106B300001F0E8FBE0E700F09FF8F2E700F0A6F8CC
:106B4000F5E70020D9E700BFA4260020242C002070
:106B5000562500202C2C00205E2600201B2600201D
:106B60001D260020A526002008B50B490B4B0978EF
:106B70001A79914205D00A490978914201D0002042
:106B800008BD5B78092BFAD100F02CF80028F6D06C
:106B900001F0B8FB0120F3E7A4260020242C0020FC
:106BA0005625002000207047704700000A4908B5AC
:106BB000C87802280DD0032809D00128074A18BF39
:106BC00000220023897800F083FA012008BD044ADE
:106BD000F7E70020FAE700BF242C00205E26002003
:106BE0001B26002037B50D49C878022810D003288D
:106BF00010D0012810D0002200258B79CC79009587
:106C0000897843EA042300F08DFA012003B030BDF7
:106C1000034AF1E7034AEFE70020F7E7242C0020BE
:106C20001D2600201B260020034B044A9B780120D0
:106C3000D25C034B1A707047242C00209E26002043
:106C4000A5260020094A10B59378D178084A43B99F
:106C500008480478D8B2844206D902F8011B0133EF
:106C6000F8E71A4402F8011C012010BD242C002072
:106C70009E260020BAAA010808B5FFF793FF024B31
:106C80001870012008BD00BFA526002008B5034BE1
:106C90009878FFF789FF012008BD00BF242C002051
:106CA0002DE9F8434F4C504E238832889BB29A42CC
:106CB0001DD34E4B1B68D3B94D4F33803B6001232E
:106CC0004C4D18462A4615F8011C00F001FA2080A8
:106CD000238805F1FF389BB24BB1474BC7F80080C2
:106CE0001B78012B89BF23883D60013323802388D3
:106CF0009BB223B9414A1168002934D0136023881C
:106D00003A4D9BB20BB92B685BB33D4F23883A7861
:106D10003C4C318834F812805B1A9BB2984528BFEE
:106D20009846394BDFF8C890187830B14246D9F808
:106D3000001040F08000FDF7FFFCD9F80030334A26
:106D40004344C9F800303388128843449BB29A42C6
:106D5000338044D93B7834F8133043453FD1012385
:106D60002B60BDE8F8832A4F3B68002BC7D0224A2E
:106D7000284D1278012A10D805F8011B02232A4653
:106D80000120318000F0A4F9208023889BB20BB150
:106D9000174B1D6000233B60B1E7012229782029B1
:106DA00028BF002102FA01F818EA030F01F10101DE
:106DB000C9B2F4D000232970012033800D4A022388
:106DC00000F086F9208023889BB223B1084B1D6018
:106DD0002388013323803B6823EA0803DBE7002391
:106DE000BEE700BF922A0020902A00208C2A0020B3
:106DF000942A00205E260020BAAA01089C2A0020BE
:106E0000352C0020BCAA0108C4AA0108B8AA0108B0
:106E1000982A00205D26002000230C4A13700C4A9B
:106E200013600C4A13600C4A13600C4A13800C4A1E
:106E300013800C4A13600C4A13600C4A13800C4AEE
:106E400013800C4A13600C4A13807047A02A00205C
:106E50009C2A0020982A0020942A0020922A0020B0
:106E6000902A00208C2A0020882A0020862A0020D0
:106E7000842A0020802A00207E2A00202DE9F04F5D
:106E8000504B87B01B78002B00F099804E4A0227A8
:106E900010784FF0010A431C13704C4B4C4D19787D
:106EA000042301EB4106B340013B98424FF000033D
:106EB000A4BF137001230193464B07FA06F61A8804
:106EC0004548FE2A9EBF013292B21A80434B059676
:106ED00033F81180424B1B780493424BD3F800E007
:106EE000414B71460393002399461C46049FDEB232
:106EF000B7421BD8B9F1000F02D00020324B1870F6
:106F000014B18E46374B1960904502BF0022314BB9
:106F10001A80BEF1000F52D0344B188880B200287E
:106F20004DD107B0BDE8F04FFFF7BABE019E66BB7A
:106F3000059F02962E7806FA07F7B8453BDD904587
:106F400032D0371E18BF0127DDF80CC01CF801BB7A
:106F50005E45CDF80CC00AD0067885F800B05E45D5
:106F600021BF4FF001090AFA03F421434C46029E67
:106F70003EB11FB90AFA03F4214301244FF0000681
:106F80000670013301300135B0E70678FF2E1CBFD3
:106F9000013606702E78002ECAD090F800C0B44595
:106FA00034BF00260126C3E73EB10AFA03F42143A9
:106FB00001242746C8E70027C6E73746C4E707B0DD
:106FC000BDE8F08F442C00207C2A0020352C0020C6
:106FD0009F260020A2260020A0260020C0AA01088B
:106FE000BAAA0108982A00209E260020922A002092
:106FF0002DE9F8431A4B80461B88144693422DDB3B
:10700000184B187840B30122174B184D1A602F887F
:10701000BFB2002FFBD1DFF8589022464E4606F84B
:10702000018B304601F020FE124A134B1780134AA1
:107030002C801278C3F80090012A88BF2B884FF06B
:1070400000008ABF01331E602B80FFF729FE00225B
:1070500001200B4B03F80820BDE8F8830020FBE774
:10706000B8AA0108442C00209C2A0020922A002063
:107070005D260020902A0020942A0020BAAA010848
:10708000A026002007B50B48694601AAF6F7F7F9D4
:1070900038B1019B402B06DD312200200649FBF769
:1070A0000DFC03B000BD402200990020FFF7A0FFB7
:1070B000F7E700BFA42A0020A8A101080122024B83
:1070C00002481A70F6F7D0B9BC2B0020A42A002081
:1070D000012837B515461C4602D0002003B030BD4C
:1070E000012BFAD869460C4801AAF6F7C8F970B125
:1070F000019A402A05DD4E2200200849FBF7DEFBFD
:10710000EBE72846009901F0AFFD4020E6E7012CAF
:10711000E3D1034B1C70E0E7A42A0020A8A10108DA
:10712000BC2B0020022813B511461A4606D12BB1FC
:107130000B78072B04D101220B4B1A7002B010BD43
:107140000A4801ABF6F7C4F940B1094C2378002B8B
:10715000F4D0FFF797FF00232370EFE7782205496B
:10716000FBF7ACFBEAE700BF84040020A42A002060
:10717000BC2B0020A8A1010800F058B808B51A4A95
:107180001A4B12781979914201D0002008BD5A7823
:10719000FE2A13D0FF2AF8D1D9789A7842EA012240
:1071A0009979DB7941EA03231A43EED100F072F8B2
:1071B0000028EAD001F0A6F80120E7E79A78D9780C
:1071C00052EA0122E1D19A79DB7942EA0323012BC9
:1071D000DBD100F073F80028D7D0054B054A1A60C0
:1071E00001F064F8E8E700BF19260020242C0020F5
:1071F0002C2C0020A52600207047000010B5044666
:10720000FDF762FA230654BF01234FF48030064A8B
:1072100054BF03FA04F004F00F04136848BFA04001
:107220000343136010BD00BF3C2C0020144B1B799E
:107230001A0603F08F0045BF03F00F024FF48033AE
:10724000012393400F4A58BF8340127842F08002D6
:10725000824214D10C4A1268134210D00B494A786A
:107260000B7843EA02238A7843EA0243CA7843EA66
:107270000263074A934202D10D22FDF75DBA7047BF
:10728000242C0020B7AA01083C2C0020DC2B002075
:10729000555342530023064A01201360054A1370D8
:1072A00053709370D3700722034B1A70704700BF5E
:1072B000382C0020DC2B0020C42B00200022024BA5
:1072C00001201A70704700BFA526002010B5194A8A
:1072D000194C517A137A43EA0123917AD27A43EA1C
:1072E000014343EA026322681449934297BF1A4656
:1072F0000423236003230B70114B1249187840F0CC
:107300008000FDF719FA104A517A137A43EA0123F3
:10731000917A43EA0143D17A43EA016321685B1A17
:10732000190A13725172190C1B0ED37200231373B6
:10733000917210BDE92B0020C02B0020C42B00202F
:10734000B7AA0108D9250020DC2B002008B5552359
:10735000084942220B7053234B70CB70064B8A7046
:1073600018780D2240F08000FDF7E6F90522034B66
:107370001A7008BDDC2B0020B7AA0108C42B00201E
:1073800038B51A4B1C681A4B1C606CBB194A1A4D55
:10739000517A137A43EA0123917A43EA0143D17A7D
:1073A00053EA016309D092F90C30A3420BDA134B74
:1073B000187840F08000FFF721FF01232B73FFF7BF
:1073C000C5FF204638BD6A7A2B7A43EA0223AA7A9F
:1073D00043EA0243EA7A43EA0263094A12689342A3
:1073E000EBD0084B1878E6E70124EAE7202C0020D0
:1073F000D82B0020E92B0020DC2B0020B7AA0108A5
:10740000C02B0020B6AA01082DE9F8433C4F3D4BA4
:107410003A681B683C4D9A423DD300263B4B187896
:1074200040F08000FFF7EAFE2E73FFF78FFFFFF7B3
:10743000A7FF041E18BF3446354EDFF8D8803368E6
:10744000DFF8D490002B31D1002C31D0334AD8F85A
:107450000030126838681A44013AB2FBF3F2D9F8E6
:1074600000309A4228BF1A462D4B1968F8F786FA61
:107470002B4B264A1968107833682246194440F08D
:107480008000FDF759F9254933680A682344121B27
:1074900033600A600CE0234B1A78234B33F81260F8
:1074A0001E4B1B689E4228BF1E46C0E7002CDFD142
:1074B000D9F80010D8F800204A439A4204D100239A
:1074C00033603B680B443B606A7A2B7A43EA0223C1
:1074D000AA7A43EA0243EA7A43EA02631B1B1A0AC6
:1074E0002B726A721A0C1B0EAA72EB7234B10B4B20
:1074F0001B681BB903210D4A2B731170BDE8F8837B
:10750000D02B00200C2C0020DC2B0020B7AA010877
:10751000CC2B0020142C0020102C0020C82B002085
:10752000082C0020352C0020B2AA0108C42B002012
:107530002DE9F843454E464B32681B68454F9A4249
:1075400009D30024444B3C601878FFF757FE434BA7
:107550001C73FFF7FBFEFFF713FF00B93860DFF87D
:1075600000813A68D8F800303E48134402689342DC
:107570004CD800213C4C3D4D3A68D8F800308A4246
:107580004BD83B4D13442968C8F80030A1EB0209E1
:10759000C5F80090CAB1374C01682268B9F1000FF4
:1075A00043D1002B41D04C1E1C44B4FBF1F4944257
:1075B00028BF14462D4B224619683068F8F7F4F9B5
:1075C0003368C8F8009023443360244A3968507AFD
:1075D000137A43EA0023907A43EA0043D07A43EADD
:1075E00000635B1A180A13725072180C1B0E90720B
:1075F000D37249B32B681BB11F4B1B78052B23D1CA
:1076000000231373BDE8F843FFF7A0BEFE22BDE8D8
:10761000F84300201949FBF751B92A6814F801CB47
:107620000A4402F803C00131A6E751438B42CCD192
:107630000E4B30681968F8F7B7F900232268C8F8CC
:10764000003033681344BFE7BDE8F883D02B002037
:107650000C2C0020C02B0020B6AA0108DC2B002037
:10766000CC2B0020142C0020D9250020082C002031
:10767000C82B0020102C0020C42B0020D0A1010812
:10768000F8B53C4D3C4B2A681B683C4F9A4209D3E5
:1076900000243B4B3C601878FFF7B0FD394B1C735E
:1076A000FFF754FEFFF76CFE374C10B9386000212D
:1076B00028E03A682368002AF9D0344E83B9344B65
:1076C000344A1B68126831681A44013AB2FBF3F27B
:1076D000314B28681B689A4228BF1A46F8F74EF9C2
:1076E0002368366839689A192C480B44334493420E
:1076F00008D012F8017B10F8016BB742F7D00022D6
:10770000274B1A60234A236810680B44401A106004
:10771000214A236016681E4A12687243934204D1BC
:10772000002323602B6833442B60164A547A137A63
:1077300043EA0423947A43EA0443D47A43EA046391
:107740005B1A1C0A137254721C0C1B0E9472D372B7
:1077500071B118B1134B1B78052B09D1104B1B6865
:10776000B3FA83F35B091373BDE8F840FFF7EEBD8E
:10777000F8BD00BFD02B00200C2C0020C02B002017
:10778000B6AA0108DC2B0020CC2B0020082C0020FE
:10779000142C0020C82B0020102C0020D9250020FC
:1077A000D42B0020C42B0020002110B52F4CA27C2C
:1077B000637C43EA0223E27C43EA0243227D43EAFC
:1077C00002632B4A1BBA13602A4A1160E27BA82A83
:1077D00023D01CD82A2A2CD02F2A2AD0282A2CD0D1
:1077E000254A12685343254A1360617A227A42EA95
:1077F0000122A17A42EA0142E17A52EA016223D1EE
:1078000001221F4B1A73FFF7A1FD002010BDAA2A09
:10781000E6D1FFF7B5FD0028F7D0A27D637D43EAEE
:107820000223E27D43EA0243227E43EA02631BBA5B
:10783000D6E7FFF7A5FD0028E7D0A37DE27D43EA68
:1078400002235BBA9BB2CBE793420DD094F90C3084
:10785000002BB5BF0B4B0C4B18781878B8BF40F015
:107860008000FFF7CBFCCBE70120CFE7E92B00201E
:10787000D02B0020CC2B0020142C0020C82B002063
:10788000DC2B0020B7AA0108B6AA010808B50F4AE8
:10789000517A137A43EA0123917A43EA0143D17A78
:1078A00053EA016306D10222094B1A73FFF74EFD1A
:1078B000002008BD92F90C30002B04DB054B187832
:1078C000FFF79CFCEFE70120F3E700BFE92B002066
:1078D000DC2B0020B6AA010810B5FFF7D7FF00285F
:1078E0003AD0702200241D4B1D481A701D4A5C704E
:1078F0001268016832EA01011BD006219970282123
:107900005C731973026000220A21DA701A715A71CD
:107910009A711A725A729A72DA729A73DA731A74C4
:107920005A741222D971104BBDE810401A60FFF74B
:10793000CDBC2AB9022199703A2119735A73E2E732
:107940000A4A127B12B99A701A73F7E705229A70E5
:10795000202259731A73D6E710BD00BFD925002025
:10796000D82B0020202C0020C02B0020DC2B002056
:1079700008B5FFF78BFFF0B180210F4B0022597043
:1079800002219970D97020211A705A719A71DA7196
:107990000A4A197110680822017851B101309954CE
:1079A0000132242AF8D1064B1A60BDE80840FFF7DF
:1079B0008DBC2021F3E708BDD92500206C030020F1
:1079C000C02B002010B5FFF761FF48B3FFF7D8FCCC
:1079D00030B30322134B04201A70002212495A704C
:1079E0000978DA70C9019970104B1860104B5C7AF5
:1079F000197A41EA04219C7A41EA0441DC7A41EA9D
:107A00000461814208D90B49187208724A728A725D
:107A1000CA725A729A72DA72BDE81040FFF756BC09
:107A200010BD00BFD92500201C2C0020C02B002039
:107A3000DC2B0020E92B002010B5FFF727FF68B3EF
:107A4000FFF79EFC50B3062100230820144A517012
:107A500014491370937009781371C901D17053716F
:107A60009371D371104A1060104A547A117A41EA26
:107A70000421947A41EA0441D47A41EA04618142C2
:107A800008D90B49107208724B728B72CB72537209
:107A90009372D372BDE81040FFF718BC10BD00BF51
:107AA000D92500201C2C0020C02B0020DC2B00201E
:107AB000E92B002008B5FFF7E9FEE8B1FFF760FC0D
:107AC000D0B10E4B1A680E4B013A110E1970110C01
:107AD0005970DA70110A0B4A99701268110E1971F7
:107AE000110C5971DA71110A08229971064B1A604A
:107AF000BDE80840FFF7EABB08BD00BF0C2C002022
:107B0000D9250020142C0020C02B002010B5FFF731
:107B1000BDFE002839D0FFF733FC002835D00821FE
:107B200000221A4BD9701A491A705A709A70096853
:107B3000080E1871080C5871D971080A02211972BF
:107B4000144998710968080C5872080A98720C2038
:107B5000D972114B1860114B5C7A197A41EA0421F1
:107B60009C7A41EA0441DC7A41EA0461814208D905
:107B70000B49187208724A728A72CA725A729A72E1
:107B8000DA72BDE81040FFF7A1BB10BDD925002077
:107B90000C2C0020142C0020C02B0020DC2B0020FB
:107BA000E92B002038B5FFF771FE00283CD00222F7
:107BB00003211E4B1E4D1A705A701E4B1E4C2A601C
:107BC0001970617A237A43EA0123A17A43EA0143D7
:107BD000E17A43EA0163934209D9002317492272EB
:107BE0000A724B728B72CB726372A372E372144B84
:107BF000022218780D4940F08000FCF79DFD627A62
:107C0000237A43EA0223A27A43EA0243E27A43EA6E
:107C100002632A689B1A1A0A237262721A0C1B0EDC
:107C2000E3720123A272237338BD00BFD92500205F
:107C3000C02B0020C42B0020DC2B0020E92B0020CF
:107C4000B7AA010810B5FFF721FE38B320220023A0
:107C50001349144C0A704B70CB770321124B2260EE
:107C60001970124B0E49187840F08000FCF764FD43
:107C70000F4A517A137A43EA0123917A43EA014386
:107C8000D17A43EA016321685B1A190A13725172AF
:107C9000190C1B0ED37201239172137310BD00BF18
:107CA000D9250020C02B0020C42B0020B7AA010832
:107CB000DC2B002010B5134A517A137A43EA0123D2
:107CC000917A43EA0143D17A53EA016413D092F9DD
:107CD0000C30002BB5BF0C4B0C4B18781878B8BF84
:107CE00040F08000FFF78AFA0122094B1A73BDE8C1
:107CF0001040FFF72BBBFFF743FB10B1044B1C7385
:107D0000F5E710BDE92B0020B7AA0108B6AA0108C3
:107D1000DC2B002038B5094B094C9D7C5DB9D87C23
:107D2000084B00F001001860FFF766FA2573BDE804
:107D30003840FFF70BBB01232373F8E7E92B002042
:107D4000DC2B0020202C0020034B044ADB7C03F0BA
:107D500001031373FFF7FABAE92B0020DC2B002094
:107D60000022024B1A73FFF7F1BA00BFDC2B002090
:107D7000A24BA34A196870B51F290D464FF00003A6
:107D800028BF1F2514469F48AB4240D11F2940F011
:107D900018816278237843EA0223A27843EA0243F7
:107DA000E27843EA0263984A934240F00A8162799A
:107DB0002379964D43EA0223A27943EA0243E2790A
:107DC00043EA02631A0A2B716A711A0C1B0EAA711C
:107DD000EB71627A237A43EA0223A27A43EA0243EE
:107DE000E27A43EA02631A0A2B726A721A0C1B0EB9
:107DF000EB72637BAA7223B9A37B013BDBB20F2B2F
:107E00000BD901232B73BDE87040FFF79FBA10F820
:107E1000016B013302F8016BB6E7E37B2F2B5DD8D2
:107E2000192B29D8032B67D0122B69D0002BE8D14E
:107E3000BDE87040FFF73EBF9E3B0C2BE1D801A28E
:107E400052F823F0417F0108037E0108037E0108F8
:107E5000397F0108037E0108B57F0108037E010810
:107E6000037E0108037E0108037E0108497F0108A3
:107E7000037E0108717F01081A3B152BC1D801A2AE
:107E800052F823F0197F0108097F0108037E0108D9
:107E9000037E0108117F0108037E0108037E0108AB
:107EA000037E0108037E0108297F0108037E010883
:107EB000317F0108037E0108037E0108497F010824
:107EC000037E0108717F0108037E0108037E01081B
:107ED000037E0108037E0108877F0108AA2B90D842
:107EE0009D2BA9D85A2B1BD0912B01D0352B88D193
:107EF000BDE87040FFF734BFBDE87040FFF7ECBC51
:107F0000BDE87040FFF734BDBDE87040FFF702BF29
:107F1000BDE87040FFF718BFBDE87040FFF752BDE5
:107F2000BDE87040FFF788BDBDE87040FFF7EEBDCB
:107F3000BDE87040FFF7BEBDBDE87040FFF732BE40
:107F4000BDE87040FFF77EBEFFF72EFC60B394F9EA
:107F50000C30002B06DA02222D4B1A70BDE870405F
:107F6000FFF752BA2B4B1878FFF748F9022349E77D
:107F7000FFF71AFCC0B194F90C30002B15DB01227D
:107F8000234B1A7010E0237C13F002033FF43AAF46
:107F9000FFF70AFC40B194F90C30002B05DB0123FC
:107FA0001B4A13701C4A136070BD1C4B187840F0BC
:107FB0008000D9E7194B187840F08000FFF71EF9D0
:107FC0001FE7164B164C1D7845F08000FFF716F999
:107FD0004FF48033226805F00F05AB401343236054
:107FE0000C4B1D782846FFF709F901232268AB40A6
:107FF000134323600622064BC3E700BFC02B0020BB
:10800000E92B0020D925002055534243DC2B0020CA
:10801000C42B0020B6AA0108D42B0020B7AA01085F
:10802000382C002008B5104A1378023B032B19D8CE
:10803000DFE803F002120C160C4BDB7B03F07F032E
:10804000282B0FD1BDE80840FFF7DEB9084B1878A0
:1080500040F08000FFF7D2F8BDE80840FFF776B99E
:108060000023137008BD00BFC42B0020E92B0020A3
:10807000B7AA010808B5214B1A78072A31D8DFE8DA
:1080800002F02C043030301430261D4BDB7B2F2BBC
:1080900007D003F07F032A2B2ED1BDE80840FFF75D
:1080A00047BABDE80840FFF7EBBA164B16491A78F5
:1080B00001239340154A1268134218BF0120BDE8FE
:1080C000084040F23F4208BF0020FAF7F7BB002209
:1080D0001A700F4B1B681F2B0ED1BDE80840FFF72D
:1080E00047BE084B1878FFF789F80222094B1A732C
:1080F000BDE80840FFF72AB908BD00BFC42B002027
:10810000E92B0020B6AA0108D0A101083C2C0020D0
:10811000C02B0020DC2B0020FFF7BCB808B5064BB5
:1081200006491A88064B1878FCF7DCFA054B1860EC
:10813000BDE80840FFF79EBFB0AA0108D92500207E
:10814000B6AA0108C02B0020420710B5044602D58C
:108150000020FFF7E3FF230703D5BDE81040FFF73A
:1081600061BF10BD2B4A70B5137813F01F0303D005
:10817000022B19D000230FE09178D27841EA022235
:10818000012A09D1244C48B11046FCF739FA23885A
:1081900043F0020323800123184670BDFCF730FA38
:1081A000238823F00203F5E711790B0649BF4FF44A
:1081B0008034012401F00F039C40184B01F08F051F
:1081C0001B7858BFAC40002BE6D011F00F03E3D072
:1081D000134B1B682340DFD09378D27853EA0223F5
:1081E000C8D138B12846FCF76FFA0E4A136823430A
:1081F0001360D0E70C4B1B681C42CCD12846FCF71F
:1082000067FA2846FEF7B8FF064A136823EA040314
:10821000EEE700BF242C0020462C0020442C002038
:10822000402C00203C2C0020382C0020002208B5D7
:10823000044B1A70FCF746F8FCF742F8BDE808401A
:10824000FCF74AB9352C0020FCF758B9084B4FF021
:1082500001111A78074B1A800023074A1370074A46
:108260001370074A1160074A1360074A136070478A
:10827000C8AA0108462C0020452C0020442C0020D0
:10828000402C00203C2C0020382C0020024B187879
:10829000003818BF01207047442C0020082200201D
:1082A0000149FCF71FBA00BF242C002010B50A4A70
:1082B0000A4C1278A3889A4228BF1A460AB9084B7A
:1082C0001A7080202168FCF737FA23680344236082
:1082D000A3881B1AA38010BDC5AA01082C2C00205E
:1082E000342C002010B5064C0020A2882168FCF731
:1082F000F9F9236803442360A3881B1AA38010BDE7
:108300002C2C0020002280201146FCF715BA00001A
:10831000024B00201A780249FCF7E4B9C5AA01080B
:10832000A52600202DE9F04F10F0020F824687B0FD
:1083300000F08A80924CFFF7B1FF2078914DC0F396
:10834000C010FCF7B7F9E279A37943EA0223AB80C6
:108350002378C3F34112012A00F04583022A00F07A
:108360005783002A40F0B38063780B2B00F2AF8074
:10837000DFE813F00C004D00AD005900AD005B00CC
:10838000A600AD00A601AC019102A502237803F07E
:108390001F03012B07D0022B15D0002B40F0978034
:1083A000794B2B6030E0794B1B78002B00F08F80ED
:1083B000774B22791B789A4280F089800022754B96
:1083C0001A705A70EDE794F904302279002BB5BF8A
:1083D0004FF48033012302F00F0102F08F018B4034
:1083E0006A49097809B9120771D16B4A12681342B8
:1083F0006DD06A49674A09680B4214BF0123002304
:108400001370002353702A60FFF750FF1CE0002018
:10841000FFF7A8FE00285AD0FFF774FF604B1B68D7
:1084200093B1984710E00120F2E72378DF064ED1A0
:10843000A0785C4B60F07F02012100F07F001A7091
:10844000FCF7E0F8FFF75EFF1AF0040F17D04C4D71
:1084500095F90030002BC0F2F8824A4CA38873B122
:10846000FFF740FFA38853B92B78C3F34112012AC9
:1084700000F0DB828020FCF727F90023A3801AF0AC
:10848000080F0DD03E4B93F90030002B80F2E082B4
:108490003C4B9B8813B9444B1B780BB1FFF706FF8D
:1084A0001AF0400F02D00020FCF712F91AF0800FEA
:1084B00000F0DC82802007B0BDE8F04FFCF708B97F
:1084C000237813F01F0313D0012B00F0F18094F9EF
:1084D0000030002BC0F2A782A379E27953EA02238D
:1084E00000F0A1820020FCF7EFF80023AB80ABE79F
:1084F000E378013B0E2BEAD801A252F823F000BF2B
:108500003D850108C58501085D860108CF84010805
:10851000CF840108658501081F860108CF84010802
:10852000CF840108CF840108CF840108CF840108DB
:10853000CF840108CF8401089B8601081B4B2B6068
:1085400012230593059BAA889A427FF65DAF184ACD
:10855000AB801278013A1A427FF456AF0122124BD7
:108560001A7051E7134B1B78002BB0D0124B134AF3
:108570001978134B002908BF13462B600A23E0E744
:10858000242C00202C2C0020462C0020442C0020E1
:10859000362C0020A5260020402C00203C2C00205A
:1085A0003CAA0108452C0020342C002005AA010813
:1085B000C5AA0108C7AA0108352C002004AA010891
:1085C00003AA0108914A924B12781B7812B9012B29
:1085D0003FF47DAF0222B3B98E4B04935A70002250
:1085E000049811460346A678B1420ED1002A08BF6E
:1085F00003461A78002A3FF46AAF2B609A78DB783A
:1086000042EA03239DE7844BE7E71F782FB19A786E
:10861000DF7842EA0722134401220131E4E77B4B71
:108620001B78002B3FF453AF794B07221B789BB983
:10863000794B04935A700022049811460346A67899
:10864000B142D3D01F782FB19A78DF7842EA07225F
:10865000134401220131F3E76E4BEAE7A0786F4B38
:108660000328049316D1F8F787FA2860037868E79F
:108670001E780EB10122334401318142F8D167499D
:10868000002A08BF0B461A78002A3FF420AF2B605F
:10869000059257E700221146EFE7614B1B78002B4C
:1086A0003FF415AF5F4B1A782B60002AA6D10EE776
:1086B00005A904A8FEF7B0F900287FF443AF06E748
:1086C0002378DE067FF403AF574B6AE62378D8069B
:1086D0007FF4FDAEA378002B00F0B8804B4A4C4BE2
:1086E00012781B7812B9012B3FF4F1AE4A4E494A79
:1086F0000027002B08BF1646DFF8308133784BB9CE
:10870000494BA2781B789A427FF4E1AEFFF7FAFD5D
:10871000474B84E67378023B052B49D8DFE803F02A
:10872000034854564803A2787379934246D13E4A8F
:10873000137032793F4B1A703F4B404A198800231F
:1087400018468B4236D34FF0010BDFF8E09001233F
:10875000D9F8001003FA0BF0084202D05846FBF794
:10876000AEFF4FF48033D9F8001003FA0BF0084243
:1087700003D04BF08000FBF7A2FF0BF1010BBBF124
:10878000100FE4D14FF00113C9F8003000232C4A38
:10879000012013602B4A1360FBF73EFF2A4AF17950
:1087A000138849064CBF43F0010323F001031380F3
:1087B000337807E002F8010B0133C2E7B378F278AF
:1087C00043EA02231E4499E7F778F1E7002FEFD13F
:1087D000B37830461A0603F08F0B45BF03F00F0243
:1087E0004FF4803301239340D8F8002058BF03FA98
:1087F0000BF31A43C8F80020FBF716FF5846FBF7A7
:108800005AFF5846FBF75EFFD2E700BFC7AA010830
:10881000352C00204D2400204C240020D4A8010831
:10882000C6AA0108CAA90108442C0020402C002037
:1088300044AA0108362C002070030020E526002001
:108840003C2C0020382C0020462C00200126B0466D
:10885000884A894F13703A6808FA06F3134202D027
:108860003046FBF72CFF4FF480333A68B340134295
:1088700003D046F08000FBF722FF0136102EEAD12C
:108880004FF0011300203B607C4B18607C4B18605C
:10889000FBF7C2FE34E7237803F01F03012B7FF4BC
:1088A00016AE744B1B78002B3FF411AE754A23793A
:1088B00012789A427FF60BAE734A134471E523781F
:1088C00003F01F03012B7FF402AE6A4B1B78002BD1
:1088D0003FF4FDAD6D4A6E4B12781B7812B9012B37
:1088E0003FF4F5AD4FF000086A4A6B4EC146002BCD
:1088F00008BF1646C3464246CDF80480317839B9E0
:10890000B8F1000F3FF4E3ADFFF7FCFC634B86E5E5
:108910007178023905294ED8DFE801F0034D0E22A7
:108920004D03544B70791978884244D0B178F0786F
:1089300041EA00210E44E1E796F802B02179F2788D
:1089400059450AD1A178914207D14FF001084E490B
:1089500011F80B30019301F80B204FF000092AE0C9
:108960002179594527D1B07807064CBF4FF480379D
:10897000012700F08F0144BF00F00F008740A0786E
:1089800058BF8F40904218D13B4B03921868029118
:1089900038431860394B49EA0709186820EA07008C
:1089A00018603046FBF740FE0298FBF784FE029801
:1089B000FBF788FE039A3178BCE7019B9A42FAD113
:1089C00017EA090FF7D12C4B0292186820EA07002A
:1089D00018602A4B186820EA070018600846FBF761
:1089E0006EFE029AE7E703F01F03012B7FF46FADE1
:1089F000FEF760F800287FF427ADFEF7BFFB0028E4
:108A00007FF422ADFDF780FF00287FF41DAD5EE509
:108A1000DB067FF45CAD00F045F800287FF414AD70
:108A200000F086F8F0E780205DE503F01F03012BDE
:108A30007FF420ADFEF798F800287FF420ADFDF715
:108A4000C1FF00287FF41BAD14E5FFF761FC16E5BC
:108A5000134B93F900201878002ABFF621AD00F0DF
:108A60007F0000211870FBF7CDFD19E507B0BDE8C8
:108A7000F08F00BF442C0020402C00203C2C002014
:108A8000382C0020362C0020E5260020C7AA01083B
:108A9000352C00204D2400204C24002040AA010841
:108AA000452C002038B51C4C1C4B62781B789A4230
:108AB0002ED12379627943EA0223022B28D1A378AD
:108AC00043B30022164D01329A4228781CD3D0B10C
:108AD000F8F73AF80146E81C00F0A5F8114A2978A1
:108AE0001560A379E07943EA00238B420ED90E4B3F
:108AF00091801B78013B0B4202D101220B4B1A7073
:108B0000FFF7D4FB012038BD0544DCE79380F7E78D
:108B10000020F8E71846F6E7242C0020A5AA010853
:108B2000E00100202C2C0020C5AA0108342C0020D4
:108B300008B5154A154B51781B78994221D1137904
:108B4000517943EA0123072B1BD1114911480B7AB4
:108B50000160497A43EA01239179D27941EA0222FC
:108B600093420CD20C4A83801278013A1A4202D105
:108B700001220A4B1A70FFF799FB012008BD828081
:108B8000F9E70020FAE700BF242C0020A4AA01087E
:108B90001F0200202C2C0020C5AA0108342C002024
:108BA00008B5064B044613B10021AFF30080044B17
:108BB0001B6803B19847204600F064F800000000ED
:108BC000482C002010B501390244904201D1002008
:108BD00005E0037811F8014FA34201D0181B10BD26
:108BE0000130F2E7884210B501EB020402D9844259
:108BF000234607D8431EA14207D011F8012B03F8E2
:108C0000012FF8E70244824200D110BD13F8011D84
:108C100002F8011DF7E703460244934200D1704772
:108C200003F8011BF9E7024610B514781346013228
:108C3000002CFAD1013B11F8012B03F8012F002A77
:108C4000F9D110BD10B56AB101398418027811F854
:108C5000013F9A4204D10130A04201D0002AF5D14F
:108C6000D01A10BD1046FCE70A44914200F1FF33D0
:108C700000D1704710B511F8014B914203F8014F34
:108C8000F9D110BDFEE700BF00000000B71DC10410
:108C90006E3B8209D926430DDC7604136B6BC51736
:108CA000B24D861A0550471EB8ED08260FF0C922AE
:108CB000D6D68A2F61CB4B2B649B0C35D386CD3116
:108CC0000AA08E3CBDBD4F3870DB114CC7C6D048E2
:108CD0001EE09345A9FD5241ACAD155F1BB0D45BBE
:108CE000C2969756758B5652C836196A7F2BD86E26
:108CF000A60D9B6311105A6714401D79A35DDC7D9E
:108D00007A7B9F70CD665E74E0B6239857ABE29C89
:108D10008E8DA191399060953CC0278B8BDDE68FBD
:108D200052FBA582E5E66486585B2BBEEF46EABAA5
:108D30003660A9B7817D68B3842D2FAD3330EEA99D
:108D4000EA16ADA45D0B6CA0906D32D42770F3D001
:108D5000FE56B0DD494B71D94C1B36C7FB06F7C335
:108D60002220B4CE953D75CA28803AF29F9DFBF62D
:108D700046BBB8FBF1A679FFF4F63EE143EBFFE515
:108D80009ACDBCE82DD07DEC77708634C06D47302D
:108D9000194B043DAE56C539AB0682271C1B432335
:108DA000C53D002E7220C12ACF9D8E1278804F16AD
:108DB000A1A60C1B16BBCD1F13EB8A01A4F64B0515
:108DC0007DD00808CACDC90C07AB9778B0B6567CE1
:108DD00069901571DE8DD475DBDD936B6CC0526FBD
:108DE000B5E6116202FBD066BF469F5E085B5E5A25
:108DF000D17D1D576660DC5363309B4DD42D5A499D
:108E00000D0B1944BA16D84097C6A5AC20DB64A850
:108E1000F9FD27A54EE0E6A14BB0A1BFFCAD60BBBC
:108E2000258B23B69296E2B22F2BAD8A98366C8EA4
:108E300041102F83F60DEE87F35DA9994440689D9C
:108E40009D662B902A7BEA94E71DB4E0500075E400
:108E5000892636E93E3BF7ED3B6BB0F38C7671F734
:108E6000555032FAE24DF3FE5FF0BCC6E8ED7DC22C
:108E700031CB3ECF86D6FFCB8386B8D5349B79D114
:108E8000EDBD3ADC5AA0FBD8EEE00C6959FDCD6D82
:108E900080DB8E6037C64F643296087A858BC97E38
:108EA0005CAD8A73EBB04B77560D044FE110C54BA8
:108EB000383686468F2B47428A7B005C3D66C15818
:108EC000E4408255535D43519E3B1D252926DC21FC
:108ED000F0009F2C471D5E28424D1936F550D832C0
:108EE0002C769B3F9B6B5A3B26D6150391CBD40720
:108EF00048ED970AFFF0560EFAA011104DBDD014A0
:108F0000949B93192386521D0E562FF1B94BEEF503
:108F1000606DADF8D7706CFCD2202BE2653DEAE6BF
:108F2000BC1BA9EB0B0668EFB6BB27D701A6E6D39F
:108F3000D880A5DE6F9D64DA6ACD23C4DDD0E2C09F
:108F400004F6A1CDB3EB60C97E8D3EBDC990FFB9DB
:108F500010B6BCB4A7AB7DB0A2FB3AAE15E6FBAA37
:108F6000CCC0B8A77BDD79A3C660369B717DF79F27
:108F7000A85BB4921F4675961A163288AD0BF38C17
:108F8000742DB081C330718599908A5D2E8D4B59B7
:108F9000F7AB085440B6C95045E68E4EF2FB4F4A37
:108FA0002BDD0C479CC0CD43217D827B9660437FA7
:108FB0004F460072F85BC176FD0B86684A16476C17
:108FC00093300461242DC565E94B9B115E565A15FB
:108FD00087701918306DD81C353D9F0282205E06BF
:108FE0005B061D0BEC1BDC0F51A69337E6BB52331F
:108FF0003F9D113E8880D03A8DD097243ACD56209F
:10900000E3EB152D54F6D4297926A9C5CE3B68C1CA
:10901000171D2BCCA000EAC8A550ADD6124D6CD2BE
:10902000CB6B2FDF7C76EEDBC1CBA1E376D660E79E
:10903000AFF023EA18EDE2EE1DBDA5F0AAA064F49E
:10904000738627F9C49BE6FD09FDB889BEE0798DDA
:1090500067C63A80D0DBFB84D58BBC9A62967D9E36
:10906000BBB03E930CADFF97B110B0AF060D71AB26
:10907000DF2B32A66836F3A26D66B4BCDA7B75B816
:10908000035D36B5B440F7B10000000000000000F9
:109090000D0A000000000D0A09029400060100807C
:1090A000FA09040000020806500807058202400081
:1090B0000007050202400000080B00020202010442
:1090C0000904000001020201040524001001052426
:1090D0000103020424020605240600000705830399
:1090E00010002009040000020A0000050705040220
:1090F00010000007058402100000090400000003AE
:1091000000000609210001000122210009040000DD
:1091100000FF0300070904000002FF000009070523
:10912000010240000007058102400000000000002D
:10913000000000000000000000000000000000002F
:10914000000000000000000000000000000000001F
:10915000000000000000000000000000000000000F
:109160000000000003000000640000000000000098
:1091700000290020040000000000000000000000A2
:1091800000000000000000000000000000000000DF
:1091900000000000000000000000000000000000CF
:1091A00000000000000000000000000000000000BF
:1091B00000000000000000004800000010AB0108A3
:1091C000ECAA0108D4AA01080400000053544D6918
:1091D00063726F656C656374726F6E696373004E62
:1091E00055434C454F2D463130335242002E2E5CB4
:1091F0002E2E5C2E2E5C736F757263655C646170DD
:109200006C696E6B2F486172644661756C745F485F
:10921000616E646C65722E63002E2E5C2E2E5C2EA9
:109220002E5C736F757263655C6461706C696E6BE4
:109230002F636972635F6275662E63004441504C10
:10924000696E6B20434D5349532D444150002E2EDF
:109250005C2E2E5C2E2E5C736F757263655C646190
:10926000706C696E6B5C647261672D6E2D64726FD9
:10927000702F66696C655F73747265616D2E630033
:1092800042494E00484558002E2E5C2E2E5C2E2E54
:109290005C736F757263655C6461706C696E6B5C46
:1092A000647261672D6E2D64726F702F666C6173CE
:1092B000685F6465636F6465722E63002E2E5C2E9A
:1092C0002E5C2E2E5C736F757263655C6461706CCE
:1092D000696E6B5C647261672D6E2D64726F702FA6
:1092E000666C6173685F6D616E616765722E6300A5
:1092F0002E2E5C2E2E5C2E2E5C736F757263655C59
:109300006461706C696E6B5C647261672D6E2D6454
:10931000726F702F6961705F666C6173685F696EF0
:1093200074662E63002E2E5C2E2E5C2E2E5C736FC8
:10933000757263655C6461706C696E6B5C647261AC
:10934000672D6E2D64726F702F7666735F6D616E20
:10935000616765722E63004120626F6F746C6F618C
:109360006465722075706461746520776173207321
:109370007461727465642062757420756E61626CCC
:109380006520746F20636F6D706C6574652E0D0AB7
:1093900052656C6F61642074686520626F6F746CD5
:1093A0006F6164657220746F2066697820746869E3
:1093B00073206572726F72206D6573736167652EBD
:1093C0000D0A004441504C494E4B20202020004DB6
:1093D0004245442020202048544D004445544149F2
:1093E0004C5320545854004641494C2020202054CE
:1093F0005854004E4545445F424C20545854002E6A
:109400002E5C2E2E5C2E2E5C736F757263655C6411
:1094100061706C696E6B5C647261672D6E2D647235
:109420006F702F7666735F757365722E6300455299
:10943000524F520068747470733A2F2F6D626564D6
:109440002E6F72672F6465766963652F3F636F6463
:10945000653D40553F76657273696F6E3D40563F7E
:109460007461726765745F69643D4054003C2164B7
:109470006F63747970652068746D6C3E0D0A3C21D1
:109480002D2D206D62656420506C6174666F726D65
:10949000205765627369746520616E64204175743C
:1094A00068656E7469636174696F6E2053686F726A
:1094B00074637574202D2D3E0D0A3C68746D6C3EEE
:1094C0000D0A3C686561643E0D0A3C6D657461205F
:1094D000636861727365743D227574662D38223E2F
:1094E0000D0A3C7469746C653E6D62656420576555
:1094F00062736974652053686F72746375743C2F6E
:109500007469746C653E0D0A3C2F686561643E0D9C
:109510000A3C626F64793E0D0A3C73637269707431
:109520003E0D0A77696E646F772E6C6F63617469A4
:109530006F6E2E7265706C61636528220040520068
:1095400022293B0D0A3C2F7363726970743E0D0A29
:109550003C2F626F64793E0D0A3C2F68746D6C3E3F
:109560000D0A006572726F7200747970653A20009E
:109570002C20003000426F6F746C6F616465720064
:109580004170706C69636174696F6E0041737365DB
:1095900072740D0A0046696C65004C696E65005373
:1095A0006F757263650048657864756D70730D0A38
:1095B0000023204441504C696E6B204669726D77E0
:1095C000617265202D207365652068747470733A2C
:1095D0002F2F6461706C696E6B2E696F0D0A427576
:1095E000696C642049443A2076303235382D33375F
:1095F0002D67623536373833326520286763632C30
:10960000206C6F63616C206D6F6473290D0A0055C7
:109610006E697175652049443A2040550D0A00482D
:1096200049432049443A2040440D0A004175746F73
:10963000205265736574004175746F6D6174696F54
:109640006E20616C6C6F776564004F766572666C36
:109650006F7720646574656374696F6E00496E632B
:109660006F6D70617469626C6520696D61676520FA
:10967000646574656374696F6E0050616765206529
:10968000726173696E67004461706C696E6B204D26
:109690006F64653A20496E746572666163650D0A90
:1096A00000496E7465726661636520566572736900
:1096B0006F6E3A2040560D0A00426F6F746C6F61F6
:1096C0006465722056657273696F6E3A200047694F
:1096D00074205348413A2062353637383332656357
:1096E000323031626162373666373664393830611C
:1096F0003739353831303538386536613138310DE4
:109700000A4C6F63616C204D6F64733A20310D0A0F
:1097100055534220496E74657266616365733A20E1
:109720004D53442C204344432C204849442C20577B
:1097300065625553420D0A00426F6F746C6F61642D
:1097400065722043524300496E74657266616365B9
:10975000204352430052656D6F756E7420636F75C0
:109760006E740055524C3A2040520D0A00696E74D6
:1097700065726E616C007472616E7369656E7400FF
:10978000757365720074617267657400696E7465E3
:109790007266616365004153534552542020414332
:1097A00054005245465245534820414354004552C7
:1097B000415345202020414354004155544F5F52AE
:1097C000535443464700484152445F525354434622
:1097D00047004155544F5F4F4E2043464700415587
:1097E000544F5F4F4646434647004F56464C5F4FE7
:1097F0004E20434647004F56464C5F4F4646434631
:1098000047004D53445F4F4E2020434647004D5381
:10981000445F4F46462043464700434F4D505F4FFD
:109820004E2043464700434F4D505F4F4646434608
:109830004700504147455F4F4E204143540050413F
:1098400047455F4F4646414354002E2E5C2E2E5C0A
:109850002E2E5C736F757263655C6461706C696EEB
:109860006B5C647261672D6E2D64726F702F766908
:10987000727475616C5F66732E6300222A2B2C2E26
:109880002F3A3B3C3D3E3F5B5C5D7C002E2E5C2EC8
:109890002E5C2E2E5C736F757263655C6461706CF8
:1098A000696E6B2F6572726F722E63004F706572F6
:1098B0006174696F6E20776173207375636365737C
:1098C0007366756C00416E206572726F72206861FC
:1098D00073206F6363757272656400416E20696EF8
:1098E0007465726E616C206572726F72206861734C
:1098F000206F6363757272656400416E20657272D9
:109900006F72206F6363757272656420647572692B
:109910006E6720746865207472616E73666572008C
:10992000546865207472616E736665722074696D27
:109930006564206F75742E00506F737369626C6577
:10994000206D69736D617463682062657477656505
:109950006E2066696C652073697A6520616E64208B
:1099600073697A652070726F6772616D6D656400EE
:1099700046696C652073656E74206F7574206F6620
:10998000206F726465722062792050432E205461EA
:1099900072676574206D69676874206E6F742062E9
:1099A000652070726F6772616D6D656420636F72A0
:1099B000726563746C792E004661696C656420740D
:1099C0006F2072657365742F68616C7420746865AC
:1099D00020746172676574204D4355004661696C5F
:1099E000656420746F20646F776E6C6F61642066AD
:1099F0006C61736820616C676F726974686D207444
:109A00006F20746172676574204D435500466C6128
:109A1000736820616C676F726974686D206D69731B
:109A200073696E6720666F72206120726567696F67
:109A30006E004661696C656420746F20646F776E98
:109A40006C6F61642074686520666C617368206463
:109A500061746120636F6E74656E747320746F201F
:109A600062652070726F6772616D6D65640046613A
:109A7000696C656420746F20696E697469616C69D2
:109A80007A652074686520746172676574204D433F
:109A900055004661696C656420746F20756E696E4F
:109AA000697469616C697A65207468652074617293
:109AB000676574204D43550050726F6772616D6D1C
:109AC000696E672061626F727465643A20696D61C6
:109AD000676520776F756C64206C6F636B207461B1
:109AE00072676574204D4355004661696C6564205A
:109AF000746F20756E6C6F636B2074617267657430
:109B0000204D435520666F722070726F6772616DD1
:109B10006D696E6700466C61736820616C676F7277
:109B20006974686D20657261736520736563746F15
:109B30007220636F6D6D616E64204641494C5552D1
:109B40004500466C61736820616C676F7269746868
:109B50006D20657261736520616C6C20636F6D6D43
:109B6000616E64204641494C55524500466C617314
:109B70006820616C676F726974686D2077726974B0
:109B80006520636F6D6D616E64204641494C55528E
:109B90004500466C61736820616C676F7269746818
:109BA0006D207772697465207665726966792063C5
:109BB0006F6D6D616E64204641494C5552450045BC
:109BC0006E64206F662073747265616D20686173C6
:109BD000206265656E207265616368656400456E2C
:109BE00064206F662073747265616D2069732075DF
:109BF0006E6B6E6F776E00546865206865782066BE
:109C0000696C652063616E6E6F74206265206465A7
:109C1000636F6465642E20436865636B73756D20A4
:109C200063616C63756C6174696F6E206661696CE9
:109C3000757265206F636375727265642E00546877
:109C400065206865782066696C652063616E6E6F5B
:109C500074206265206465636F6465642E205061C2
:109C600072736572206C6F676963206661696C75D9
:109C70007265206F636375727265642E0054686547
:109C8000206865782066696C652063616E6E6F740C
:109C90002062652070726F6772616D6D65642E2041
:109CA0004C6F676963206661696C757265206F63CC
:109CB0006375727265642E0054686520686578204B
:109CC00066696C6520796F752064726F7070656469
:109CD0002069736E277420636F6D70617469626CA4
:109CE0006520776974682074686973206D6F646596
:109CF000206F72206465766963652E20417265204D
:109D0000796F7520696E204D41494E54454E414E44
:109D10004345206D6F64653F205365652048454C81
:109D200050204641512E48544D00546865206865C6
:109D3000782066696C65206F6666736574206C6F49
:109D400061642061646472657373206973206E6F4F
:109D50007420636F72726563742E0054686520739B
:109D600074617274696E67206164647265737320D4
:109D7000666F722074686520626F6F746C6F6164C7
:109D80006572207570646174652069732077726FE5
:109D90006E672E00546865207374617274696E6713
:109DA000206164647265737320666F7220746865E5
:109DB00020696E7465726661636520757064617494
:109DC000652069732077726F6E672E005468652076
:109DD0006170706C69636174696F6E2066696C652F
:109DE00020666F726D617420697320756E6B6E6F83
:109DF000776E20616E642063616E6E6F74206265A1
:109E00002070617273656420616E642F6F722070C0
:109E1000726F6365737365642E00546865206170AA
:109E2000706C69636174696F6E20696D616765202C
:109E30006973206E6F7420636F6D70617469626CFA
:109E4000652077697468207468652074617267653D
:109E5000742E00496E206170706C69636174696F63
:109E60006E2070726F6772616D6D696E6720696ECA
:109E7000697469616C697A6174696F6E2066616981
:109E80006C65642E00496E206170706C696361744A
:109E9000696F6E2070726F6772616D6D696E672099
:109EA000756E696E6974206661696C65642E00491F
:109EB0006E206170706C69636174696F6E2070727E
:109EC0006F6772616D6D696E672077726974652066
:109ED0006661696C65642E00496E206170706C6902
:109EE000636174696F6E2070726F6772616D6D6906
:109EF0006E6720736563746F72206572617365208D
:109F00006661696C65642E00496E206170706C69D1
:109F1000636174696F6E2070726F6772616D6D69D5
:109F20006E67206D61737320657261736520666171
:109F3000696C65642E00496E206170706C696361A4
:109F400074696F6E2070726F6772616D6D696E6794
:109F50002061626F727465642064756520746F207F
:109F6000616E206F7574206F6620626F756E64730A
:109F700020616464726573732E00496E2061707095
:109F80006C69636174696F6E2070726F6772616D66
:109F90006D696E67206E6F7420737570706F727468
:109FA0006564206F6E2074686973206465766963E8
:109FB000652E00496E206170706C69636174696F11
:109FC0006E2070726F6772616D6D696E6720666179
:109FD000696C65642062656361757365207468658A
:109FE000207570646174652073656E742077617389
:109FF00020696E636F6D706C6574652E00546865C2
:10A0000020626F6F746C6F616465722043524320ED
:10A01000646964206E6F7420706173732E002E2E3D
:10A020005C2E2E5C2E2E5C736F757263655C6461B2
:10A03000706C696E6B5C696E746572666163652FC6
:10A040006D61696E5F696E746572666163652E63CA
:10A050000033306D73006D61696E002E2E5C2E2E04
:10A060005C2E2E5C736F757263655C6461706C69E5
:10A070006E6B5C696E746572666163652F74617284
:10A080006765745F666C6173682E630053544D336B
:10A0900032463130335242000203040506070809F4
:10A0A0000A0B0C0D0E0F1010002E2E5C2E2E5C2EA7
:10A0B0002E5C736F757263655C6869635F68616C61
:10A0C0005C73746D33325C73746D3332663130336C
:10A0D00078622F666C6173682E63002E2E5C2E2EC4
:10A0E0005C2E2E5C736F757263655C6869635F6874
:10A0F000616C5C73746D33325C73746D33326631D2
:10A10000303378622F6770696F2E63002E2E5C2EBD
:10A110002E5C2E2E5C736F757263655C6869635F7D
:10A1200068616C5C73746D33325C73746D3332666A
:10A1300031303378622F73646B2E63002E2E5C2EC9
:10A140002E5C2E2E5C736F757263655C6869635F4D
:10A1500068616C5C73746D33325C73746D3332663A
:10A1600031303378622F756172742E63003C444144
:10A17000504C696E6B3A4F766572666C6F773E0A2B
:10A18000004D4245442020202056465320202020C8
:10A19000202020202020202020302E310052545812
:10A1A0002056352E352E32002E2E5C2E2E5C2E2E75
:10A1B0005C736F757263655C7573625C6869642F4C
:10A1C000757362645F757365725F6869642E63009E
:10A1D0002E2E5C2E2E5C2E2E5C736F757263655C6A
:10A1E0007573625C6D73632F757362645F6D736307
:10A1F0002E63000001000100303730300000000005
:10A200000000000028000020000000000000000006
:10A21000000000000000000000000000000000003E
:10A22000000000000000000000000000000000002E
:10A23000000000000000000000000000000000001E
:10A24000000000000000000000000000000000000E
:10A2500000000000000000000000000000000000FE
:10A2600000000000000000000000000000000000EE
:10A27000CC910108DF910108322E312E3000000010
:10A2800084A20108A9ED00086DED000839EE000870
:10A29000F9EF0008C1F0000855ED0008F1EF0008E3
:10A2A0005DED00080000000000000000FFFFFFFF60
:10A2B000FFFFFFFFFFFFFFFFFFFFFFFF00000000AA
:10A2C000000000000000000000000000000000038B
:10A2D0006D97010876970108809701088597010816
:10A2E0008C9701086FA301080000000096970108F1
:10A2F00001000000A297010802000000AE970108CB
:10A3000003000000BA97010804000000C697010886
:10A3100005000000D297010806000000DE97010842
:10A3200007000000EA97010808000000F6970108FE
:10A3300009000000029801080A0000000E980108B8
:10A340000B0000001A9801080C0000002698010874
:10A350000D000000329801080E0000003E98010830
:10A360000F00000041535345525420205458545379
:10A37000544152545F424C414354000000000000DD
:10A380000000000000010000000076487648000050
:10A39000DC837648000000000000000000000000A0
:10A3A0000000000000280000000000000000000085
:10A3B000418EBB3200000000000000008104010853
:10A3C0004904010800020000610401084904010871
:10A3D00000000000610401084904010800000000B9
:10A3E000A1040108B908010800040000EB3C904DED
:10A3F00053443053342E3100020801000220005033
:10A400001FF8010001000100000000000000000032
:10A41000000029741902274441504C494E4B2D44E9
:10A420004E444641543136202020FAB8C00705205A
:10A43000018ED0BC0010B8C0078ED8BE6D00E80BEE
:10A4400000EBFEB40EB700B307CD10C38A04460874
:10A45000C07405E8EDFFEBF4C3504C454153452073
:10A4600052454D4F5645205448452041524D204DB0
:10A47000424544204441504C494E4B2055534220C4
:10A4800044455649434520414E44205245424F4F92
:10A4900054205448452053595354454D2E2E000006
:10A4A00000000000000000000000000000000000AC
:10A4B000000000000000000000000000000000009C
:10A4C000000000000000000000000000000000008C
:10A4D000000000000000000000000000000000007C
:10A4E000000000000000000000000000000000006C
:10A4F000000000000000000000000000000000005C
:10A50000000000000000000000000000000000004B
:10A51000000000000000000000000000000000003B
:10A52000000000000000000000000000000000002B
:10A53000000000000000000000000000000000001B
:10A54000000000000000000000000000000000000B
:10A5500000000000000000000000000000000000FB
:10A5600000000000000000000000000000000000EB
:10A5700000000000000000000000000000000000DB
:10A5800000000000000000000000000000000000CB
:10A5900000000000000000000000000000000000BB
:10A5A00000000000000000000000000000000000AB
:10A5B000000000000000000000000000000000009B
:10A5C000000000000000000000000000000000008B
:10A5D000000000000000000000000000000000007B
:10A5E0000000000000000000000055AA0001010268
:10A5F00006020208080808080804080808080801F4
:10A6000001060606040404040404101010101010BF
:10A6100010101010AC980108C5980108DB980108CB
:10A62000FA980108209901083899010870990108E1
:10A63000B8990108DC9901080D9A0108329A0108BD
:10A640006E9A0108929A0108B89A0108E99A0108DD
:10A65000159B0108429B01086C9B0108929B010815
:10A66000BF9B0108DE9B0108F79B01083E9C010887
:10A670007D9C0108B89C01082A9D01085B9D01088A
:10A68000949D0108CC9D01081A9E0108539E010863
:10A69000859E0108AF9E0108D89E0108089F010809
:10A6A000369F01087A9F0108B39F01080E960108A2
:10A6B000FD9F010851A0010800000000041B0020BC
:10A6C0002000000056A0010800000000881E0020A5
:10A6D00044000000281B0020600300001800000058
:10A6E0000000000000000000ECA60108E9200108BD
:10A6F00055220108251F0108B51E01086521010822
:10A70000292201082D1E0108F11C0108A11D0108C4
:10A710000000000000000101010030313233343507
:10A720003637383961626364656600210000205362
:10A73000000020650000209F000020DD00002000B8
:10A740000000000100002048010020000800200057
:10A750000A0020000000204C01000070A701080042
:10A7600004000000000000000000080004000000D9
:10A7700000BE0AE00D782D0668400824400000D392
:10A780005840641EFAD1491C521E002AF2D170476B
:10A7900010B503460020444C2060444860604448A3
:10A7A00060602046C06910F0040F08D145F2555092
:10A7B000404C20600620606040F6FF70A0600020E2
:10A7C00010BD01463848006940F08000364A1061EB
:10A7D000002070473448006940F0040032490861A5
:10A7E0000846006940F04000086103E04AF6AA20EC
:10A7F000304908602C48C06810F0010FF6D12A4893
:10A80000006920F0040028490861002070470146D3
:10A810002548006940F00200234A1061104641615A
:10A82000006940F04000106103E04AF6AA20214A86
:10A8300010601D48C06810F0010FF6D11A48006979
:10A8400020F00200184A10610020704710B503463E
:10A85000481C20F0010122E01348006940F001008B
:10A86000114C20611088188000BF0F48C06810F09C
:10A87000010FFAD10C48006920F001000A4C206158
:10A880002046C06810F0140F06D02046C06840F083
:10A890001400E060012010BD9B1C921C891E002941
:10A8A000DAD10020F7E700000020024023016745CD
:10A8B000AB89EFCD00300040000000000000000038
:10A8C0000102030400000000000000000102030474
:10A8D00006070809040309040803410072006D001B
:10A8E00024034400410050004C0069006E006B00DE
:10A8F000200043004D005300490053002D00440048
:10A90000410050001A033000300030003100410097
:10A9100030003000300030003000300030002203C2
:10A920006D00620065006400200053006500720045
:10A93000690061006C00200050006F00720074001C
:10A9400022036D0062006500640020005300650072
:10A950007200690061006C00200050006F007200FE
:10A9600074001A0343004D005300490053002D00AA
:10A9700044004100500020007600310024035700BD
:10A98000650062005500530042003A002000430079
:10A990004D005300490053002D0044004100500079
:10A9A00010035500530042005F004D005300430068
:10A9B0001A0343004D005300490053002D0044008A
:10A9C00041005000200076003200050F39000218C7
:10A9D00010050038B60834A909A0478BFDA0768879
:10A9E00015B665000121001C100500DF60DDD88967
:10A9F00045C74C9CD2659D9E648A9F000003064A11
:10AA0000012000000012011002EF020140280D0495
:10AA1000020001010203010021000600FF0901A15B
:10AA200001150026FF007508954009018102954037
:10AA30000901910295010901B102C0000000000066
:10AA4000000000009D42010825830108856301087C
:10AA50004981010879680108ED68010800000000DB
:10AA600000000000000000000000000000000000E6
:10AA700000000000000000000000000000000000D6
:10AA8000000000000000000000000000B1420108CA
:10AA90000000000000000000A1420108400040004A
:10AAA00000020101202110001000400040000404B9
:10AAB000400040000002020240000100400040004F
:10AAC00001004000004001000000000400000006FA
:10AAD00000000000000000000000000078270020B7
:10AAE0003400000028270020500000000000000073
:10AAF000000000007828002044000000B02700205B
:10AB0000800000002800000000000000000000009D
:10AB10000000000000000000BC28002044000000ED
:10AB20003028002048000000010000000000000064
:10AB30000000000000000000000000000000000015
:10AB40000000000000000000000000000000000005
:10AB500000000000000000000000000000000000F5
:10AB600000000000000000000000000000000000E5
:10AB700000000000000000000000000000000000D5
:10AB800000000000000000000000000000000000C5
:10AB900000000000000000000000000000000000B5
:10ABA00000000000000000000000000000000000A5
:10ABB0000000000000000000000000000000000095
:10ABC0000000000000000000000000000000000085
:10ABD0000000000000000000000000000000000075
:10ABE0000000000000000000000000000000000065
:10ABF0000000000000000000000000000000000055
:10AC00000000000000000000000000000000000044
:10AC10000000000000000000000000000000000034
:10AC20000000000000000000000000000000000024
:10AC30000000000000000000000000000000000014
:10AC40000000000000000000000000000000000004
:10AC500000000000000000000000000000000000F4
:10AC600000000000000000000000000000000000E4
:10AC700000000000000000000000000000000000D4
:10AC800000000000000000000000000000000000C4
:10AC900000000000000000000000000000000000B4
:10ACA00000000000000000000000000000000000A4
:10ACB0000000000000000000000000000000000094
:10ACC0000000000000000000000000000000000084
:10ACD0000000000000000000000000000000000074
:10ACE0000000000000000000000000000000000064
:10ACF0000000000000000000000000000000000054
:10AD00000000000000000000000000000000000043
:10AD10000000000000000000000000000000000033
:10AD20000000000000000000000000000000000023
:10AD30000000000000000000000000000000000013
:10AD40000000000000000000000000000000000003
:10AD500000000000000000000000000000000000F3
:10AD600000000000000000000000000000000000E3
:10AD700000000000000000000000000000000000D3
:10AD800000000000000000000000000000000000C3
:10AD900000000000000000000000000000000000B3
:10ADA00000000000000000000000000000000000A3
:10ADB0000000000000000000000000000000000093
:10ADC000000000000000000003000200040000007A
:10ADD0000000000000000000000000000000000073
:10ADE0000000000000000000000000000000000063
:10ADF000000000000200020001000000000000004E
:10AE00000000000000000000000000000000000042
:10AE10000000000000000000000000000000000032
:10AE20000100010000000000000000000000000020
:10AE30000000000000000000000000000000000012
:10AE4000000000000000000000000000F8B500BF96
:10AE5000F8BC08BC9E467047F8B500BFF8BC08BCFB
:04AE60009E46704753
:08AE64009C15FF7F01000000B6
:04AE6C001DC60008F7
:04AE7000F5C500081C
:10AE7400F5E20008E3E2000807E3000811E2000835
:10AE8400E7E20008C5E2000815E20008B9E300089B
:10AE940001010100040000000100000067A701088F
:10AEA400010000000000000800000208010000008A
:10AEB400000000002BA701080000000000000000B3
:10AEC400000000000000000000000000000000007E
:10AED400000000000000000000000000000000006E
:10AEE400000000000000000000000000000000005E
:10AEF400000000000000000000000000000000004E
:10AF0400000000000000000000000000000000003D
:10AF1400000000000000000000000000000000002D
:10AF2400000000000000000000000000000000001D
:10AF3400000000000000000000000000000000000D
:10AF440000000000000000000000000000000000FD
:10AF540000000000000000000000000000000000ED
:10AF640000000000000000000000000000000020BD
:10AF7400005000200000000000000000000000005D
:10AF840000000000000000000000000000000000BD
:10AF940000000000000000000000000000000000AD
:10AFA400000000000000000000000000000000009D
:10AFB400000000000000000000000000000000008D
:10AFC400000000000000000000000000000000007D
:10AFD400000000000000000000000000000000006D
:10AFE400000000000000000000000000000000005D
:10AFF400000000000000000000000000000000004D
:10B00400000000000000000000000000000000003C
:10B01400000000000000000000000000000000002C
:10B02400000000000000000000000000000000001C
:10B03400000000000000000000000000CC910108A6
:10B044008CA0010800A24A0480250000080000002A
:10B054002C03016F732E6D6265642E636F6D2F7701
:10B0640065627573622F6C616E64696E672D7061C1
:10B0740067652F3F6269643D000000001303016FA0
:10B08400732E6D6265642E636F6D2F000000000ADD
:10B09400000000000003064A01080002000000A0AE
:10B0A400001400030057494E5553420000000000AD
:10B0B40000000000008400040007002A004400652A
:10B0C40000760069006300650049006E0074006545
:10B0D4000072006600610063006500470055004986
:10B0E4000044007300000050007B0039003200432C
:10B0F40000450036003400360032002D003900438C
:10B1040000370037002D0034003600460045002D7E
:10B114000039003300330042002D00330031004376
:10B124000042003900430035004100410033004231
:10B134000039007D0000000000080002000000A0AB
:10B14400001400030057494E55534200000000000C
:10B1540000000000008400040007002A0044006589
:10B1640000760069006300650049006E00740065A4
:10B1740000720066006100630065004700550049E5
:10B184000044007300000050007B00430044004270
:10B1940000330042003500410044002D00320039E4
:10B1A40000330042002D0034003600360033002DF9
:10B1B4000041004100330036002D003100410041C0
:10B1C40000450034003600340036003300370037C1
:10B1D4000036007D0000000000006B0081A1010822
:10B1E40006000000006000409DA10108D2B3FB02EC
:10B1F400000000000000000000000000000000004B
:10B20400000000000000000000000000000000003A
:10B21400000000000000000000000000000000002A
:10B22400000000000000000000000000000000001A
:10B23400000000000000000000000000000000000A
:10B2440000000000000000000000000000000000FA
:10B2540000000000000000000000000000000000EA
:10B2640000000000000000000000000000000000DA
:10B2740000000000000000000000000000000000CA
:10B2840000000000000000000000000020AE0108E3
:10B29400F4AD0108C8AD01089CAD010870AD01080A
:10B2A40044AD010818AD010894AC0108ECAC0108E8
:10B2B400C0AC010868AC01083CAC010810AC010842
:10B2C400E4AB0108B8AB01088CAB010860AB010822
:08B2D40034AB0108FFFFFFFF8E
:10B2DC00FFFFFFFFFFFFFFFFFFFFFFFFFFFFFFFF72
:10B2EC00FFFFFFFFFFFFFFFFFFFFFFFFFFFFFFFF62
:10B2FC00FFFFFFFFFFFFFFFFFFFFFFFFFFFFFFFF52
:10B30C00FFFFFFFFFFFFFFFFFFFFFFFFFFFFFFFF41
:10B31C00FFFFFFFFFFFFFFFFFFFFFFFFFFFFFFFF31
:10B32C00FFFFFFFFFFFFFFFFFFFFFFFFFFFFFFFF21
:10B33C00FFFFFFFFFFFFFFFFFFFFFFFFFFFFFFFF11
:10B34C00FFFFFFFFFFFFFFFFFFFFFFFFFFFFFFFF01
:10B35C00FFFFFFFFFFFFFFFFFFFFFFFFFFFFFFFFF1
:10B36C00FFFFFFFFFFFFFFFFFFFFFFFFFFFFFFFFE1
:10B37C00FFFFFFFFFFFFFFFFFFFFFFFFFFFFFFFFD1
:10B38C00FFFFFFFFFFFFFFFFFFFFFFFFFFFFFFFFC1
:10B39C00FFFFFFFFFFFFFFFFFFFFFFFFFFFFFFFFB1
:10B3AC00FFFFFFFFFFFFFFFFFFFFFFFFFFFFFFFFA1
:10B3BC00FFFFFFFFFFFFFFFFFFFFFFFFFFFFFFFF91
:10B3CC00FFFFFFFFFFFFFFFFFFFFFFFFFFFFFFFF81
:10B3DC00FFFFFFFFFFFFFFFFFFFFFFFFFFFFFFFF71
:10B3EC00FFFFFFFFFFFFFFFFFFFFFFFFFFFFFFFF61
:10B3FC00FFFFFFFFFFFFFFFFFFFFFFFFFFFFFFFF51
:10B40C00FFFFFFFFFFFFFFFFFFFFFFFFFFFFFFFF40
:10B41C00FFFFFFFFFFFFFFFFFFFFFFFFFFFFFFFF30
:10B42C00FFFFFFFFFFFFFFFFFFFFFFFFFFFFFFFF20
:10B43C00FFFFFFFFFFFFFFFFFFFFFFFFFFFFFFFF10
:10B44C00FFFFFFFFFFFFFFFFFFFFFFFFFFFFFFFF00
:10B45C00FFFFFFFFFFFFFFFFFFFFFFFFFFFFFFFFF0
:10B46C00FFFFFFFFFFFFFFFFFFFFFFFFFFFFFFFFE0
:10B47C00FFFFFFFFFFFFFFFFFFFFFFFFFFFFFFFFD0
:10B48C00FFFFFFFFFFFFFFFFFFFFFFFFFFFFFFFFC0
:10B49C00FFFFFFFFFFFFFFFFFFFFFFFFFFFFFFFFB0
:10B4AC00FFFFFFFFFFFFFFFFFFFFFFFFFFFFFFFFA0
:10B4BC00FFFFFFFFFFFFFFFFFFFFFFFFFFFFFFFF90
:10B4CC00FFFFFFFFFFFFFFFFFFFFFFFFFFFFFFFF80
:10B4DC00FFFFFFFFFFFFFFFFFFFFFFFFFFFFFFFF70
:10B4EC00FFFFFFFFFFFFFFFFFFFFFFFFFFFFFFFF60
:10B4FC00FFFFFFFFFFFFFFFFFFFFFFFFFFFFFFFF50
:10B50C00FFFFFFFFFFFFFFFFFFFFFFFFFFFFFFFF3F
:10B51C00FFFFFFFFFFFFFFFFFFFFFFFFFFFFFFFF2F
:10B52C00FFFFFFFFFFFFFFFFFFFFFFFFFFFFFFFF1F
:10B53C00FFFFFFFFFFFFFFFFFFFFFFFFFFFFFFFF0F
:10B54C00FFFFFFFFFFFFFFFFFFFFFFFFFFFFFFFFFF
:10B55C00FFFFFFFFFFFFFFFFFFFFFFFFFFFFFFFFEF
:10B56C00FFFFFFFFFFFFFFFFFFFFFFFFFFFFFFFFDF
:10B57C00FFFFFFFFFFFFFFFFFFFFFFFFFFFFFFFFCF
:10B58C00FFFFFFFFFFFFFFFFFFFFFFFFFFFFFFFFBF
:10B59C00FFFFFFFFFFFFFFFFFFFFFFFFFFFFFFFFAF
:10B5AC00FFFFFFFFFFFFFFFFFFFFFFFFFFFFFFFF9F
:10B5BC00FFFFFFFFFFFFFFFFFFFFFFFFFFFFFFFF8F
:10B5CC00FFFFFFFFFFFFFFFFFFFFFFFFFFFFFFFF7F
:10B5DC00FFFFFFFFFFFFFFFFFFFFFFFFFFFFFFFF6F
:10B5EC00FFFFFFFFFFFFFFFFFFFFFFFFFFFFFFFF5F
:10B5FC00FFFFFFFFFFFFFFFFFFFFFFFFFFFFFFFF4F
:10B60C00FFFFFFFFFFFFFFFFFFFFFFFFFFFFFFFF3E
:10B61C00FFFFFFFFFFFFFFFFFFFFFFFFFFFFFFFF2E
:10B62C00FFFFFFFFFFFFFFFFFFFFFFFFFFFFFFFF1E
:10B63C00FFFFFFFFFFFFFFFFFFFFFFFFFFFFFFFF0E
:10B64C00FFFFFFFFFFFFFFFFFFFFFFFFFFFFFFFFFE
:10B65C00FFFFFFFFFFFFFFFFFFFFFFFFFFFFFFFFEE
:10B66C00FFFFFFFFFFFFFFFFFFFFFFFFFFFFFFFFDE
:10B67C00FFFFFFFFFFFFFFFFFFFFFFFFFFFFFFFFCE
:10B68C00FFFFFFFFFFFFFFFFFFFFFFFFFFFFFFFFBE
:10B69C00FFFFFFFFFFFFFFFFFFFFFFFFFFFFFFFFAE
:10B6AC00FFFFFFFFFFFFFFFFFFFFFFFFFFFFFFFF9E
:10B6BC00FFFFFFFFFFFFFFFFFFFFFFFFFFFFFFFF8E
:10B6CC00FFFFFFFFFFFFFFFFFFFFFFFFFFFFFFFF7E
:10B6DC00FFFFFFFFFFFFFFFFFFFFFFFFFFFFFFFF6E
:10B6EC00FFFFFFFFFFFFFFFFFFFFFFFFFFFFFFFF5E
:10B6FC00FFFFFFFFFFFFFFFFFFFFFFFFFFFFFFFF4E
:10B70C00FFFFFFFFFFFFFFFFFFFFFFFFFFFFFFFF3D
:10B71C00FFFFFFFFFFFFFFFFFFFFFFFFFFFFFFFF2D
:10B72C00FFFFFFFFFFFFFFFFFFFFFFFFFFFFFFFF1D
:10B73C00FFFFFFFFFFFFFFFFFFFFFFFFFFFFFFFF0D
:10B74C00FFFFFFFFFFFFFFFFFFFFFFFFFFFFFFFFFD
:10B75C00FFFFFFFFFFFFFFFFFFFFFFFFFFFFFFFFED
:10B76C00FFFFFFFFFFFFFFFFFFFFFFFFFFFFFFFFDD
:10B77C00FFFFFFFFFFFFFFFFFFFFFFFFFFFFFFFFCD
:10B78C00FFFFFFFFFFFFFFFFFFFFFFFFFFFFFFFFBD
:10B79C00FFFFFFFFFFFFFFFFFFFFFFFFFFFFFFFFAD
:10B7AC00FFFFFFFFFFFFFFFFFFFFFFFFFFFFFFFF9D
:10B7BC00FFFFFFFFFFFFFFFFFFFFFFFFFFFFFFFF8D
:10B7CC00FFFFFFFFFFFFFFFFFFFFFFFFFFFFFFFF7D
:10B7DC00FFFFFFFFFFFFFFFFFFFFFFFFFFFFFFFF6D
:10B7EC00FFFFFFFFFFFFFFFFFFFFFFFFFFFFFFFF5D
:10B7FC00FFFFFFFFFFFFFFFFFFFFFFFFFFFFFFFF4D
:10B80C00FFFFFFFFFFFFFFFFFFFFFFFFFFFFFFFF3C
:10B81C00FFFFFFFFFFFFFFFFFFFFFFFFFFFFFFFF2C
:10B82C00FFFFFFFFFFFFFFFFFFFFFFFFFFFFFFFF1C
:10B83C00FFFFFFFFFFFFFFFFFFFFFFFFFFFFFFFF0C
:10B84C00FFFFFFFFFFFFFFFFFFFFFFFFFFFFFFFFFC
:10B85C00FFFFFFFFFFFFFFFFFFFFFFFFFFFFFFFFEC
:10B86C00FFFFFFFFFFFFFFFFFFFFFFFFFFFFFFFFDC
:10B87C00FFFFFFFFFFFFFFFFFFFFFFFFFFFFFFFFCC
:10B88C00FFFFFFFFFFFFFFFFFFFFFFFFFFFFFFFFBC
:10B89C00FFFFFFFFFFFFFFFFFFFFFFFFFFFFFFFFAC
:10B8AC00FFFFFFFFFFFFFFFFFFFFFFFFFFFFFFFF9C
:10B8BC00FFFFFFFFFFFFFFFFFFFFFFFFFFFFFFFF8C
:10B8CC00FFFFFFFFFFFFFFFFFFFFFFFFFFFFFFFF7C
:10B8DC00FFFFFFFFFFFFFFFFFFFFFFFFFFFFFFFF6C
:10B8EC00FFFFFFFFFFFFFFFFFFFFFFFFFFFFFFFF5C
:10B8FC00FFFFFFFFFFFFFFFFFFFFFFFFFFFFFFFF4C
:10B90C00FFFFFFFFFFFFFFFFFFFFFFFFFFFFFFFF3B
:10B91C00FFFFFFFFFFFFFFFFFFFFFFFFFFFFFFFF2B
:10B92C00FFFFFFFFFFFFFFFFFFFFFFFFFFFFFFFF1B
:10B93C00FFFFFFFFFFFFFFFFFFFFFFFFFFFFFFFF0B
:10B94C00FFFFFFFFFFFFFFFFFFFFFFFFFFFFFFFFFB
:10B95C00FFFFFFFFFFFFFFFFFFFFFFFFFFFFFFFFEB
:10B96C00FFFFFFFFFFFFFFFFFFFFFFFFFFFFFFFFDB
:10B97C00FFFFFFFFFFFFFFFFFFFFFFFFFFFFFFFFCB
:10B98C00FFFFFFFFFFFFFFFFFFFFFFFFFFFFFFFFBB
:10B99C00FFFFFFFFFFFFFFFFFFFFFFFFFFFFFFFFAB
:10B9AC00FFFFFFFFFFFFFFFFFFFFFFFFFFFFFFFF9B
:10B9BC00FFFFFFFFFFFFFFFFFFFFFFFFFFFFFFFF8B
:10B9CC00FFFFFFFFFFFFFFFFFFFFFFFFFFFFFFFF7B
:10B9DC00FFFFFFFFFFFFFFFFFFFFFFFFFFFFFFFF6B
:10B9EC00FFFFFFFFFFFFFFFFFFFFFFFFFFFFFFFF5B
:10B9FC00FFFFFFFFFFFFFFFFFFFFFFFFFFFFFFFF4B
:10BA0C00FFFFFFFFFFFFFFFFFFFFFFFFFFFFFFFF3A
:10BA1C00FFFFFFFFFFFFFFFFFFFFFFFFFFFFFFFF2A
:10BA2C00FFFFFFFFFFFFFFFFFFFFFFFFFFFFFFFF1A
:10BA3C00FFFFFFFFFFFFFFFFFFFFFFFFFFFFFFFF0A
:10BA4C00FFFFFFFFFFFFFFFFFFFFFFFFFFFFFFFFFA
:10BA5C00FFFFFFFFFFFFFFFFFFFFFFFFFFFFFFFFEA
:10BA6C00FFFFFFFFFFFFFFFFFFFFFFFFFFFFFFFFDA
:10BA7C00FFFFFFFFFFFFFFFFFFFFFFFFFFFFFFFFCA
:10BA8C00FFFFFFFFFFFFFFFFFFFFFFFFFFFFFFFFBA
:10BA9C00FFFFFFFFFFFFFFFFFFFFFFFFFFFFFFFFAA
:10BAAC00FFFFFFFFFFFFFFFFFFFFFFFFFFFFFFFF9A
:10BABC00FFFFFFFFFFFFFFFFFFFFFFFFFFFFFFFF8A
:10BACC00FFFFFFFFFFFFFFFFFFFFFFFFFFFFFFFF7A
:10BADC00FFFFFFFFFFFFFFFFFFFFFFFFFFFFFFFF6A
:10BAEC00FFFFFFFFFFFFFFFFFFFFFFFFFFFFFFFF5A
:10BAFC00FFFFFFFFFFFFFFFFFFFFFFFFFFFFFFFF4A
:10BB0C00FFFFFFFFFFFFFFFFFFFFFFFFFFFFFFFF39
:10BB1C00FFFFFFFFFFFFFFFFFFFFFFFFFFFFFFFF29
:10BB2C00FFFFFFFFFFFFFFFFFFFFFFFFFFFFFFFF19
:10BB3C00FFFFFFFFFFFFFFFFFFFFFFFFFFFFFFFF09
:10BB4C00FFFFFFFFFFFFFFFFFFFFFFFFFFFFFFFFF9
:10BB5C00FFFFFFFFFFFFFFFFFFFFFFFFFFFFFFFFE9
:10BB6C00FFFFFFFFFFFFFFFFFFFFFFFFFFFFFFFFD9
:10BB7C00FFFFFFFFFFFFFFFFFFFFFFFFFFFFFFFFC9
:10BB8C00FFFFFFFFFFFFFFFFFFFFFFFFFFFFFFFFB9
:10BB9C00FFFFFFFFFFFFFFFFFFFFFFFFFFFFFFFFA9
:10BBAC00FFFFFFFFFFFFFFFFFFFFFFFFFFFFFFFF99
:10BBBC00FFFFFFFFFFFFFFFFFFFFFFFFFFFFFFFF89
:10BBCC00FFFFFFFFFFFFFFFFFFFFFFFFFFFFFFFF79
:10BBDC00FFFFFFFFFFFFFFFFFFFFFFFFFFFFFFFF69
:10BBEC00FFFFFFFFFFFFFFFFFFFFFFFFFFFFFFFF59
:10BBFC00FFFFFFFFFFFFFFFFFFFFFFFFFFFFFFFF49
:10BC0C00FFFFFFFFFFFFFFFFFFFFFFFFFFFFFFFF38
:10BC1C00FFFFFFFFFFFFFFFFFFFFFFFFFFFFFFFF28
:10BC2C00FFFFFFFFFFFFFFFFFFFFFFFFFFFFFFFF18
:10BC3C00FFFFFFFFFFFFFFFFFFFFFFFFFFFFFFFF08
:10BC4C00FFFFFFFFFFFFFFFFFFFFFFFFFFFFFFFFF8
:10BC5C00FFFFFFFFFFFFFFFFFFFFFFFFFFFFFFFFE8
:10BC6C00FFFFFFFFFFFFFFFFFFFFFFFFFFFFFFFFD8
:10BC7C00FFFFFFFFFFFFFFFFFFFFFFFFFFFFFFFFC8
:10BC8C00FFFFFFFFFFFFFFFFFFFFFFFFFFFFFFFFB8
:10BC9C00FFFFFFFFFFFFFFFFFFFFFFFFFFFFFFFFA8
:10BCAC00FFFFFFFFFFFFFFFFFFFFFFFFFFFFFFFF98
:10BCBC00FFFFFFFFFFFFFFFFFFFFFFFFFFFFFFFF88
:10BCCC00FFFFFFFFFFFFFFFFFFFFFFFFFFFFFFFF78
:10BCDC00FFFFFFFFFFFFFFFFFFFFFFFFFFFFFFFF68
:10BCEC00FFFFFFFFFFFFFFFFFFFFFFFFFFFFFFFF58
:10BCFC00FFFFFFFFFFFFFFFFFFFFFFFFFFFFFFFF48
:10BD0C00FFFFFFFFFFFFFFFFFFFFFFFFFFFFFFFF37
:10BD1C00FFFFFFFFFFFFFFFFFFFFFFFFFFFFFFFF27
:10BD2C00FFFFFFFFFFFFFFFFFFFFFFFFFFFFFFFF17
:10BD3C00FFFFFFFFFFFFFFFFFFFFFFFFFFFFFFFF07
:10BD4C00FFFFFFFFFFFFFFFFFFFFFFFFFFFFFFFFF7
:10BD5C00FFFFFFFFFFFFFFFFFFFFFFFFFFFFFFFFE7
:10BD6C00FFFFFFFFFFFFFFFFFFFFFFFFFFFFFFFFD7
:10BD7C00FFFFFFFFFFFFFFFFFFFFFFFFFFFFFFFFC7
:10BD8C00FFFFFFFFFFFFFFFFFFFFFFFFFFFFFFFFB7
:10BD9C00FFFFFFFFFFFFFFFFFFFFFFFFFFFFFFFFA7
:10BDAC00FFFFFFFFFFFFFFFFFFFFFFFFFFFFFFFF97
:10BDBC00FFFFFFFFFFFFFFFFFFFFFFFFFFFFFFFF87
:10BDCC00FFFFFFFFFFFFFFFFFFFFFFFFFFFFFFFF77
:10BDDC00FFFFFFFFFFFFFFFFFFFFFFFFFFFFFFFF67
:10BDEC00FFFFFFFFFFFFFFFFFFFFFFFFFFFFFFFF57
:10BDFC00FFFFFFFFFFFFFFFFFFFFFFFFFFFFFFFF47
:10BE0C00FFFFFFFFFFFFFFFFFFFFFFFFFFFFFFFF36
:10BE1C00FFFFFFFFFFFFFFFFFFFFFFFFFFFFFFFF26
:10BE2C00FFFFFFFFFFFFFFFFFFFFFFFFFFFFFFFF16
:10BE3C00FFFFFFFFFFFFFFFFFFFFFFFFFFFFFFFF06
:10BE4C00FFFFFFFFFFFFFFFFFFFFFFFFFFFFFFFFF6
:10BE5C00FFFFFFFFFFFFFFFFFFFFFFFFFFFFFFFFE6
:10BE6C00FFFFFFFFFFFFFFFFFFFFFFFFFFFFFFFFD6
:10BE7C00FFFFFFFFFFFFFFFFFFFFFFFFFFFFFFFFC6
:10BE8C00FFFFFFFFFFFFFFFFFFFFFFFFFFFFFFFFB6
:10BE9C00FFFFFFFFFFFFFFFFFFFFFFFFFFFFFFFFA6
:10BEAC00FFFFFFFFFFFFFFFFFFFFFFFFFFFFFFFF96
:10BEBC00FFFFFFFFFFFFFFFFFFFFFFFFFFFFFFFF86
:10BECC00FFFFFFFFFFFFFFFFFFFFFFFFFFFFFFFF76
:10BEDC00FFFFFFFFFFFFFFFFFFFFFFFFFFFFFFFF66
:10BEEC00FFFFFFFFFFFFFFFFFFFFFFFFFFFFFFFF56
:10BEFC00FFFFFFFFFFFFFFFFFFFFFFFFFFFFFFFF46
:10BF0C00FFFFFFFFFFFFFFFFFFFFFFFFFFFFFFFF35
:10BF1C00FFFFFFFFFFFFFFFFFFFFFFFFFFFFFFFF25
:10BF2C00FFFFFFFFFFFFFFFFFFFFFFFFFFFFFFFF15
:10BF3C00FFFFFFFFFFFFFFFFFFFFFFFFFFFFFFFF05
:10BF4C00FFFFFFFFFFFFFFFFFFFFFFFFFFFFFFFFF5
:10BF5C00FFFFFFFFFFFFFFFFFFFFFFFFFFFFFFFFE5
:10BF6C00FFFFFFFFFFFFFFFFFFFFFFFFFFFFFFFFD5
:10BF7C00FFFFFFFFFFFFFFFFFFFFFFFFFFFFFFFFC5
:10BF8C00FFFFFFFFFFFFFFFFFFFFFFFFFFFFFFFFB5
:10BF9C00FFFFFFFFFFFFFFFFFFFFFFFFFFFFFFFFA5
:10BFAC00FFFFFFFFFFFFFFFFFFFFFFFFFFFFFFFF95
:10BFBC00FFFFFFFFFFFFFFFFFFFFFFFFFFFFFFFF85
:10BFCC00FFFFFFFFFFFFFFFFFFFFFFFFFFFFFFFF75
:10BFDC00FFFFFFFFFFFFFFFFFFFFFFFFFFFFFFFF65
:10BFEC00FFFFFFFFFFFFFFFFFFFFFFFFFFFFFFFF55
:10BFFC00FFFFFFFFFFFFFFFFFFFFFFFFFFFFFFFF45
:10C00C00FFFFFFFFFFFFFFFFFFFFFFFFFFFFFFFF34
:10C01C00FFFFFFFFFFFFFFFFFFFFFFFFFFFFFFFF24
:10C02C00FFFFFFFFFFFFFFFFFFFFFFFFFFFFFFFF14
:10C03C00FFFFFFFFFFFFFFFFFFFFFFFFFFFFFFFF04
:10C04C00FFFFFFFFFFFFFFFFFFFFFFFFFFFFFFFFF4
:10C05C00FFFFFFFFFFFFFFFFFFFFFFFFFFFFFFFFE4
:10C06C00FFFFFFFFFFFFFFFFFFFFFFFFFFFFFFFFD4
:10C07C00FFFFFFFFFFFFFFFFFFFFFFFFFFFFFFFFC4
:10C08C00FFFFFFFFFFFFFFFFFFFFFFFFFFFFFFFFB4
:10C09C00FFFFFFFFFFFFFFFFFFFFFFFFFFFFFFFFA4
:10C0AC00FFFFFFFFFFFFFFFFFFFFFFFFFFFFFFFF94
:10C0BC00FFFFFFFFFFFFFFFFFFFFFFFFFFFFFFFF84
:10C0CC00FFFFFFFFFFFFFFFFFFFFFFFFFFFFFFFF74
:10C0DC00FFFFFFFFFFFFFFFFFFFFFFFFFFFFFFFF64
:10C0EC00FFFFFFFFFFFFFFFFFFFFFFFFFFFFFFFF54
:10C0FC00FFFFFFFFFFFFFFFFFFFFFFFFFFFFFFFF44
:10C10C00FFFFFFFFFFFFFFFFFFFFFFFFFFFFFFFF33
:10C11C00FFFFFFFFFFFFFFFFFFFFFFFFFFFFFFFF23
:10C12C00FFFFFFFFFFFFFFFFFFFFFFFFFFFFFFFF13
:10C13C00FFFFFFFFFFFFFFFFFFFFFFFFFFFFFFFF03
:10C14C00FFFFFFFFFFFFFFFFFFFFFFFFFFFFFFFFF3
:10C15C00FFFFFFFFFFFFFFFFFFFFFFFFFFFFFFFFE3
:10C16C00FFFFFFFFFFFFFFFFFFFFFFFFFFFFFFFFD3
:10C17C00FFFFFFFFFFFFFFFFFFFFFFFFFFFFFFFFC3
:10C18C00FFFFFFFFFFFFFFFFFFFFFFFFFFFFFFFFB3
:10C19C00FFFFFFFFFFFFFFFFFFFFFFFFFFFFFFFFA3
:10C1AC00FFFFFFFFFFFFFFFFFFFFFFFFFFFFFFFF93
:10C1BC00FFFFFFFFFFFFFFFFFFFFFFFFFFFFFFFF83
:10C1CC00FFFFFFFFFFFFFFFFFFFFFFFFFFFFFFFF73
:10C1DC00FFFFFFFFFFFFFFFFFFFFFFFFFFFFFFFF63
:10C1EC00FFFFFFFFFFFFFFFFFFFFFFFFFFFFFFFF53
:10C1FC00FFFFFFFFFFFFFFFFFFFFFFFFFFFFFFFF43
:10C20C00FFFFFFFFFFFFFFFFFFFFFFFFFFFFFFFF32
:10C21C00FFFFFFFFFFFFFFFFFFFFFFFFFFFFFFFF22
:10C22C00FFFFFFFFFFFFFFFFFFFFFFFFFFFFFFFF12
:10C23C00FFFFFFFFFFFFFFFFFFFFFFFFFFFFFFFF02
:10C24C00FFFFFFFFFFFFFFFFFFFFFFFFFFFFFFFFF2
:10C25C00FFFFFFFFFFFFFFFFFFFFFFFFFFFFFFFFE2
:10C26C00FFFFFFFFFFFFFFFFFFFFFFFFFFFFFFFFD2
:10C27C00FFFFFFFFFFFFFFFFFFFFFFFFFFFFFFFFC2
:10C28C00FFFFFFFFFFFFFFFFFFFFFFFFFFFFFFFFB2
:10C29C00FFFFFFFFFFFFFFFFFFFFFFFFFFFFFFFFA2
:10C2AC00FFFFFFFFFFFFFFFFFFFFFFFFFFFFFFFF92
:10C2BC00FFFFFFFFFFFFFFFFFFFFFFFFFFFFFFFF82
:10C2CC00FFFFFFFFFFFFFFFFFFFFFFFFFFFFFFFF72
:10C2DC00FFFFFFFFFFFFFFFFFFFFFFFFFFFFFFFF62
:10C2EC00FFFFFFFFFFFFFFFFFFFFFFFFFFFFFFFF52
:10C2FC00FFFFFFFFFFFFFFFFFFFFFFFFFFFFFFFF42
:10C30C00FFFFFFFFFFFFFFFFFFFFFFFFFFFFFFFF31
:10C31C00FFFFFFFFFFFFFFFFFFFFFFFFFFFFFFFF21
:10C32C00FFFFFFFFFFFFFFFFFFFFFFFFFFFFFFFF11
:10C33C00FFFFFFFFFFFFFFFFFFFFFFFFFFFFFFFF01
:10C34C00FFFFFFFFFFFFFFFFFFFFFFFFFFFFFFFFF1
:10C35C00FFFFFFFFFFFFFFFFFFFFFFFFFFFFFFFFE1
:10C36C00FFFFFFFFFFFFFFFFFFFFFFFFFFFFFFFFD1
:10C37C00FFFFFFFFFFFFFFFFFFFFFFFFFFFFFFFFC1
:10C38C00FFFFFFFFFFFFFFFFFFFFFFFFFFFFFFFFB1
:10C39C00FFFFFFFFFFFFFFFFFFFFFFFFFFFFFFFFA1
:10C3AC00FFFFFFFFFFFFFFFFFFFFFFFFFFFFFFFF91
:10C3BC00FFFFFFFFFFFFFFFFFFFFFFFFFFFFFFFF81
:10C3CC00FFFFFFFFFFFFFFFFFFFFFFFFFFFFFFFF71
:10C3DC00FFFFFFFFFFFFFFFFFFFFFFFFFFFFFFFF61
:10C3EC00FFFFFFFFFFFFFFFFFFFFFFFFFFFFFFFF51
:10C3FC00FFFFFFFFFFFFFFFFFFFFFFFFFFFFFFFF41
:10C40C00FFFFFFFFFFFFFFFFFFFFFFFFFFFFFFFF30
:10C41C00FFFFFFFFFFFFFFFFFFFFFFFFFFFFFFFF20
:10C42C00FFFFFFFFFFFFFFFFFFFFFFFFFFFFFFFF10
:10C43C00FFFFFFFFFFFFFFFFFFFFFFFFFFFFFFFF00
:10C44C00FFFFFFFFFFFFFFFFFFFFFFFFFFFFFFFFF0
:10C45C00FFFFFFFFFFFFFFFFFFFFFFFFFFFFFFFFE0
:10C46C00FFFFFFFFFFFFFFFFFFFFFFFFFFFFFFFFD0
:10C47C00FFFFFFFFFFFFFFFFFFFFFFFFFFFFFFFFC0
:10C48C00FFFFFFFFFFFFFFFFFFFFFFFFFFFFFFFFB0
:10C49C00FFFFFFFFFFFFFFFFFFFFFFFFFFFFFFFFA0
:10C4AC00FFFFFFFFFFFFFFFFFFFFFFFFFFFFFFFF90
:10C4BC00FFFFFFFFFFFFFFFFFFFFFFFFFFFFFFFF80
:10C4CC00FFFFFFFFFFFFFFFFFFFFFFFFFFFFFFFF70
:10C4DC00FFFFFFFFFFFFFFFFFFFFFFFFFFFFFFFF60
:10C4EC00FFFFFFFFFFFFFFFFFFFFFFFFFFFFFFFF50
:10C4FC00FFFFFFFFFFFFFFFFFFFFFFFFFFFFFFFF40
:10C50C00FFFFFFFFFFFFFFFFFFFFFFFFFFFFFFFF2F
:10C51C00FFFFFFFFFFFFFFFFFFFFFFFFFFFFFFFF1F
:10C52C00FFFFFFFFFFFFFFFFFFFFFFFFFFFFFFFF0F
:10C53C00FFFFFFFFFFFFFFFFFFFFFFFFFFFFFFFFFF
:10C54C00FFFFFFFFFFFFFFFFFFFFFFFFFFFFFFFFEF
:10C55C00FFFFFFFFFFFFFFFFFFFFFFFFFFFFFFFFDF
:10C56C00FFFFFFFFFFFFFFFFFFFFFFFFFFFFFFFFCF
:10C57C00FFFFFFFFFFFFFFFFFFFFFFFFFFFFFFFFBF
:10C58C00FFFFFFFFFFFFFFFFFFFFFFFFFFFFFFFFAF
:10C59C00FFFFFFFFFFFFFFFFFFFFFFFFFFFFFFFF9F
:10C5AC00FFFFFFFFFFFFFFFFFFFFFFFFFFFFFFFF8F
:10C5BC00FFFFFFFFFFFFFFFFFFFFFFFFFFFFFFFF7F
:10C5CC00FFFFFFFFFFFFFFFFFFFFFFFFFFFFFFFF6F
:10C5DC00FFFFFFFFFFFFFFFFFFFFFFFFFFFFFFFF5F
:10C5EC00FFFFFFFFFFFFFFFFFFFFFFFFFFFFFFFF4F
:10C5FC00FFFFFFFFFFFFFFFFFFFFFFFFFFFFFFFF3F
:10C60C00FFFFFFFFFFFFFFFFFFFFFFFFFFFFFFFF2E
:10C61C00FFFFFFFFFFFFFFFFFFFFFFFFFFFFFFFF1E
:10C62C00FFFFFFFFFFFFFFFFFFFFFFFFFFFFFFFF0E
:10C63C00FFFFFFFFFFFFFFFFFFFFFFFFFFFFFFFFFE
:10C64C00FFFFFFFFFFFFFFFFFFFFFFFFFFFFFFFFEE
:10C65C00FFFFFFFFFFFFFFFFFFFFFFFFFFFFFFFFDE
:10C66C00FFFFFFFFFFFFFFFFFFFFFFFFFFFFFFFFCE
:10C67C00FFFFFFFFFFFFFFFFFFFFFFFFFFFFFFFFBE
:10C68C00FFFFFFFFFFFFFFFFFFFFFFFFFFFFFFFFAE
:10C69C00FFFFFFFFFFFFFFFFFFFFFFFFFFFFFFFF9E
:10C6AC00FFFFFFFFFFFFFFFFFFFFFFFFFFFFFFFF8E
:10C6BC00FFFFFFFFFFFFFFFFFFFFFFFFFFFFFFFF7E
:10C6CC00FFFFFFFFFFFFFFFFFFFFFFFFFFFFFFFF6E
:10C6DC00FFFFFFFFFFFFFFFFFFFFFFFFFFFFFFFF5E
:10C6EC00FFFFFFFFFFFFFFFFFFFFFFFFFFFFFFFF4E
:10C6FC00FFFFFFFFFFFFFFFFFFFFFFFFFFFFFFFF3E
:10C70C00FFFFFFFFFFFFFFFFFFFFFFFFFFFFFFFF2D
:10C71C00FFFFFFFFFFFFFFFFFFFFFFFFFFFFFFFF1D
:10C72C00FFFFFFFFFFFFFFFFFFFFFFFFFFFFFFFF0D
:10C73C00FFFFFFFFFFFFFFFFFFFFFFFFFFFFFFFFFD
:10C74C00FFFFFFFFFFFFFFFFFFFFFFFFFFFFFFFFED
:10C75C00FFFFFFFFFFFFFFFFFFFFFFFFFFFFFFFFDD
:10C76C00FFFFFFFFFFFFFFFFFFFFFFFFFFFFFFFFCD
:10C77C00FFFFFFFFFFFFFFFFFFFFFFFFFFFFFFFFBD
:10C78C00FFFFFFFFFFFFFFFFFFFFFFFFFFFFFFFFAD
:10C79C00FFFFFFFFFFFFFFFFFFFFFFFFFFFFFFFF9D
:10C7AC00FFFFFFFFFFFFFFFFFFFFFFFFFFFFFFFF8D
:10C7BC00FFFFFFFFFFFFFFFFFFFFFFFFFFFFFFFF7D
:10C7CC00FFFFFFFFFFFFFFFFFFFFFFFFFFFFFFFF6D
:10C7DC00FFFFFFFFFFFFFFFFFFFFFFFFFFFFFFFF5D
:10C7EC00FFFFFFFFFFFFFFFFFFFFFFFFFFFFFFFF4D
:10C7FC00FFFFFFFFFFFFFFFFFFFFFFFFFFFFFFFF3D
:10C80C00FFFFFFFFFFFFFFFFFFFFFFFFFFFFFFFF2C
:10C81C00FFFFFFFFFFFFFFFFFFFFFFFFFFFFFFFF1C
:10C82C00FFFFFFFFFFFFFFFFFFFFFFFFFFFFFFFF0C
:10C83C00FFFFFFFFFFFFFFFFFFFFFFFFFFFFFFFFFC
:10C84C00FFFFFFFFFFFFFFFFFFFFFFFFFFFFFFFFEC
:10C85C00FFFFFFFFFFFFFFFFFFFFFFFFFFFFFFFFDC
:10C86C00FFFFFFFFFFFFFFFFFFFFFFFFFFFFFFFFCC
:10C87C00FFFFFFFFFFFFFFFFFFFFFFFFFFFFFFFFBC
:10C88C00FFFFFFFFFFFFFFFFFFFFFFFFFFFFFFFFAC
:10C89C00FFFFFFFFFFFFFFFFFFFFFFFFFFFFFFFF9C
:10C8AC00FFFFFFFFFFFFFFFFFFFFFFFFFFFFFFFF8C
:10C8BC00FFFFFFFFFFFFFFFFFFFFFFFFFFFFFFFF7C
:10C8CC00FFFFFFFFFFFFFFFFFFFFFFFFFFFFFFFF6C
:10C8DC00FFFFFFFFFFFFFFFFFFFFFFFFFFFFFFFF5C
:10C8EC00FFFFFFFFFFFFFFFFFFFFFFFFFFFFFFFF4C
:10C8FC00FFFFFFFFFFFFFFFFFFFFFFFFFFFFFFFF3C
:10C90C00FFFFFFFFFFFFFFFFFFFFFFFFFFFFFFFF2B
:10C91C00FFFFFFFFFFFFFFFFFFFFFFFFFFFFFFFF1B
:10C92C00FFFFFFFFFFFFFFFFFFFFFFFFFFFFFFFF0B
:10C93C00FFFFFFFFFFFFFFFFFFFFFFFFFFFFFFFFFB
:10C94C00FFFFFFFFFFFFFFFFFFFFFFFFFFFFFFFFEB
:10C95C00FFFFFFFFFFFFFFFFFFFFFFFFFFFFFFFFDB
:10C96C00FFFFFFFFFFFFFFFFFFFFFFFFFFFFFFFFCB
:10C97C00FFFFFFFFFFFFFFFFFFFFFFFFFFFFFFFFBB
:10C98C00FFFFFFFFFFFFFFFFFFFFFFFFFFFFFFFFAB
:10C99C00FFFFFFFFFFFFFFFFFFFFFFFFFFFFFFFF9B
:10C9AC00FFFFFFFFFFFFFFFFFFFFFFFFFFFFFFFF8B
:10C9BC00FFFFFFFFFFFFFFFFFFFFFFFFFFFFFFFF7B
:10C9CC00FFFFFFFFFFFFFFFFFFFFFFFFFFFFFFFF6B
:10C9DC00FFFFFFFFFFFFFFFFFFFFFFFFFFFFFFFF5B
:10C9EC00FFFFFFFFFFFFFFFFFFFFFFFFFFFFFFFF4B
:10C9FC00FFFFFFFFFFFFFFFFFFFFFFFFFFFFFFFF3B
:10CA0C00FFFFFFFFFFFFFFFFFFFFFFFFFFFFFFFF2A
:10CA1C00FFFFFFFFFFFFFFFFFFFFFFFFFFFFFFFF1A
:10CA2C00FFFFFFFFFFFFFFFFFFFFFFFFFFFFFFFF0A
:10CA3C00FFFFFFFFFFFFFFFFFFFFFFFFFFFFFFFFFA
:10CA4C00FFFFFFFFFFFFFFFFFFFFFFFFFFFFFFFFEA
:10CA5C00FFFFFFFFFFFFFFFFFFFFFFFFFFFFFFFFDA
:10CA6C00FFFFFFFFFFFFFFFFFFFFFFFFFFFFFFFFCA
:10CA7C00FFFFFFFFFFFFFFFFFFFFFFFFFFFFFFFFBA
:10CA8C00FFFFFFFFFFFFFFFFFFFFFFFFFFFFFFFFAA
:10CA9C00FFFFFFFFFFFFFFFFFFFFFFFFFFFFFFFF9A
:10CAAC00FFFFFFFFFFFFFFFFFFFFFFFFFFFFFFFF8A
:10CABC00FFFFFFFFFFFFFFFFFFFFFFFFFFFFFFFF7A
:10CACC00FFFFFFFFFFFFFFFFFFFFFFFFFFFFFFFF6A
:10CADC00FFFFFFFFFFFFFFFFFFFFFFFFFFFFFFFF5A
:10CAEC00FFFFFFFFFFFFFFFFFFFFFFFFFFFFFFFF4A
:10CAFC00FFFFFFFFFFFFFFFFFFFFFFFFFFFFFFFF3A
:10CB0C00FFFFFFFFFFFFFFFFFFFFFFFFFFFFFFFF29
:10CB1C00FFFFFFFFFFFFFFFFFFFFFFFFFFFFFFFF19
:10CB2C00FFFFFFFFFFFFFFFFFFFFFFFFFFFFFFFF09
:10CB3C00FFFFFFFFFFFFFFFFFFFFFFFFFFFFFFFFF9
:10CB4C00FFFFFFFFFFFFFFFFFFFFFFFFFFFFFFFFE9
:10CB5C00FFFFFFFFFFFFFFFFFFFFFFFFFFFFFFFFD9
:10CB6C00FFFFFFFFFFFFFFFFFFFFFFFFFFFFFFFFC9
:10CB7C00FFFFFFFFFFFFFFFFFFFFFFFFFFFFFFFFB9
:10CB8C00FFFFFFFFFFFFFFFFFFFFFFFFFFFFFFFFA9
:10CB9C00FFFFFFFFFFFFFFFFFFFFFFFFFFFFFFFF99
:10CBAC00FFFFFFFFFFFFFFFFFFFFFFFFFFFFFFFF89
:10CBBC00FFFFFFFFFFFFFFFFFFFFFFFFFFFFFFFF79
:10CBCC00FFFFFFFFFFFFFFFFFFFFFFFFFFFFFFFF69
:10CBDC00FFFFFFFFFFFFFFFFFFFFFFFFFFFFFFFF59
:10CBEC00FFFFFFFFFFFFFFFFFFFFFFFFFFFFFFFF49
:10CBFC00FFFFFFFFFFFFFFFFFFFFFFFFFFFFFFFF39
:10CC0C00FFFFFFFFFFFFFFFFFFFFFFFFFFFFFFFF28
:10CC1C00FFFFFFFFFFFFFFFFFFFFFFFFFFFFFFFF18
:10CC2C00FFFFFFFFFFFFFFFFFFFFFFFFFFFFFFFF08
:10CC3C00FFFFFFFFFFFFFFFFFFFFFFFFFFFFFFFFF8
:10CC4C00FFFFFFFFFFFFFFFFFFFFFFFFFFFFFFFFE8
:10CC5C00FFFFFFFFFFFFFFFFFFFFFFFFFFFFFFFFD8
:10CC6C00FFFFFFFFFFFFFFFFFFFFFFFFFFFFFFFFC8
:10CC7C00FFFFFFFFFFFFFFFFFFFFFFFFFFFFFFFFB8
:10CC8C00FFFFFFFFFFFFFFFFFFFFFFFFFFFFFFFFA8
:10CC9C00FFFFFFFFFFFFFFFFFFFFFFFFFFFFFFFF98
:10CCAC00FFFFFFFFFFFFFFFFFFFFFFFFFFFFFFFF88
:10CCBC00FFFFFFFFFFFFFFFFFFFFFFFFFFFFFFFF78
:10CCCC00FFFFFFFFFFFFFFFFFFFFFFFFFFFFFFFF68
:10CCDC00FFFFFFFFFFFFFFFFFFFFFFFFFFFFFFFF58
:10CCEC00FFFFFFFFFFFFFFFFFFFFFFFFFFFFFFFF48
:10CCFC00FFFFFFFFFFFFFFFFFFFFFFFFFFFFFFFF38
:10CD0C00FFFFFFFFFFFFFFFFFFFFFFFFFFFFFFFF27
:10CD1C00FFFFFFFFFFFFFFFFFFFFFFFFFFFFFFFF17
:10CD2C00FFFFFFFFFFFFFFFFFFFFFFFFFFFFFFFF07
:10CD3C00FFFFFFFFFFFFFFFFFFFFFFFFFFFFFFFFF7
:10CD4C00FFFFFFFFFFFFFFFFFFFFFFFFFFFFFFFFE7
:10CD5C00FFFFFFFFFFFFFFFFFFFFFFFFFFFFFFFFD7
:10CD6C00FFFFFFFFFFFFFFFFFFFFFFFFFFFFFFFFC7
:10CD7C00FFFFFFFFFFFFFFFFFFFFFFFFFFFFFFFFB7
:10CD8C00FFFFFFFFFFFFFFFFFFFFFFFFFFFFFFFFA7
:10CD9C00FFFFFFFFFFFFFFFFFFFFFFFFFFFFFFFF97
:10CDAC00FFFFFFFFFFFFFFFFFFFFFFFFFFFFFFFF87
:10CDBC00FFFFFFFFFFFFFFFFFFFFFFFFFFFFFFFF77
:10CDCC00FFFFFFFFFFFFFFFFFFFFFFFFFFFFFFFF67
:10CDDC00FFFFFFFFFFFFFFFFFFFFFFFFFFFFFFFF57
:10CDEC00FFFFFFFFFFFFFFFFFFFFFFFFFFFFFFFF47
:10CDFC00FFFFFFFFFFFFFFFFFFFFFFFFFFFFFFFF37
:10CE0C00FFFFFFFFFFFFFFFFFFFFFFFFFFFFFFFF26
:10CE1C00FFFFFFFFFFFFFFFFFFFFFFFFFFFFFFFF16
:10CE2C00FFFFFFFFFFFFFFFFFFFFFFFFFFFFFFFF06
:10CE3C00FFFFFFFFFFFFFFFFFFFFFFFFFFFFFFFFF6
:10CE4C00FFFFFFFFFFFFFFFFFFFFFFFFFFFFFFFFE6
:10CE5C00FFFFFFFFFFFFFFFFFFFFFFFFFFFFFFFFD6
:10CE6C00FFFFFFFFFFFFFFFFFFFFFFFFFFFFFFFFC6
:10CE7C00FFFFFFFFFFFFFFFFFFFFFFFFFFFFFFFFB6
:10CE8C00FFFFFFFFFFFFFFFFFFFFFFFFFFFFFFFFA6
:10CE9C00FFFFFFFFFFFFFFFFFFFFFFFFFFFFFFFF96
:10CEAC00FFFFFFFFFFFFFFFFFFFFFFFFFFFFFFFF86
:10CEBC00FFFFFFFFFFFFFFFFFFFFFFFFFFFFFFFF76
:10CECC00FFFFFFFFFFFFFFFFFFFFFFFFFFFFFFFF66
:10CEDC00FFFFFFFFFFFFFFFFFFFFFFFFFFFFFFFF56
:10CEEC00FFFFFFFFFFFFFFFFFFFFFFFFFFFFFFFF46
:10CEFC00FFFFFFFFFFFFFFFFFFFFFFFFFFFFFFFF36
:10CF0C00FFFFFFFFFFFFFFFFFFFFFFFFFFFFFFFF25
:10CF1C00FFFFFFFFFFFFFFFFFFFFFFFFFFFFFFFF15
:10CF2C00FFFFFFFFFFFFFFFFFFFFFFFFFFFFFFFF05
:10CF3C00FFFFFFFFFFFFFFFFFFFFFFFFFFFFFFFFF5
:10CF4C00FFFFFFFFFFFFFFFFFFFFFFFFFFFFFFFFE5
:10CF5C00FFFFFFFFFFFFFFFFFFFFFFFFFFFFFFFFD5
:10CF6C00FFFFFFFFFFFFFFFFFFFFFFFFFFFFFFFFC5
:10CF7C00FFFFFFFFFFFFFFFFFFFFFFFFFFFFFFFFB5
:10CF8C00FFFFFFFFFFFFFFFFFFFFFFFFFFFFFFFFA5
:10CF9C00FFFFFFFFFFFFFFFFFFFFFFFFFFFFFFFF95
:10CFAC00FFFFFFFFFFFFFFFFFFFFFFFFFFFFFFFF85
:10CFBC00FFFFFFFFFFFFFFFFFFFFFFFFFFFFFFFF75
:10CFCC00FFFFFFFFFFFFFFFFFFFFFFFFFFFFFFFF65
:10CFDC00FFFFFFFFFFFFFFFFFFFFFFFFFFFFFFFF55
:10CFEC00FFFFFFFFFFFFFFFFFFFFFFFFFFFFFFFF45
:10CFFC00FFFFFFFFFFFFFFFFFFFFFFFFFFFFFFFF35
:10D00C00FFFFFFFFFFFFFFFFFFFFFFFFFFFFFFFF24
:10D01C00FFFFFFFFFFFFFFFFFFFFFFFFFFFFFFFF14
:10D02C00FFFFFFFFFFFFFFFFFFFFFFFFFFFFFFFF04
:10D03C00FFFFFFFFFFFFFFFFFFFFFFFFFFFFFFFFF4
:10D04C00FFFFFFFFFFFFFFFFFFFFFFFFFFFFFFFFE4
:10D05C00FFFFFFFFFFFFFFFFFFFFFFFFFFFFFFFFD4
:10D06C00FFFFFFFFFFFFFFFFFFFFFFFFFFFFFFFFC4
:10D07C00FFFFFFFFFFFFFFFFFFFFFFFFFFFFFFFFB4
:10D08C00FFFFFFFFFFFFFFFFFFFFFFFFFFFFFFFFA4
:10D09C00FFFFFFFFFFFFFFFFFFFFFFFFFFFFFFFF94
:10D0AC00FFFFFFFFFFFFFFFFFFFFFFFFFFFFFFFF84
:10D0BC00FFFFFFFFFFFFFFFFFFFFFFFFFFFFFFFF74
:10D0CC00FFFFFFFFFFFFFFFFFFFFFFFFFFFFFFFF64
:10D0DC00FFFFFFFFFFFFFFFFFFFFFFFFFFFFFFFF54
:10D0EC00FFFFFFFFFFFFFFFFFFFFFFFFFFFFFFFF44
:10D0FC00FFFFFFFFFFFFFFFFFFFFFFFFFFFFFFFF34
:10D10C00FFFFFFFFFFFFFFFFFFFFFFFFFFFFFFFF23
:10D11C00FFFFFFFFFFFFFFFFFFFFFFFFFFFFFFFF13
:10D12C00FFFFFFFFFFFFFFFFFFFFFFFFFFFFFFFF03
:10D13C00FFFFFFFFFFFFFFFFFFFFFFFFFFFFFFFFF3
:10D14C00FFFFFFFFFFFFFFFFFFFFFFFFFFFFFFFFE3
:10D15C00FFFFFFFFFFFFFFFFFFFFFFFFFFFFFFFFD3
:10D16C00FFFFFFFFFFFFFFFFFFFFFFFFFFFFFFFFC3
:10D17C00FFFFFFFFFFFFFFFFFFFFFFFFFFFFFFFFB3
:10D18C00FFFFFFFFFFFFFFFFFFFFFFFFFFFFFFFFA3
:10D19C00FFFFFFFFFFFFFFFFFFFFFFFFFFFFFFFF93
:10D1AC00FFFFFFFFFFFFFFFFFFFFFFFFFFFFFFFF83
:10D1BC00FFFFFFFFFFFFFFFFFFFFFFFFFFFFFFFF73
:10D1CC00FFFFFFFFFFFFFFFFFFFFFFFFFFFFFFFF63
:10D1DC00FFFFFFFFFFFFFFFFFFFFFFFFFFFFFFFF53
:10D1EC00FFFFFFFFFFFFFFFFFFFFFFFFFFFFFFFF43
:10D1FC00FFFFFFFFFFFFFFFFFFFFFFFFFFFFFFFF33
:10D20C00FFFFFFFFFFFFFFFFFFFFFFFFFFFFFFFF22
:10D21C00FFFFFFFFFFFFFFFFFFFFFFFFFFFFFFFF12
:10D22C00FFFFFFFFFFFFFFFFFFFFFFFFFFFFFFFF02
:10D23C00FFFFFFFFFFFFFFFFFFFFFFFFFFFFFFFFF2
:10D24C00FFFFFFFFFFFFFFFFFFFFFFFFFFFFFFFFE2
:10D25C00FFFFFFFFFFFFFFFFFFFFFFFFFFFFFFFFD2
:10D26C00FFFFFFFFFFFFFFFFFFFFFFFFFFFFFFFFC2
:10D27C00FFFFFFFFFFFFFFFFFFFFFFFFFFFFFFFFB2
:10D28C00FFFFFFFFFFFFFFFFFFFFFFFFFFFFFFFFA2
:10D29C00FFFFFFFFFFFFFFFFFFFFFFFFFFFFFFFF92
:10D2AC00FFFFFFFFFFFFFFFFFFFFFFFFFFFFFFFF82
:10D2BC00FFFFFFFFFFFFFFFFFFFFFFFFFFFFFFFF72
:10D2CC00FFFFFFFFFFFFFFFFFFFFFFFFFFFFFFFF62
:10D2DC00FFFFFFFFFFFFFFFFFFFFFFFFFFFFFFFF52
:10D2EC00FFFFFFFFFFFFFFFFFFFFFFFFFFFFFFFF42
:10D2FC00FFFFFFFFFFFFFFFFFFFFFFFFFFFFFFFF32
:10D30C00FFFFFFFFFFFFFFFFFFFFFFFFFFFFFFFF21
:10D31C00FFFFFFFFFFFFFFFFFFFFFFFFFFFFFFFF11
:10D32C00FFFFFFFFFFFFFFFFFFFFFFFFFFFFFFFF01
:10D33C00FFFFFFFFFFFFFFFFFFFFFFFFFFFFFFFFF1
:10D34C00FFFFFFFFFFFFFFFFFFFFFFFFFFFFFFFFE1
:10D35C00FFFFFFFFFFFFFFFFFFFFFFFFFFFFFFFFD1
:10D36C00FFFFFFFFFFFFFFFFFFFFFFFFFFFFFFFFC1
:10D37C00FFFFFFFFFFFFFFFFFFFFFFFFFFFFFFFFB1
:10D38C00FFFFFFFFFFFFFFFFFFFFFFFFFFFFFFFFA1
:10D39C00FFFFFFFFFFFFFFFFFFFFFFFFFFFFFFFF91
:10D3AC00FFFFFFFFFFFFFFFFFFFFFFFFFFFFFFFF81
:10D3BC00FFFFFFFFFFFFFFFFFFFFFFFFFFFFFFFF71
:10D3CC00FFFFFFFFFFFFFFFFFFFFFFFFFFFFFFFF61
:10D3DC00FFFFFFFFFFFFFFFFFFFFFFFFFFFFFFFF51
:10D3EC00FFFFFFFFFFFFFFFFFFFFFFFFFFFFFFFF41
:10D3FC00FFFFFFFFFFFFFFFFFFFFFFFFFFFFFFFF31
:10D40C00FFFFFFFFFFFFFFFFFFFFFFFFFFFFFFFF20
:10D41C00FFFFFFFFFFFFFFFFFFFFFFFFFFFFFFFF10
:10D42C00FFFFFFFFFFFFFFFFFFFFFFFFFFFFFFFF00
:10D43C00FFFFFFFFFFFFFFFFFFFFFFFFFFFFFFFFF0
:10D44C00FFFFFFFFFFFFFFFFFFFFFFFFFFFFFFFFE0
:10D45C00FFFFFFFFFFFFFFFFFFFFFFFFFFFFFFFFD0
:10D46C00FFFFFFFFFFFFFFFFFFFFFFFFFFFFFFFFC0
:10D47C00FFFFFFFFFFFFFFFFFFFFFFFFFFFFFFFFB0
:10D48C00FFFFFFFFFFFFFFFFFFFFFFFFFFFFFFFFA0
:10D49C00FFFFFFFFFFFFFFFFFFFFFFFFFFFFFFFF90
:10D4AC00FFFFFFFFFFFFFFFFFFFFFFFFFFFFFFFF80
:10D4BC00FFFFFFFFFFFFFFFFFFFFFFFFFFFFFFFF70
:10D4CC00FFFFFFFFFFFFFFFFFFFFFFFFFFFFFFFF60
:10D4DC00FFFFFFFFFFFFFFFFFFFFFFFFFFFFFFFF50
:10D4EC00FFFFFFFFFFFFFFFFFFFFFFFFFFFFFFFF40
:10D4FC00FFFFFFFFFFFFFFFFFFFFFFFFFFFFFFFF30
:10D50C00FFFFFFFFFFFFFFFFFFFFFFFFFFFFFFFF1F
:10D51C00FFFFFFFFFFFFFFFFFFFFFFFFFFFFFFFF0F
:10D52C00FFFFFFFFFFFFFFFFFFFFFFFFFFFFFFFFFF
:10D53C00FFFFFFFFFFFFFFFFFFFFFFFFFFFFFFFFEF
:10D54C00FFFFFFFFFFFFFFFFFFFFFFFFFFFFFFFFDF
:10D55C00FFFFFFFFFFFFFFFFFFFFFFFFFFFFFFFFCF
:10D56C00FFFFFFFFFFFFFFFFFFFFFFFFFFFFFFFFBF
:10D57C00FFFFFFFFFFFFFFFFFFFFFFFFFFFFFFFFAF
:10D58C00FFFFFFFFFFFFFFFFFFFFFFFFFFFFFFFF9F
:10D59C00FFFFFFFFFFFFFFFFFFFFFFFFFFFFFFFF8F
:10D5AC00FFFFFFFFFFFFFFFFFFFFFFFFFFFFFFFF7F
:10D5BC00FFFFFFFFFFFFFFFFFFFFFFFFFFFFFFFF6F
:10D5CC00FFFFFFFFFFFFFFFFFFFFFFFFFFFFFFFF5F
:10D5DC00FFFFFFFFFFFFFFFFFFFFFFFFFFFFFFFF4F
:10D5EC00FFFFFFFFFFFFFFFFFFFFFFFFFFFFFFFF3F
:10D5FC00FFFFFFFFFFFFFFFFFFFFFFFFFFFFFFFF2F
:10D60C00FFFFFFFFFFFFFFFFFFFFFFFFFFFFFFFF1E
:10D61C00FFFFFFFFFFFFFFFFFFFFFFFFFFFFFFFF0E
:10D62C00FFFFFFFFFFFFFFFFFFFFFFFFFFFFFFFFFE
:10D63C00FFFFFFFFFFFFFFFFFFFFFFFFFFFFFFFFEE
:10D64C00FFFFFFFFFFFFFFFFFFFFFFFFFFFFFFFFDE
:10D65C00FFFFFFFFFFFFFFFFFFFFFFFFFFFFFFFFCE
:10D66C00FFFFFFFFFFFFFFFFFFFFFFFFFFFFFFFFBE
:10D67C00FFFFFFFFFFFFFFFFFFFFFFFFFFFFFFFFAE
:10D68C00FFFFFFFFFFFFFFFFFFFFFFFFFFFFFFFF9E
:10D69C00FFFFFFFFFFFFFFFFFFFFFFFFFFFFFFFF8E
:10D6AC00FFFFFFFFFFFFFFFFFFFFFFFFFFFFFFFF7E
:10D6BC00FFFFFFFFFFFFFFFFFFFFFFFFFFFFFFFF6E
:10D6CC00FFFFFFFFFFFFFFFFFFFFFFFFFFFFFFFF5E
:10D6DC00FFFFFFFFFFFFFFFFFFFFFFFFFFFFFFFF4E
:10D6EC00FFFFFFFFFFFFFFFFFFFFFFFFFFFFFFFF3E
:10D6FC00FFFFFFFFFFFFFFFFFFFFFFFFFFFFFFFF2E
:10D70C00FFFFFFFFFFFFFFFFFFFFFFFFFFFFFFFF1D
:10D71C00FFFFFFFFFFFFFFFFFFFFFFFFFFFFFFFF0D
:10D72C00FFFFFFFFFFFFFFFFFFFFFFFFFFFFFFFFFD
:10D73C00FFFFFFFFFFFFFFFFFFFFFFFFFFFFFFFFED
:10D74C00FFFFFFFFFFFFFFFFFFFFFFFFFFFFFFFFDD
:10D75C00FFFFFFFFFFFFFFFFFFFFFFFFFFFFFFFFCD
:10D76C00FFFFFFFFFFFFFFFFFFFFFFFFFFFFFFFFBD
:10D77C00FFFFFFFFFFFFFFFFFFFFFFFFFFFFFFFFAD
:10D78C00FFFFFFFFFFFFFFFFFFFFFFFFFFFFFFFF9D
:10D79C00FFFFFFFFFFFFFFFFFFFFFFFFFFFFFFFF8D
:10D7AC00FFFFFFFFFFFFFFFFFFFFFFFFFFFFFFFF7D
:10D7BC00FFFFFFFFFFFFFFFFFFFFFFFFFFFFFFFF6D
:10D7CC00FFFFFFFFFFFFFFFFFFFFFFFFFFFFFFFF5D
:10D7DC00FFFFFFFFFFFFFFFFFFFFFFFFFFFFFFFF4D
:10D7EC00FFFFFFFFFFFFFFFFFFFFFFFFFFFFFFFF3D
:10D7FC00FFFFFFFFFFFFFFFFFFFFFFFFFFFFFFFF2D
:10D80C00FFFFFFFFFFFFFFFFFFFFFFFFFFFFFFFF1C
:10D81C00FFFFFFFFFFFFFFFFFFFFFFFFFFFFFFFF0C
:10D82C00FFFFFFFFFFFFFFFFFFFFFFFFFFFFFFFFFC
:10D83C00FFFFFFFFFFFFFFFFFFFFFFFFFFFFFFFFEC
:10D84C00FFFFFFFFFFFFFFFFFFFFFFFFFFFFFFFFDC
:10D85C00FFFFFFFFFFFFFFFFFFFFFFFFFFFFFFFFCC
:10D86C00FFFFFFFFFFFFFFFFFFFFFFFFFFFFFFFFBC
:10D87C00FFFFFFFFFFFFFFFFFFFFFFFFFFFFFFFFAC
:10D88C00FFFFFFFFFFFFFFFFFFFFFFFFFFFFFFFF9C
:10D89C00FFFFFFFFFFFFFFFFFFFFFFFFFFFFFFFF8C
:10D8AC00FFFFFFFFFFFFFFFFFFFFFFFFFFFFFFFF7C
:10D8BC00FFFFFFFFFFFFFFFFFFFFFFFFFFFFFFFF6C
:10D8CC00FFFFFFFFFFFFFFFFFFFFFFFFFFFFFFFF5C
:10D8DC00FFFFFFFFFFFFFFFFFFFFFFFFFFFFFFFF4C
:10D8EC00FFFFFFFFFFFFFFFFFFFFFFFFFFFFFFFF3C
:10D8FC00FFFFFFFFFFFFFFFFFFFFFFFFFFFFFFFF2C
:10D90C00FFFFFFFFFFFFFFFFFFFFFFFFFFFFFFFF1B
:10D91C00FFFFFFFFFFFFFFFFFFFFFFFFFFFFFFFF0B
:10D92C00FFFFFFFFFFFFFFFFFFFFFFFFFFFFFFFFFB
:10D93C00FFFFFFFFFFFFFFFFFFFFFFFFFFFFFFFFEB
:10D94C00FFFFFFFFFFFFFFFFFFFFFFFFFFFFFFFFDB
:10D95C00FFFFFFFFFFFFFFFFFFFFFFFFFFFFFFFFCB
:10D96C00FFFFFFFFFFFFFFFFFFFFFFFFFFFFFFFFBB
:10D97C00FFFFFFFFFFFFFFFFFFFFFFFFFFFFFFFFAB
:10D98C00FFFFFFFFFFFFFFFFFFFFFFFFFFFFFFFF9B
:10D99C00FFFFFFFFFFFFFFFFFFFFFFFFFFFFFFFF8B
:10D9AC00FFFFFFFFFFFFFFFFFFFFFFFFFFFFFFFF7B
:10D9BC00FFFFFFFFFFFFFFFFFFFFFFFFFFFFFFFF6B
:10D9CC00FFFFFFFFFFFFFFFFFFFFFFFFFFFFFFFF5B
:10D9DC00FFFFFFFFFFFFFFFFFFFFFFFFFFFFFFFF4B
:10D9EC00FFFFFFFFFFFFFFFFFFFFFFFFFFFFFFFF3B
:10D9FC00FFFFFFFFFFFFFFFFFFFFFFFFFFFFFFFF2B
:10DA0C00FFFFFFFFFFFFFFFFFFFFFFFFFFFFFFFF1A
:10DA1C00FFFFFFFFFFFFFFFFFFFFFFFFFFFFFFFF0A
:10DA2C00FFFFFFFFFFFFFFFFFFFFFFFFFFFFFFFFFA
:10DA3C00FFFFFFFFFFFFFFFFFFFFFFFFFFFFFFFFEA
:10DA4C00FFFFFFFFFFFFFFFFFFFFFFFFFFFFFFFFDA
:10DA5C00FFFFFFFFFFFFFFFFFFFFFFFFFFFFFFFFCA
:10DA6C00FFFFFFFFFFFFFFFFFFFFFFFFFFFFFFFFBA
:10DA7C00FFFFFFFFFFFFFFFFFFFFFFFFFFFFFFFFAA
:10DA8C00FFFFFFFFFFFFFFFFFFFFFFFFFFFFFFFF9A
:10DA9C00FFFFFFFFFFFFFFFFFFFFFFFFFFFFFFFF8A
:10DAAC00FFFFFFFFFFFFFFFFFFFFFFFFFFFFFFFF7A
:10DABC00FFFFFFFFFFFFFFFFFFFFFFFFFFFFFFFF6A
:10DACC00FFFFFFFFFFFFFFFFFFFFFFFFFFFFFFFF5A
:10DADC00FFFFFFFFFFFFFFFFFFFFFFFFFFFFFFFF4A
:10DAEC00FFFFFFFFFFFFFFFFFFFFFFFFFFFFFFFF3A
:10DAFC00FFFFFFFFFFFFFFFFFFFFFFFFFFFFFFFF2A
:10DB0C00FFFFFFFFFFFFFFFFFFFFFFFFFFFFFFFF19
:10DB1C00FFFFFFFFFFFFFFFFFFFFFFFFFFFFFFFF09
:10DB2C00FFFFFFFFFFFFFFFFFFFFFFFFFFFFFFFFF9
:10DB3C00FFFFFFFFFFFFFFFFFFFFFFFFFFFFFFFFE9
:10DB4C00FFFFFFFFFFFFFFFFFFFFFFFFFFFFFFFFD9
:10DB5C00FFFFFFFFFFFFFFFFFFFFFFFFFFFFFFFFC9
:10DB6C00FFFFFFFFFFFFFFFFFFFFFFFFFFFFFFFFB9
:10DB7C00FFFFFFFFFFFFFFFFFFFFFFFFFFFFFFFFA9
:10DB8C00FFFFFFFFFFFFFFFFFFFFFFFFFFFFFFFF99
:10DB9C00FFFFFFFFFFFFFFFFFFFFFFFFFFFFFFFF89
:10DBAC00FFFFFFFFFFFFFFFFFFFFFFFFFFFFFFFF79
:10DBBC00FFFFFFFFFFFFFFFFFFFFFFFFFFFFFFFF69
:10DBCC00FFFFFFFFFFFFFFFFFFFFFFFFFFFFFFFF59
:10DBDC00FFFFFFFFFFFFFFFFFFFFFFFFFFFFFFFF49
:10DBEC00FFFFFFFFFFFFFFFFFFFFFFFFFFFFFFFF39
:10DBFC00FFFFFFFFFFFFFFFFFFFFFFFFFFFFFFFF29
:10DC0C00FFFFFFFFFFFFFFFFFFFFFFFFFFFFFFFF18
:10DC1C00FFFFFFFFFFFFFFFFFFFFFFFFFFFFFFFF08
:10DC2C00FFFFFFFFFFFFFFFFFFFFFFFFFFFFFFFFF8
:10DC3C00FFFFFFFFFFFFFFFFFFFFFFFFFFFFFFFFE8
:10DC4C00FFFFFFFFFFFFFFFFFFFFFFFFFFFFFFFFD8
:10DC5C00FFFFFFFFFFFFFFFFFFFFFFFFFFFFFFFFC8
:10DC6C00FFFFFFFFFFFFFFFFFFFFFFFFFFFFFFFFB8
:10DC7C00FFFFFFFFFFFFFFFFFFFFFFFFFFFFFFFFA8
:10DC8C00FFFFFFFFFFFFFFFFFFFFFFFFFFFFFFFF98
:10DC9C00FFFFFFFFFFFFFFFFFFFFFFFFFFFFFFFF88
:10DCAC00FFFFFFFFFFFFFFFFFFFFFFFFFFFFFFFF78
:10DCBC00FFFFFFFFFFFFFFFFFFFFFFFFFFFFFFFF68
:10DCCC00FFFFFFFFFFFFFFFFFFFFFFFFFFFFFFFF58
:10DCDC00FFFFFFFFFFFFFFFFFFFFFFFFFFFFFFFF48
:10DCEC00FFFFFFFFFFFFFFFFFFFFFFFFFFFFFFFF38
:10DCFC00FFFFFFFFFFFFFFFFFFFFFFFFFFFFFFFF28
:10DD0C00FFFFFFFFFFFFFFFFFFFFFFFFFFFFFFFF17
:10DD1C00FFFFFFFFFFFFFFFFFFFFFFFFFFFFFFFF07
:10DD2C00FFFFFFFFFFFFFFFFFFFFFFFFFFFFFFFFF7
:10DD3C00FFFFFFFFFFFFFFFFFFFFFFFFFFFFFFFFE7
:10DD4C00FFFFFFFFFFFFFFFFFFFFFFFFFFFFFFFFD7
:10DD5C00FFFFFFFFFFFFFFFFFFFFFFFFFFFFFFFFC7
:10DD6C00FFFFFFFFFFFFFFFFFFFFFFFFFFFFFFFFB7
:10DD7C00FFFFFFFFFFFFFFFFFFFFFFFFFFFFFFFFA7
:10DD8C00FFFFFFFFFFFFFFFFFFFFFFFFFFFFFFFF97
:10DD9C00FFFFFFFFFFFFFFFFFFFFFFFFFFFFFFFF87
:10DDAC00FFFFFFFFFFFFFFFFFFFFFFFFFFFFFFFF77
:10DDBC00FFFFFFFFFFFFFFFFFFFFFFFFFFFFFFFF67
:10DDCC00FFFFFFFFFFFFFFFFFFFFFFFFFFFFFFFF57
:10DDDC00FFFFFFFFFFFFFFFFFFFFFFFFFFFFFFFF47
:10DDEC00FFFFFFFFFFFFFFFFFFFFFFFFFFFFFFFF37
:10DDFC00FFFFFFFFFFFFFFFFFFFFFFFFFFFFFFFF27
:10DE0C00FFFFFFFFFFFFFFFFFFFFFFFFFFFFFFFF16
:10DE1C00FFFFFFFFFFFFFFFFFFFFFFFFFFFFFFFF06
:10DE2C00FFFFFFFFFFFFFFFFFFFFFFFFFFFFFFFFF6
:10DE3C00FFFFFFFFFFFFFFFFFFFFFFFFFFFFFFFFE6
:10DE4C00FFFFFFFFFFFFFFFFFFFFFFFFFFFFFFFFD6
:10DE5C00FFFFFFFFFFFFFFFFFFFFFFFFFFFFFFFFC6
:10DE6C00FFFFFFFFFFFFFFFFFFFFFFFFFFFFFFFFB6
:10DE7C00FFFFFFFFFFFFFFFFFFFFFFFFFFFFFFFFA6
:10DE8C00FFFFFFFFFFFFFFFFFFFFFFFFFFFFFFFF96
:10DE9C00FFFFFFFFFFFFFFFFFFFFFFFFFFFFFFFF86
:10DEAC00FFFFFFFFFFFFFFFFFFFFFFFFFFFFFFFF76
:10DEBC00FFFFFFFFFFFFFFFFFFFFFFFFFFFFFFFF66
:10DECC00FFFFFFFFFFFFFFFFFFFFFFFFFFFFFFFF56
:10DEDC00FFFFFFFFFFFFFFFFFFFFFFFFFFFFFFFF46
:10DEEC00FFFFFFFFFFFFFFFFFFFFFFFFFFFFFFFF36
:10DEFC00FFFFFFFFFFFFFFFFFFFFFFFFFFFFFFFF26
:10DF0C00FFFFFFFFFFFFFFFFFFFFFFFFFFFFFFFF15
:10DF1C00FFFFFFFFFFFFFFFFFFFFFFFFFFFFFFFF05
:10DF2C00FFFFFFFFFFFFFFFFFFFFFFFFFFFFFFFFF5
:10DF3C00FFFFFFFFFFFFFFFFFFFFFFFFFFFFFFFFE5
:10DF4C00FFFFFFFFFFFFFFFFFFFFFFFFFFFFFFFFD5
:10DF5C00FFFFFFFFFFFFFFFFFFFFFFFFFFFFFFFFC5
:10DF6C00FFFFFFFFFFFFFFFFFFFFFFFFFFFFFFFFB5
:10DF7C00FFFFFFFFFFFFFFFFFFFFFFFFFFFFFFFFA5
:10DF8C00FFFFFFFFFFFFFFFFFFFFFFFFFFFFFFFF95
:10DF9C00FFFFFFFFFFFFFFFFFFFFFFFFFFFFFFFF85
:10DFAC00FFFFFFFFFFFFFFFFFFFFFFFFFFFFFFFF75
:10DFBC00FFFFFFFFFFFFFFFFFFFFFFFFFFFFFFFF65
:10DFCC00FFFFFFFFFFFFFFFFFFFFFFFFFFFFFFFF55
:10DFDC00FFFFFFFFFFFFFFFFFFFFFFFFFFFFFFFF45
:10DFEC00FFFFFFFFFFFFFFFFFFFFFFFFFFFFFFFF35
:10DFFC00FFFFFFFFFFFFFFFFFFFFFFFFFFFFFFFF25
:10E00C00FFFFFFFFFFFFFFFFFFFFFFFFFFFFFFFF14
:10E01C00FFFFFFFFFFFFFFFFFFFFFFFFFFFFFFFF04
:10E02C00FFFFFFFFFFFFFFFFFFFFFFFFFFFFFFFFF4
:10E03C00FFFFFFFFFFFFFFFFFFFFFFFFFFFFFFFFE4
:10E04C00FFFFFFFFFFFFFFFFFFFFFFFFFFFFFFFFD4
:10E05C00FFFFFFFFFFFFFFFFFFFFFFFFFFFFFFFFC4
:10E06C00FFFFFFFFFFFFFFFFFFFFFFFFFFFFFFFFB4
:10E07C00FFFFFFFFFFFFFFFFFFFFFFFFFFFFFFFFA4
:10E08C00FFFFFFFFFFFFFFFFFFFFFFFFFFFFFFFF94
:10E09C00FFFFFFFFFFFFFFFFFFFFFFFFFFFFFFFF84
:10E0AC00FFFFFFFFFFFFFFFFFFFFFFFFFFFFFFFF74
:10E0BC00FFFFFFFFFFFFFFFFFFFFFFFFFFFFFFFF64
:10E0CC00FFFFFFFFFFFFFFFFFFFFFFFFFFFFFFFF54
:10E0DC00FFFFFFFFFFFFFFFFFFFFFFFFFFFFFFFF44
:10E0EC00FFFFFFFFFFFFFFFFFFFFFFFFFFFFFFFF34
:10E0FC00FFFFFFFFFFFFFFFFFFFFFFFFFFFFFFFF24
:10E10C00FFFFFFFFFFFFFFFFFFFFFFFFFFFFFFFF13
:10E11C00FFFFFFFFFFFFFFFFFFFFFFFFFFFFFFFF03
:10E12C00FFFFFFFFFFFFFFFFFFFFFFFFFFFFFFFFF3
:10E13C00FFFFFFFFFFFFFFFFFFFFFFFFFFFFFFFFE3
:10E14C00FFFFFFFFFFFFFFFFFFFFFFFFFFFFFFFFD3
:10E15C00FFFFFFFFFFFFFFFFFFFFFFFFFFFFFFFFC3
:10E16C00FFFFFFFFFFFFFFFFFFFFFFFFFFFFFFFFB3
:10E17C00FFFFFFFFFFFFFFFFFFFFFFFFFFFFFFFFA3
:10E18C00FFFFFFFFFFFFFFFFFFFFFFFFFFFFFFFF93
:10E19C00FFFFFFFFFFFFFFFFFFFFFFFFFFFFFFFF83
:10E1AC00FFFFFFFFFFFFFFFFFFFFFFFFFFFFFFFF73
:10E1BC00FFFFFFFFFFFFFFFFFFFFFFFFFFFFFFFF63
:10E1CC00FFFFFFFFFFFFFFFFFFFFFFFFFFFFFFFF53
:10E1DC00FFFFFFFFFFFFFFFFFFFFFFFFFFFFFFFF43
:10E1EC00FFFFFFFFFFFFFFFFFFFFFFFFFFFFFFFF33
:10E1FC00FFFFFFFFFFFFFFFFFFFFFFFFFFFFFFFF23
:10E20C00FFFFFFFFFFFFFFFFFFFFFFFFFFFFFFFF12
:10E21C00FFFFFFFFFFFFFFFFFFFFFFFFFFFFFFFF02
:10E22C00FFFFFFFFFFFFFFFFFFFFFFFFFFFFFFFFF2
:10E23C00FFFFFFFFFFFFFFFFFFFFFFFFFFFFFFFFE2
:10E24C00FFFFFFFFFFFFFFFFFFFFFFFFFFFFFFFFD2
:10E25C00FFFFFFFFFFFFFFFFFFFFFFFFFFFFFFFFC2
:10E26C00FFFFFFFFFFFFFFFFFFFFFFFFFFFFFFFFB2
:10E27C00FFFFFFFFFFFFFFFFFFFFFFFFFFFFFFFFA2
:10E28C00FFFFFFFFFFFFFFFFFFFFFFFFFFFFFFFF92
:10E29C00FFFFFFFFFFFFFFFFFFFFFFFFFFFFFFFF82
:10E2AC00FFFFFFFFFFFFFFFFFFFFFFFFFFFFFFFF72
:10E2BC00FFFFFFFFFFFFFFFFFFFFFFFFFFFFFFFF62
:10E2CC00FFFFFFFFFFFFFFFFFFFFFFFFFFFFFFFF52
:10E2DC00FFFFFFFFFFFFFFFFFFFFFFFFFFFFFFFF42
:10E2EC00FFFFFFFFFFFFFFFFFFFFFFFFFFFFFFFF32
:10E2FC00FFFFFFFFFFFFFFFFFFFFFFFFFFFFFFFF22
:10E30C00FFFFFFFFFFFFFFFFFFFFFFFFFFFFFFFF11
:10E31C00FFFFFFFFFFFFFFFFFFFFFFFFFFFFFFFF01
:10E32C00FFFFFFFFFFFFFFFFFFFFFFFFFFFFFFFFF1
:10E33C00FFFFFFFFFFFFFFFFFFFFFFFFFFFFFFFFE1
:10E34C00FFFFFFFFFFFFFFFFFFFFFFFFFFFFFFFFD1
:10E35C00FFFFFFFFFFFFFFFFFFFFFFFFFFFFFFFFC1
:10E36C00FFFFFFFFFFFFFFFFFFFFFFFFFFFFFFFFB1
:10E37C00FFFFFFFFFFFFFFFFFFFFFFFFFFFFFFFFA1
:10E38C00FFFFFFFFFFFFFFFFFFFFFFFFFFFFFFFF91
:10E39C00FFFFFFFFFFFFFFFFFFFFFFFFFFFFFFFF81
:10E3AC00FFFFFFFFFFFFFFFFFFFFFFFFFFFFFFFF71
:10E3BC00FFFFFFFFFFFFFFFFFFFFFFFFFFFFFFFF61
:10E3CC00FFFFFFFFFFFFFFFFFFFFFFFFFFFFFFFF51
:10E3DC00FFFFFFFFFFFFFFFFFFFFFFFFFFFFFFFF41
:10E3EC00FFFFFFFFFFFFFFFFFFFFFFFFFFFFFFFF31
:10E3FC00FFFFFFFFFFFFFFFFFFFFFFFFFFFFFFFF21
:10E40C00FFFFFFFFFFFFFFFFFFFFFFFFFFFFFFFF10
:10E41C00FFFFFFFFFFFFFFFFFFFFFFFFFFFFFFFF00
:10E42C00FFFFFFFFFFFFFFFFFFFFFFFFFFFFFFFFF0
:10E43C00FFFFFFFFFFFFFFFFFFFFFFFFFFFFFFFFE0
:10E44C00FFFFFFFFFFFFFFFFFFFFFFFFFFFFFFFFD0
:10E45C00FFFFFFFFFFFFFFFFFFFFFFFFFFFFFFFFC0
:10E46C00FFFFFFFFFFFFFFFFFFFFFFFFFFFFFFFFB0
:10E47C00FFFFFFFFFFFFFFFFFFFFFFFFFFFFFFFFA0
:10E48C00FFFFFFFFFFFFFFFFFFFFFFFFFFFFFFFF90
:10E49C00FFFFFFFFFFFFFFFFFFFFFFFFFFFFFFFF80
:10E4AC00FFFFFFFFFFFFFFFFFFFFFFFFFFFFFFFF70
:10E4BC00FFFFFFFFFFFFFFFFFFFFFFFFFFFFFFFF60
:10E4CC00FFFFFFFFFFFFFFFFFFFFFFFFFFFFFFFF50
:10E4DC00FFFFFFFFFFFFFFFFFFFFFFFFFFFFFFFF40
:10E4EC00FFFFFFFFFFFFFFFFFFFFFFFFFFFFFFFF30
:10E4FC00FFFFFFFFFFFFFFFFFFFFFFFFFFFFFFFF20
:10E50C00FFFFFFFFFFFFFFFFFFFFFFFFFFFFFFFF0F
:10E51C00FFFFFFFFFFFFFFFFFFFFFFFFFFFFFFFFFF
:10E52C00FFFFFFFFFFFFFFFFFFFFFFFFFFFFFFFFEF
:10E53C00FFFFFFFFFFFFFFFFFFFFFFFFFFFFFFFFDF
:10E54C00FFFFFFFFFFFFFFFFFFFFFFFFFFFFFFFFCF
:10E55C00FFFFFFFFFFFFFFFFFFFFFFFFFFFFFFFFBF
:10E56C00FFFFFFFFFFFFFFFFFFFFFFFFFFFFFFFFAF
:10E57C00FFFFFFFFFFFFFFFFFFFFFFFFFFFFFFFF9F
:10E58C00FFFFFFFFFFFFFFFFFFFFFFFFFFFFFFFF8F
:10E59C00FFFFFFFFFFFFFFFFFFFFFFFFFFFFFFFF7F
:10E5AC00FFFFFFFFFFFFFFFFFFFFFFFFFFFFFFFF6F
:10E5BC00FFFFFFFFFFFFFFFFFFFFFFFFFFFFFFFF5F
:10E5CC00FFFFFFFFFFFFFFFFFFFFFFFFFFFFFFFF4F
:10E5DC00FFFFFFFFFFFFFFFFFFFFFFFFFFFFFFFF3F
:10E5EC00FFFFFFFFFFFFFFFFFFFFFFFFFFFFFFFF2F
:10E5FC00FFFFFFFFFFFFFFFFFFFFFFFFFFFFFFFF1F
:10E60C00FFFFFFFFFFFFFFFFFFFFFFFFFFFFFFFF0E
:10E61C00FFFFFFFFFFFFFFFFFFFFFFFFFFFFFFFFFE
:10E62C00FFFFFFFFFFFFFFFFFFFFFFFFFFFFFFFFEE
:10E63C00FFFFFFFFFFFFFFFFFFFFFFFFFFFFFFFFDE
:10E64C00FFFFFFFFFFFFFFFFFFFFFFFFFFFFFFFFCE
:10E65C00FFFFFFFFFFFFFFFFFFFFFFFFFFFFFFFFBE
:10E66C00FFFFFFFFFFFFFFFFFFFFFFFFFFFFFFFFAE
:10E67C00FFFFFFFFFFFFFFFFFFFFFFFFFFFFFFFF9E
:10E68C00FFFFFFFFFFFFFFFFFFFFFFFFFFFFFFFF8E
:10E69C00FFFFFFFFFFFFFFFFFFFFFFFFFFFFFFFF7E
:10E6AC00FFFFFFFFFFFFFFFFFFFFFFFFFFFFFFFF6E
:10E6BC00FFFFFFFFFFFFFFFFFFFFFFFFFFFFFFFF5E
:10E6CC00FFFFFFFFFFFFFFFFFFFFFFFFFFFFFFFF4E
:10E6DC00FFFFFFFFFFFFFFFFFFFFFFFFFFFFFFFF3E
:10E6EC00FFFFFFFFFFFFFFFFFFFFFFFFFFFFFFFF2E
:10E6FC00FFFFFFFFFFFFFFFFFFFFFFFFFFFFFFFF1E
:10E70C00FFFFFFFFFFFFFFFFFFFFFFFFFFFFFFFF0D
:10E71C00FFFFFFFFFFFFFFFFFFFFFFFFFFFFFFFFFD
:10E72C00FFFFFFFFFFFFFFFFFFFFFFFFFFFFFFFFED
:10E73C00FFFFFFFFFFFFFFFFFFFFFFFFFFFFFFFFDD
:10E74C00FFFFFFFFFFFFFFFFFFFFFFFFFFFFFFFFCD
:10E75C00FFFFFFFFFFFFFFFFFFFFFFFFFFFFFFFFBD
:10E76C00FFFFFFFFFFFFFFFFFFFFFFFFFFFFFFFFAD
:10E77C00FFFFFFFFFFFFFFFFFFFFFFFFFFFFFFFF9D
:10E78C00FFFFFFFFFFFFFFFFFFFFFFFFFFFFFFFF8D
:10E79C00FFFFFFFFFFFFFFFFFFFFFFFFFFFFFFFF7D
:10E7AC00FFFFFFFFFFFFFFFFFFFFFFFFFFFFFFFF6D
:10E7BC00FFFFFFFFFFFFFFFFFFFFFFFFFFFFFFFF5D
:10E7CC00FFFFFFFFFFFFFFFFFFFFFFFFFFFFFFFF4D
:10E7DC00FFFFFFFFFFFFFFFFFFFFFFFFFFFFFFFF3D
:10E7EC00FFFFFFFFFFFFFFFFFFFFFFFFFFFFFFFF2D
:10E7FC00FFFFFFFFFFFFFFFFFFFFFFFFFFFFFFFF1D
:10E80C00FFFFFFFFFFFFFFFFFFFFFFFFFFFFFFFF0C
:10E81C00FFFFFFFFFFFFFFFFFFFFFFFFFFFFFFFFFC
:10E82C00FFFFFFFFFFFFFFFFFFFFFFFFFFFFFFFFEC
:10E83C00FFFFFFFFFFFFFFFFFFFFFFFFFFFFFFFFDC
:10E84C00FFFFFFFFFFFFFFFFFFFFFFFFFFFFFFFFCC
:10E85C00FFFFFFFFFFFFFFFFFFFFFFFFFFFFFFFFBC
:10E86C00FFFFFFFFFFFFFFFFFFFFFFFFFFFFFFFFAC
:10E87C00FFFFFFFFFFFFFFFFFFFFFFFFFFFFFFFF9C
:10E88C00FFFFFFFFFFFFFFFFFFFFFFFFFFFFFFFF8C
:10E89C00FFFFFFFFFFFFFFFFFFFFFFFFFFFFFFFF7C
:10E8AC00FFFFFFFFFFFFFFFFFFFFFFFFFFFFFFFF6C
:10E8BC00FFFFFFFFFFFFFFFFFFFFFFFFFFFFFFFF5C
:10E8CC00FFFFFFFFFFFFFFFFFFFFFFFFFFFFFFFF4C
:10E8DC00FFFFFFFFFFFFFFFFFFFFFFFFFFFFFFFF3C
:10E8EC00FFFFFFFFFFFFFFFFFFFFFFFFFFFFFFFF2C
:10E8FC00FFFFFFFFFFFFFFFFFFFFFFFFFFFFFFFF1C
:10E90C00FFFFFFFFFFFFFFFFFFFFFFFFFFFFFFFF0B
:10E91C00FFFFFFFFFFFFFFFFFFFFFFFFFFFFFFFFFB
:10E92C00FFFFFFFFFFFFFFFFFFFFFFFFFFFFFFFFEB
:10E93C00FFFFFFFFFFFFFFFFFFFFFFFFFFFFFFFFDB
:10E94C00FFFFFFFFFFFFFFFFFFFFFFFFFFFFFFFFCB
:10E95C00FFFFFFFFFFFFFFFFFFFFFFFFFFFFFFFFBB
:10E96C00FFFFFFFFFFFFFFFFFFFFFFFFFFFFFFFFAB
:10E97C00FFFFFFFFFFFFFFFFFFFFFFFFFFFFFFFF9B
:10E98C00FFFFFFFFFFFFFFFFFFFFFFFFFFFFFFFF8B
:10E99C00FFFFFFFFFFFFFFFFFFFFFFFFFFFFFFFF7B
:10E9AC00FFFFFFFFFFFFFFFFFFFFFFFFFFFFFFFF6B
:10E9BC00FFFFFFFFFFFFFFFFFFFFFFFFFFFFFFFF5B
:10E9CC00FFFFFFFFFFFFFFFFFFFFFFFFFFFFFFFF4B
:10E9DC00FFFFFFFFFFFFFFFFFFFFFFFFFFFFFFFF3B
:10E9EC00FFFFFFFFFFFFFFFFFFFFFFFFFFFFFFFF2B
:10E9FC00FFFFFFFFFFFFFFFFFFFFFFFFFFFFFFFF1B
:10EA0C00FFFFFFFFFFFFFFFFFFFFFFFFFFFFFFFF0A
:10EA1C00FFFFFFFFFFFFFFFFFFFFFFFFFFFFFFFFFA
:10EA2C00FFFFFFFFFFFFFFFFFFFFFFFFFFFFFFFFEA
:10EA3C00FFFFFFFFFFFFFFFFFFFFFFFFFFFFFFFFDA
:10EA4C00FFFFFFFFFFFFFFFFFFFFFFFFFFFFFFFFCA
:10EA5C00FFFFFFFFFFFFFFFFFFFFFFFFFFFFFFFFBA
:10EA6C00FFFFFFFFFFFFFFFFFFFFFFFFFFFFFFFFAA
:10EA7C00FFFFFFFFFFFFFFFFFFFFFFFFFFFFFFFF9A
:10EA8C00FFFFFFFFFFFFFFFFFFFFFFFFFFFFFFFF8A
:10EA9C00FFFFFFFFFFFFFFFFFFFFFFFFFFFFFFFF7A
:10EAAC00FFFFFFFFFFFFFFFFFFFFFFFFFFFFFFFF6A
:10EABC00FFFFFFFFFFFFFFFFFFFFFFFFFFFFFFFF5A
:10EACC00FFFFFFFFFFFFFFFFFFFFFFFFFFFFFFFF4A
:10EADC00FFFFFFFFFFFFFFFFFFFFFFFFFFFFFFFF3A
:10EAEC00FFFFFFFFFFFFFFFFFFFFFFFFFFFFFFFF2A
:10EAFC00FFFFFFFFFFFFFFFFFFFFFFFFFFFFFFFF1A
:10EB0C00FFFFFFFFFFFFFFFFFFFFFFFFFFFFFFFF09
:10EB1C00FFFFFFFFFFFFFFFFFFFFFFFFFFFFFFFFF9
:10EB2C00FFFFFFFFFFFFFFFFFFFFFFFFFFFFFFFFE9
:10EB3C00FFFFFFFFFFFFFFFFFFFFFFFFFFFFFFFFD9
:10EB4C00FFFFFFFFFFFFFFFFFFFFFFFFFFFFFFFFC9
:10EB5C00FFFFFFFFFFFFFFFFFFFFFFFFFFFFFFFFB9
:10EB6C00FFFFFFFFFFFFFFFFFFFFFFFFFFFFFFFFA9
:10EB7C00FFFFFFFFFFFFFFFFFFFFFFFFFFFFFFFF99
:10EB8C00FFFFFFFFFFFFFFFFFFFFFFFFFFFFFFFF89
:10EB9C00FFFFFFFFFFFFFFFFFFFFFFFFFFFFFFFF79
:10EBAC00FFFFFFFFFFFFFFFFFFFFFFFFFFFFFFFF69
:10EBBC00FFFFFFFFFFFFFFFFFFFFFFFFFFFFFFFF59
:10EBCC00FFFFFFFFFFFFFFFFFFFFFFFFFFFFFFFF49
:10EBDC00FFFFFFFFFFFFFFFFFFFFFFFFFFFFFFFF39
:10EBEC00FFFFFFFFFFFFFFFFFFFFFFFFFFFFFFFF29
:10EBFC00FFFFFFFFFFFFFFFFFFFFFFFFFFFFFFFF19
:10EC0C00FFFFFFFFFFFFFFFFFFFFFFFFFFFFFFFF08
:10EC1C00FFFFFFFFFFFFFFFFFFFFFFFFFFFFFFFFF8
:10EC2C00FFFFFFFFFFFFFFFFFFFFFFFFFFFFFFFFE8
:10EC3C00FFFFFFFFFFFFFFFFFFFFFFFFFFFFFFFFD8
:10EC4C00FFFFFFFFFFFFFFFFFFFFFFFFFFFFFFFFC8
:10EC5C00FFFFFFFFFFFFFFFFFFFFFFFFFFFFFFFFB8
:10EC6C00FFFFFFFFFFFFFFFFFFFFFFFFFFFFFFFFA8
:10EC7C00FFFFFFFFFFFFFFFFFFFFFFFFFFFFFFFF98
:10EC8C00FFFFFFFFFFFFFFFFFFFFFFFFFFFFFFFF88
:10EC9C00FFFFFFFFFFFFFFFFFFFFFFFFFFFFFFFF78
:10ECAC00FFFFFFFFFFFFFFFFFFFFFFFFFFFFFFFF68
:10ECBC00FFFFFFFFFFFFFFFFFFFFFFFFFFFFFFFF58
:10ECCC00FFFFFFFFFFFFFFFFFFFFFFFFFFFFFFFF48
:10ECDC00FFFFFFFFFFFFFFFFFFFFFFFFFFFFFFFF38
:10ECEC00FFFFFFFFFFFFFFFFFFFFFFFFFFFFFFFF28
:10ECFC00FFFFFFFFFFFFFFFFFFFFFFFFFFFFFFFF18
:10ED0C00FFFFFFFFFFFFFFFFFFFFFFFFFFFFFFFF07
:10ED1C00FFFFFFFFFFFFFFFFFFFFFFFFFFFFFFFFF7
:10ED2C00FFFFFFFFFFFFFFFFFFFFFFFFFFFFFFFFE7
:10ED3C00FFFFFFFFFFFFFFFFFFFFFFFFFFFFFFFFD7
:10ED4C00FFFFFFFFFFFFFFFFFFFFFFFFFFFFFFFFC7
:10ED5C00FFFFFFFFFFFFFFFFFFFFFFFFFFFFFFFFB7
:10ED6C00FFFFFFFFFFFFFFFFFFFFFFFFFFFFFFFFA7
:10ED7C00FFFFFFFFFFFFFFFFFFFFFFFFFFFFFFFF97
:10ED8C00FFFFFFFFFFFFFFFFFFFFFFFFFFFFFFFF87
:10ED9C00FFFFFFFFFFFFFFFFFFFFFFFFFFFFFFFF77
:10EDAC00FFFFFFFFFFFFFFFFFFFFFFFFFFFFFFFF67
:10EDBC00FFFFFFFFFFFFFFFFFFFFFFFFFFFFFFFF57
:10EDCC00FFFFFFFFFFFFFFFFFFFFFFFFFFFFFFFF47
:10EDDC00FFFFFFFFFFFFFFFFFFFFFFFFFFFFFFFF37
:10EDEC00FFFFFFFFFFFFFFFFFFFFFFFFFFFFFFFF27
:10EDFC00FFFFFFFFFFFFFFFFFFFFFFFFFFFFFFFF17
:10EE0C00FFFFFFFFFFFFFFFFFFFFFFFFFFFFFFFF06
:10EE1C00FFFFFFFFFFFFFFFFFFFFFFFFFFFFFFFFF6
:10EE2C00FFFFFFFFFFFFFFFFFFFFFFFFFFFFFFFFE6
:10EE3C00FFFFFFFFFFFFFFFFFFFFFFFFFFFFFFFFD6
:10EE4C00FFFFFFFFFFFFFFFFFFFFFFFFFFFFFFFFC6
:10EE5C00FFFFFFFFFFFFFFFFFFFFFFFFFFFFFFFFB6
:10EE6C00FFFFFFFFFFFFFFFFFFFFFFFFFFFFFFFFA6
:10EE7C00FFFFFFFFFFFFFFFFFFFFFFFFFFFFFFFF96
:10EE8C00FFFFFFFFFFFFFFFFFFFFFFFFFFFFFFFF86
:10EE9C00FFFFFFFFFFFFFFFFFFFFFFFFFFFFFFFF76
:10EEAC00FFFFFFFFFFFFFFFFFFFFFFFFFFFFFFFF66
:10EEBC00FFFFFFFFFFFFFFFFFFFFFFFFFFFFFFFF56
:10EECC00FFFFFFFFFFFFFFFFFFFFFFFFFFFFFFFF46
:10EEDC00FFFFFFFFFFFFFFFFFFFFFFFFFFFFFFFF36
:10EEEC00FFFFFFFFFFFFFFFFFFFFFFFFFFFFFFFF26
:10EEFC00FFFFFFFFFFFFFFFFFFFFFFFFFFFFFFFF16
:10EF0C00FFFFFFFFFFFFFFFFFFFFFFFFFFFFFFFF05
:10EF1C00FFFFFFFFFFFFFFFFFFFFFFFFFFFFFFFFF5
:10EF2C00FFFFFFFFFFFFFFFFFFFFFFFFFFFFFFFFE5
:10EF3C00FFFFFFFFFFFFFFFFFFFFFFFFFFFFFFFFD5
:10EF4C00FFFFFFFFFFFFFFFFFFFFFFFFFFFFFFFFC5
:10EF5C00FFFFFFFFFFFFFFFFFFFFFFFFFFFFFFFFB5
:10EF6C00FFFFFFFFFFFFFFFFFFFFFFFFFFFFFFFFA5
:10EF7C00FFFFFFFFFFFFFFFFFFFFFFFFFFFFFFFF95
:10EF8C00FFFFFFFFFFFFFFFFFFFFFFFFFFFFFFFF85
:10EF9C00FFFFFFFFFFFFFFFFFFFFFFFFFFFFFFFF75
:10EFAC00FFFFFFFFFFFFFFFFFFFFFFFFFFFFFFFF65
:10EFBC00FFFFFFFFFFFFFFFFFFFFFFFFFFFFFFFF55
:10EFCC00FFFFFFFFFFFFFFFFFFFFFFFFFFFFFFFF45
:10EFDC00FFFFFFFFFFFFFFFFFFFFFFFFFFFFFFFF35
:10EFEC00FFFFFFFFFFFFFFFFFFFFFFFFFFFFFFFF25
:10EFFC00FFFFFFFFFFFFFFFFFFFFFFFFFFFFFFFF15
:10F00C00FFFFFFFFFFFFFFFFFFFFFFFFFFFFFFFF04
:10F01C00FFFFFFFFFFFFFFFFFFFFFFFFFFFFFFFFF4
:10F02C00FFFFFFFFFFFFFFFFFFFFFFFFFFFFFFFFE4
:10F03C00FFFFFFFFFFFFFFFFFFFFFFFFFFFFFFFFD4
:10F04C00FFFFFFFFFFFFFFFFFFFFFFFFFFFFFFFFC4
:10F05C00FFFFFFFFFFFFFFFFFFFFFFFFFFFFFFFFB4
:10F06C00FFFFFFFFFFFFFFFFFFFFFFFFFFFFFFFFA4
:10F07C00FFFFFFFFFFFFFFFFFFFFFFFFFFFFFFFF94
:10F08C00FFFFFFFFFFFFFFFFFFFFFFFFFFFFFFFF84
:10F09C00FFFFFFFFFFFFFFFFFFFFFFFFFFFFFFFF74
:10F0AC00FFFFFFFFFFFFFFFFFFFFFFFFFFFFFFFF64
:10F0BC00FFFFFFFFFFFFFFFFFFFFFFFFFFFFFFFF54
:10F0CC00FFFFFFFFFFFFFFFFFFFFFFFFFFFFFFFF44
:10F0DC00FFFFFFFFFFFFFFFFFFFFFFFFFFFFFFFF34
:10F0EC00FFFFFFFFFFFFFFFFFFFFFFFFFFFFFFFF24
:10F0FC00FFFFFFFFFFFFFFFFFFFFFFFFFFFFFFFF14
:10F10C00FFFFFFFFFFFFFFFFFFFFFFFFFFFFFFFF03
:10F11C00FFFFFFFFFFFFFFFFFFFFFFFFFFFFFFFFF3
:10F12C00FFFFFFFFFFFFFFFFFFFFFFFFFFFFFFFFE3
:10F13C00FFFFFFFFFFFFFFFFFFFFFFFFFFFFFFFFD3
:10F14C00FFFFFFFFFFFFFFFFFFFFFFFFFFFFFFFFC3
:10F15C00FFFFFFFFFFFFFFFFFFFFFFFFFFFFFFFFB3
:10F16C00FFFFFFFFFFFFFFFFFFFFFFFFFFFFFFFFA3
:10F17C00FFFFFFFFFFFFFFFFFFFFFFFFFFFFFFFF93
:10F18C00FFFFFFFFFFFFFFFFFFFFFFFFFFFFFFFF83
:10F19C00FFFFFFFFFFFFFFFFFFFFFFFFFFFFFFFF73
:10F1AC00FFFFFFFFFFFFFFFFFFFFFFFFFFFFFFFF63
:10F1BC00FFFFFFFFFFFFFFFFFFFFFFFFFFFFFFFF53
:10F1CC00FFFFFFFFFFFFFFFFFFFFFFFFFFFFFFFF43
:10F1DC00FFFFFFFFFFFFFFFFFFFFFFFFFFFFFFFF33
:10F1EC00FFFFFFFFFFFFFFFFFFFFFFFFFFFFFFFF23
:10F1FC00FFFFFFFFFFFFFFFFFFFFFFFFFFFFFFFF13
:10F20C00FFFFFFFFFFFFFFFFFFFFFFFFFFFFFFFF02
:10F21C00FFFFFFFFFFFFFFFFFFFFFFFFFFFFFFFFF2
:10F22C00FFFFFFFFFFFFFFFFFFFFFFFFFFFFFFFFE2
:10F23C00FFFFFFFFFFFFFFFFFFFFFFFFFFFFFFFFD2
:10F24C00FFFFFFFFFFFFFFFFFFFFFFFFFFFFFFFFC2
:10F25C00FFFFFFFFFFFFFFFFFFFFFFFFFFFFFFFFB2
:10F26C00FFFFFFFFFFFFFFFFFFFFFFFFFFFFFFFFA2
:10F27C00FFFFFFFFFFFFFFFFFFFFFFFFFFFFFFFF92
:10F28C00FFFFFFFFFFFFFFFFFFFFFFFFFFFFFFFF82
:10F29C00FFFFFFFFFFFFFFFFFFFFFFFFFFFFFFFF72
:10F2AC00FFFFFFFFFFFFFFFFFFFFFFFFFFFFFFFF62
:10F2BC00FFFFFFFFFFFFFFFFFFFFFFFFFFFFFFFF52
:10F2CC00FFFFFFFFFFFFFFFFFFFFFFFFFFFFFFFF42
:10F2DC00FFFFFFFFFFFFFFFFFFFFFFFFFFFFFFFF32
:10F2EC00FFFFFFFFFFFFFFFFFFFFFFFFFFFFFFFF22
:10F2FC00FFFFFFFFFFFFFFFFFFFFFFFFFFFFFFFF12
:10F30C00FFFFFFFFFFFFFFFFFFFFFFFFFFFFFFFF01
:10F31C00FFFFFFFFFFFFFFFFFFFFFFFFFFFFFFFFF1
:10F32C00FFFFFFFFFFFFFFFFFFFFFFFFFFFFFFFFE1
:10F33C00FFFFFFFFFFFFFFFFFFFFFFFFFFFFFFFFD1
:10F34C00FFFFFFFFFFFFFFFFFFFFFFFFFFFFFFFFC1
:10F35C00FFFFFFFFFFFFFFFFFFFFFFFFFFFFFFFFB1
:10F36C00FFFFFFFFFFFFFFFFFFFFFFFFFFFFFFFFA1
:10F37C00FFFFFFFFFFFFFFFFFFFFFFFFFFFFFFFF91
:10F38C00FFFFFFFFFFFFFFFFFFFFFFFFFFFFFFFF81
:10F39C00FFFFFFFFFFFFFFFFFFFFFFFFFFFFFFFF71
:10F3AC00FFFFFFFFFFFFFFFFFFFFFFFFFFFFFFFF61
:10F3BC00FFFFFFFFFFFFFFFFFFFFFFFFFFFFFFFF51
:10F3CC00FFFFFFFFFFFFFFFFFFFFFFFFFFFFFFFF41
:10F3DC00FFFFFFFFFFFFFFFFFFFFFFFFFFFFFFFF31
:10F3EC00FFFFFFFFFFFFFFFFFFFFFFFFFFFFFFFF21
:10F3FC00FFFFFFFFFFFFFFFFFFFFFFFFFFFFFFFF11
:10F40C00FFFFFFFFFFFFFFFFFFFFFFFFFFFFFFFF00
:10F41C00FFFFFFFFFFFFFFFFFFFFFFFFFFFFFFFFF0
:10F42C00FFFFFFFFFFFFFFFFFFFFFFFFFFFFFFFFE0
:10F43C00FFFFFFFFFFFFFFFFFFFFFFFFFFFFFFFFD0
:10F44C00FFFFFFFFFFFFFFFFFFFFFFFFFFFFFFFFC0
:10F45C00FFFFFFFFFFFFFFFFFFFFFFFFFFFFFFFFB0
:10F46C00FFFFFFFFFFFFFFFFFFFFFFFFFFFFFFFFA0
:10F47C00FFFFFFFFFFFFFFFFFFFFFFFFFFFFFFFF90
:10F48C00FFFFFFFFFFFFFFFFFFFFFFFFFFFFFFFF80
:10F49C00FFFFFFFFFFFFFFFFFFFFFFFFFFFFFFFF70
:10F4AC00FFFFFFFFFFFFFFFFFFFFFFFFFFFFFFFF60
:10F4BC00FFFFFFFFFFFFFFFFFFFFFFFFFFFFFFFF50
:10F4CC00FFFFFFFFFFFFFFFFFFFFFFFFFFFFFFFF40
:10F4DC00FFFFFFFFFFFFFFFFFFFFFFFFFFFFFFFF30
:10F4EC00FFFFFFFFFFFFFFFFFFFFFFFFFFFFFFFF20
:10F4FC00FFFFFFFFFFFFFFFFFFFFFFFFFFFFFFFF10
:10F50C00FFFFFFFFFFFFFFFFFFFFFFFFFFFFFFFFFF
:10F51C00FFFFFFFFFFFFFFFFFFFFFFFFFFFFFFFFEF
:10F52C00FFFFFFFFFFFFFFFFFFFFFFFFFFFFFFFFDF
:10F53C00FFFFFFFFFFFFFFFFFFFFFFFFFFFFFFFFCF
:10F54C00FFFFFFFFFFFFFFFFFFFFFFFFFFFFFFFFBF
:10F55C00FFFFFFFFFFFFFFFFFFFFFFFFFFFFFFFFAF
:10F56C00FFFFFFFFFFFFFFFFFFFFFFFFFFFFFFFF9F
:10F57C00FFFFFFFFFFFFFFFFFFFFFFFFFFFFFFFF8F
:10F58C00FFFFFFFFFFFFFFFFFFFFFFFFFFFFFFFF7F
:10F59C00FFFFFFFFFFFFFFFFFFFFFFFFFFFFFFFF6F
:10F5AC00FFFFFFFFFFFFFFFFFFFFFFFFFFFFFFFF5F
:10F5BC00FFFFFFFFFFFFFFFFFFFFFFFFFFFFFFFF4F
:10F5CC00FFFFFFFFFFFFFFFFFFFFFFFFFFFFFFFF3F
:10F5DC00FFFFFFFFFFFFFFFFFFFFFFFFFFFFFFFF2F
:10F5EC00FFFFFFFFFFFFFFFFFFFFFFFFFFFFFFFF1F
:10F5FC00FFFFFFFFFFFFFFFFFFFFFFFFFFFFFFFF0F
:10F60C00FFFFFFFFFFFFFFFFFFFFFFFFFFFFFFFFFE
:10F61C00FFFFFFFFFFFFFFFFFFFFFFFFFFFFFFFFEE
:10F62C00FFFFFFFFFFFFFFFFFFFFFFFFFFFFFFFFDE
:10F63C00FFFFFFFFFFFFFFFFFFFFFFFFFFFFFFFFCE
:10F64C00FFFFFFFFFFFFFFFFFFFFFFFFFFFFFFFFBE
:10F65C00FFFFFFFFFFFFFFFFFFFFFFFFFFFFFFFFAE
:10F66C00FFFFFFFFFFFFFFFFFFFFFFFFFFFFFFFF9E
:10F67C00FFFFFFFFFFFFFFFFFFFFFFFFFFFFFFFF8E
:10F68C00FFFFFFFFFFFFFFFFFFFFFFFFFFFFFFFF7E
:10F69C00FFFFFFFFFFFFFFFFFFFFFFFFFFFFFFFF6E
:10F6AC00FFFFFFFFFFFFFFFFFFFFFFFFFFFFFFFF5E
:10F6BC00FFFFFFFFFFFFFFFFFFFFFFFFFFFFFFFF4E
:10F6CC00FFFFFFFFFFFFFFFFFFFFFFFFFFFFFFFF3E
:10F6DC00FFFFFFFFFFFFFFFFFFFFFFFFFFFFFFFF2E
:10F6EC00FFFFFFFFFFFFFFFFFFFFFFFFFFFFFFFF1E
:10F6FC00FFFFFFFFFFFFFFFFFFFFFFFFFFFFFFFF0E
:10F70C00FFFFFFFFFFFFFFFFFFFFFFFFFFFFFFFFFD
:10F71C00FFFFFFFFFFFFFFFFFFFFFFFFFFFFFFFFED
:10F72C00FFFFFFFFFFFFFFFFFFFFFFFFFFFFFFFFDD
:10F73C00FFFFFFFFFFFFFFFFFFFFFFFFFFFFFFFFCD
:10F74C00FFFFFFFFFFFFFFFFFFFFFFFFFFFFFFFFBD
:10F75C00FFFFFFFFFFFFFFFFFFFFFFFFFFFFFFFFAD
:10F76C00FFFFFFFFFFFFFFFFFFFFFFFFFFFFFFFF9D
:10F77C00FFFFFFFFFFFFFFFFFFFFFFFFFFFFFFFF8D
:10F78C00FFFFFFFFFFFFFFFFFFFFFFFFFFFFFFFF7D
:10F79C00FFFFFFFFFFFFFFFFFFFFFFFFFFFFFFFF6D
:10F7AC00FFFFFFFFFFFFFFFFFFFFFFFFFFFFFFFF5D
:10F7BC00FFFFFFFFFFFFFFFFFFFFFFFFFFFFFFFF4D
:10F7CC00FFFFFFFFFFFFFFFFFFFFFFFFFFFFFFFF3D
:10F7DC00FFFFFFFFFFFFFFFFFFFFFFFFFFFFFFFF2D
:10F7EC00FFFFFFFFFFFFFFFFFFFFFFFFFFFFFFFF1D
:10F7FC00FFFFFFFFFFFFFFFFFFFFFFFFFFFFFFFF0D
:10F80C00FFFFFFFFFFFFFFFFFFFFFFFFFFFFFFFFFC
:10F81C00FFFFFFFFFFFFFFFFFFFFFFFFFFFFFFFFEC
:10F82C00FFFFFFFFFFFFFFFFFFFFFFFFFFFFFFFFDC
:10F83C00FFFFFFFFFFFFFFFFFFFFFFFFFFFFFFFFCC
:10F84C00FFFFFFFFFFFFFFFFFFFFFFFFFFFFFFFFBC
:10F85C00FFFFFFFFFFFFFFFFFFFFFFFFFFFFFFFFAC
:10F86C00FFFFFFFFFFFFFFFFFFFFFFFFFFFFFFFF9C
:10F87C00FFFFFFFFFFFFFFFFFFFFFFFFFFFFFFFF8C
:10F88C00FFFFFFFFFFFFFFFFFFFFFFFFFFFFFFFF7C
:10F89C00FFFFFFFFFFFFFFFFFFFFFFFFFFFFFFFF6C
:10F8AC00FFFFFFFFFFFFFFFFFFFFFFFFFFFFFFFF5C
:10F8BC00FFFFFFFFFFFFFFFFFFFFFFFFFFFFFFFF4C
:10F8CC00FFFFFFFFFFFFFFFFFFFFFFFFFFFFFFFF3C
:10F8DC00FFFFFFFFFFFFFFFFFFFFFFFFFFFFFFFF2C
:10F8EC00FFFFFFFFFFFFFFFFFFFFFFFFFFFFFFFF1C
:10F8FC00FFFFFFFFFFFFFFFFFFFFFFFFFFFFFFFF0C
:10F90C00FFFFFFFFFFFFFFFFFFFFFFFFFFFFFFFFFB
:10F91C00FFFFFFFFFFFFFFFFFFFFFFFFFFFFFFFFEB
:10F92C00FFFFFFFFFFFFFFFFFFFFFFFFFFFFFFFFDB
:10F93C00FFFFFFFFFFFFFFFFFFFFFFFFFFFFFFFFCB
:10F94C00FFFFFFFFFFFFFFFFFFFFFFFFFFFFFFFFBB
:10F95C00FFFFFFFFFFFFFFFFFFFFFFFFFFFFFFFFAB
:10F96C00FFFFFFFFFFFFFFFFFFFFFFFFFFFFFFFF9B
:10F97C00FFFFFFFFFFFFFFFFFFFFFFFFFFFFFFFF8B
:10F98C00FFFFFFFFFFFFFFFFFFFFFFFFFFFFFFFF7B
:10F99C00FFFFFFFFFFFFFFFFFFFFFFFFFFFFFFFF6B
:10F9AC00FFFFFFFFFFFFFFFFFFFFFFFFFFFFFFFF5B
:10F9BC00FFFFFFFFFFFFFFFFFFFFFFFFFFFFFFFF4B
:10F9CC00FFFFFFFFFFFFFFFFFFFFFFFFFFFFFFFF3B
:10F9DC00FFFFFFFFFFFFFFFFFFFFFFFFFFFFFFFF2B
:10F9EC00FFFFFFFFFFFFFFFFFFFFFFFFFFFFFFFF1B
:10F9FC00FFFFFFFFFFFFFFFFFFFFFFFFFFFFFFFF0B
:10FA0C00FFFFFFFFFFFFFFFFFFFFFFFFFFFFFFFFFA
:10FA1C00FFFFFFFFFFFFFFFFFFFFFFFFFFFFFFFFEA
:10FA2C00FFFFFFFFFFFFFFFFFFFFFFFFFFFFFFFFDA
:10FA3C00FFFFFFFFFFFFFFFFFFFFFFFFFFFFFFFFCA
:10FA4C00FFFFFFFFFFFFFFFFFFFFFFFFFFFFFFFFBA
:10FA5C00FFFFFFFFFFFFFFFFFFFFFFFFFFFFFFFFAA
:10FA6C00FFFFFFFFFFFFFFFFFFFFFFFFFFFFFFFF9A
:10FA7C00FFFFFFFFFFFFFFFFFFFFFFFFFFFFFFFF8A
:10FA8C00FFFFFFFFFFFFFFFFFFFFFFFFFFFFFFFF7A
:10FA9C00FFFFFFFFFFFFFFFFFFFFFFFFFFFFFFFF6A
:10FAAC00FFFFFFFFFFFFFFFFFFFFFFFFFFFFFFFF5A
:10FABC00FFFFFFFFFFFFFFFFFFFFFFFFFFFFFFFF4A
:10FACC00FFFFFFFFFFFFFFFFFFFFFFFFFFFFFFFF3A
:10FADC00FFFFFFFFFFFFFFFFFFFFFFFFFFFFFFFF2A
:10FAEC00FFFFFFFFFFFFFFFFFFFFFFFFFFFFFFFF1A
:10FAFC00FFFFFFFFFFFFFFFFFFFFFFFFFFFFFFFF0A
:10FB0C00FFFFFFFFFFFFFFFFFFFFFFFFFFFFFFFFF9
:10FB1C00FFFFFFFFFFFFFFFFFFFFFFFFFFFFFFFFE9
:10FB2C00FFFFFFFFFFFFFFFFFFFFFFFFFFFFFFFFD9
:10FB3C00FFFFFFFFFFFFFFFFFFFFFFFFFFFFFFFFC9
:10FB4C00FFFFFFFFFFFFFFFFFFFFFFFFFFFFFFFFB9
:10FB5C00FFFFFFFFFFFFFFFFFFFFFFFFFFFFFFFFA9
:10FB6C00FFFFFFFFFFFFFFFFFFFFFFFFFFFFFFFF99
:10FB7C00FFFFFFFFFFFFFFFFFFFFFFFFFFFFFFFF89
:10FB8C00FFFFFFFFFFFFFFFFFFFFFFFFFFFFFFFF79
:10FB9C00FFFFFFFFFFFFFFFFFFFFFFFFFFFFFFFF69
:10FBAC00FFFFFFFFFFFFFFFFFFFFFFFFFFFFFFFF59
:10FBBC00FFFFFFFFFFFFFFFFFFFFFFFFFFFFFFFF49
:10FBCC00FFFFFFFFFFFFFFFFFFFFFFFFFFFFFFFF39
:10FBDC00FFFFFFFFFFFFFFFFFFFFFFFFFFFFFFFF29
:10FBEC00FFFFFFFFFFFFFFFFFFFFFFFFFFFFFFFF19
:04FBFC0055555555B1
:040000050800C47DAE
:00000001FF
