:040000050800C47DAE
:020000040800F2
:10C00000004F00207DC40008C9C40008D9C600083C
:10C01000D1C40008D5C40008D9C400086212FBAF1F
:10C020008F9E939B089996970301000011C5000805
:10C03000E1C4000850A101087BC500088BC50008B9
:10C04000C5C40008C5C40008C5C40008C5C40008AC
:10C05000C5C40008C5C40008C5C40008C5C400089C
:10C06000C5C40008C5C40008C5C40008C5C400088C
:10C07000C5C40008C5C40008C5C40008C5C400087C
:10C08000C5C40008C5C40008C5C40008C5C400086C
:10C0900051470108C5C40008C5C40008C5C400084C
:10C0A000C5C40008C5C40008C5C40008C5C400084C
:10C0B000C5C40008C5C40008C5C40008C5C400083C
:10C0C000C5C40008C5C40008C5C40008C5C400082C
:10C0D000C5C40008C5C4000829420108C5C4000839
:10C0E000C5C40008C5C40008C5C40008FFFFFFFFA1
:10C0F000FFFFFFFFFFFFFFFFFFFFFFFFFFFFFFFF50
:10C10000FFFFFFFFFFFFFFFFFFFFFFFFFFFFFFFF3F
:10C11000FFFFFFFFFFFFFFFFFFFFFFFFFFFFFFFF2F
:10C12000FFFFFFFFFFFFFFFFFFFFFFFFFFFFFFFF1F
:10C13000FFFFFFFFFFFFFFFFFFFFFFFFFFFFFFFF0F
:10C14000FFFFFFFFFFFFFFFFFFFFFFFFFFFFFFFFFF
:10C15000FFFFFFFFFFFFFFFFFFFFFFFFFFFFFFFFEF
:10C16000FFFFFFFFFFFFFFFFFFFFFFFFFFFFFFFFDF
:10C17000FFFFFFFFFFFFFFFFFFFFFFFFFFFFFFFFCF
:10C18000FFFFFFFFFFFFFFFFFFFFFFFFFFFFFFFFBF
:10C19000FFFFFFFFFFFFFFFFFFFFFFFFFFFFFFFFAF
:10C1A000FFFFFFFFFFFFFFFFFFFFFFFFFFFFFFFF9F
:10C1B000FFFFFFFFFFFFFFFFFFFFFFFFFFFFFFFF8F
:10C1C000FFFFFFFFFFFFFFFFFFFFFFFFFFFFFFFF7F
:10C1D000FFFFFFFFFFFFFFFFFFFFFFFFFFFFFFFF6F
:10C1E000FFFFFFFFFFFFFFFFFFFFFFFFFFFFFFFF5F
:10C1F000FFFFFFFFFFFFFFFFFFFFFFFFFFFFFFFF4F
:10C20000FFFFFFFFFFFFFFFFFFFFFFFFFFFFFFFF3E
:10C21000FFFFFFFFFFFFFFFFFFFFFFFFFFFFFFFF2E
:10C22000FFFFFFFFFFFFFFFFFFFFFFFFFFFFFFFF1E
:10C23000FFFFFFFFFFFFFFFFFFFFFFFFFFFFFFFF0E
:10C24000FFFFFFFFFFFFFFFFFFFFFFFFFFFFFFFFFE
:10C25000FFFFFFFFFFFFFFFFFFFFFFFFFFFFFFFFEE
:10C26000FFFFFFFFFFFFFFFFFFFFFFFFFFFFFFFFDE
:10C27000FFFFFFFFFFFFFFFFFFFFFFFFFFFFFFFFCE
:10C28000FFFFFFFFFFFFFFFFFFFFFFFFFFFFFFFFBE
:10C29000FFFFFFFFFFFFFFFFFFFFFFFFFFFFFFFFAE
:10C2A000FFFFFFFFFFFFFFFFFFFFFFFFFFFFFFFF9E
:10C2B000FFFFFFFFFFFFFFFFFFFFFFFFFFFFFFFF8E
:10C2C000FFFFFFFFFFFFFFFFFFFFFFFFFFFFFFFF7E
:10C2D000FFFFFFFFFFFFFFFFFFFFFFFFFFFFFFFF6E
:10C2E000FFFFFFFFFFFFFFFFFFFFFFFFFFFFFFFF5E
:10C2F000FFFFFFFFFFFFFFFFFFFFFFFFFFFFFFFF4E
:10C30000FFFFFFFFFFFFFFFFFFFFFFFFFFFFFFFF3D
:10C31000FFFFFFFFFFFFFFFFFFFFFFFFFFFFFFFF2D
:10C32000FFFFFFFFFFFFFFFFFFFFFFFFFFFFFFFF1D
:10C33000FFFFFFFFFFFFFFFFFFFFFFFFFFFFFFFF0D
:10C34000FFFFFFFFFFFFFFFFFFFFFFFFFFFFFFFFFD
:10C35000FFFFFFFFFFFFFFFFFFFFFFFFFFFFFFFFED
:10C36000FFFFFFFFFFFFFFFFFFFFFFFFFFFFFFFFDD
:10C37000FFFFFFFFFFFFFFFFFFFFFFFFFFFFFFFFCD
:10C38000FFFFFFFFFFFFFFFFFFFFFFFFFFFFFFFFBD
:10C39000FFFFFFFFFFFFFFFFFFFFFFFFFFFFFFFFAD
:10C3A000FFFFFFFFFFFFFFFFFFFFFFFFFFFFFFFF9D
:10C3B000FFFFFFFFFFFFFFFFFFFFFFFFFFFFFFFF8D
:10C3C000FFFFFFFFFFFFFFFFFFFFFFFFFFFFFFFF7D
:10C3D000FFFFFFFFFFFFFFFFFFFFFFFFFFFFFFFF6D
:10C3E000FFFFFFFFFFFFFFFFFFFFFFFFFFFFFFFF5D
:10C3F000FFFFFFFFFFFFFFFFFFFFFFFFFFFFFFFF4D
:10C40000A3F5803A704700BF174B002B08BF134BB2
:10C410009D46FFF7F5FF00218B460F461348144A4F
:10C42000121A0CF0AAFB0E4B002B00D098470D4BB4
:10C43000002B00D098470020002104000D000D487B
:10C44000002802D00C48AFF3008004F0ECFC200080
:10C45000290004F08DFE0CF055FB00BF0000080021
:10C4600000000000250E0108004F0020C803002036
:10C47000402A0020000000000000000072B60A48B8
:10C480000A4901600A6882F3088809488047094917
:10C49000094A0A4B9A42BEBF51F8040B42F8040BFA
:10C4A000F8E762B60648804708ED00E000C00008E3
:10C4B000C93A0108B4AD010800000020C8030020FB
:10C4C00009C40008FFF7FEBF0848004708480047B6
:10C4D0000848004708480047084800470848004700
:10C4E000084800470848004708480047C9C40008F2
:10C4F000D9C60008D1C40008D5C40008D9C40008B2
:10C5000011C50008E1C400087BC500088BC5000800
:10C510001EF0040F0CBFEFF30880EFF30980816970
:10C5200011F8021CD9B901B590E80F10E047BDE839
:10C5300000508CE80300194B93E80600914208BFB5
:10C54000704719B12CE9F00FC1F838C01A60906B30
:10C55000B0E8F00F80F309886FF0020E7047104AC0
:10C5600013689942FAD801B552F821C00FC8E047C4
:10C57000BDE80050CCF80000704701B509F012F892
:10C58000BDE80140EFF3098CD5E701B508F0D2FF13
:10C59000BDE80140EFF3098CCDE70000EC0200207C
:10C5A00010AA0108034613F8012B002AFBD1181A20
:10C5B000013870470348044B834202D0034B03B158
:10C5C00018477047C8030020C8030020000000007F
:10C5D0000548064B1B1AD90F01EBA301491002D0E5
:10C5E000034B03B118477047C8030020C80300205D
:10C5F0000000000010B5064C237843B9FFF7DAFFBE
:10C60000044B13B10448AFF300800123237010BD25
:10C61000C8030020000000008CAD010808B5054BE0
:10C620001BB105490548AFF30080BDE80840FFF79E
:10C63000CFBF00BF00000000CC0300208CAD01087C
:10C6400008B5EFF3088400F00F030D2B01D1EFF3D1
:10C650000984E3699A0554BF04F1200504F1240517
:10C66000C30658BF483505F005FFEFF3098005F014
:10C6700001FFEFF3088005F0FDFEEFF3148005F0F5
:10C68000F9FE284605F0F6FE606905F0F3FEA069A4
:10C6900005F0F0FEE0690E4C05F0ECFEE06A05F0F6
:10C6A000E9FEA06A05F0E6FE206B05F0E3FEE06B14
:10C6B00005F0E0FE606B05F0DDFEA06B05F0DAFE34
:10C6C00043220020034906F0F5F801F039FDFEE7AA
:10C6D00000ED00E0499101087046FFF7B1FF704797
:10C6E00010B5EFF3108472B60023C160826003605E
:10C6F000436084F3108810BD38B50446EFF310850D
:10C7000072B64368C268D1544068A3680130984249
:10C71000606008D30CBF012000203022074906F0DA
:10C72000C9F80020606023683522181A18BF01205C
:10C73000024906F0BFF885F3108838BD75910108ED
:10C7400070B50446EFF3108672B609C8C01A4FF0F0
:10C75000420218BF01200C4906F0ACF82368E268D9
:10C76000D55CA26801339342236009D34FF047029E
:10C770000CBF01200020044906F09CF80023236030
:10C7800086F31088284670BD75910108EFF310817B
:10C7900072B6426803689A423CBF80681218D01A89
:10C7A00081F31088704738B5EFF3108572B684684E
:10C7B000FFF7ECFF85F31088013C201A38BDF8B56F
:10C7C00015460C460746FFF7E1FF854228BF0546A0
:10C7D0006619B44201D12846F8BD3846FFF7B0FFCC
:10C7E00004F8010BF5E7F8B515460C460746FFF7C8
:10C7F000DAFF854228BF05466619B44201D12846B2
:10C80000F8BD384614F8011BFFF776FFF5E770B561
:10C81000064608460C46FFF7C5FE01303C280DD8F9
:10C820002046FFF7BFFE421C2146304615460CF05D
:10C83000CDF9002386F83B30E8B270BD3C22F3E727
:10C840000B4B1B68B0EB930F0FD200EB5303013B74
:10C85000B3FBF0F002288ABF03230120B0FBF3F002
:10C860000023044A53705060704701231846F8E7CC
:10C87000D4010020E8030020FF234FF001100B70CB
:10C88000704700002DE9F04F0478054684F08003DE
:10C890001F2B8B4689B004D800F052FE09B0BDE8CA
:10C8A000F08F04F16003DBB25E2B02D8FFF7E4FFE8
:10C8B000F4E70B4603F8014B02931D2C00F22D8583
:10C8C000DFE814F01E009300A600DE003E025002D6
:10C8D0005E042B051505FA000B012B052B052B0516
:10C8E0002B052B051001A401BA01CA0123023A024B
:10C8F000D5012B052B052B052B052B052B05D7016A
:10C900004378092B0BD8012B11D9033B8D1C062B27
:10C9100012D8DFE803F0171B2236474C5000FE2BDD
:10C920005CD0FF2B54D0F02B5DD0F12B46D08BF890
:10C93000014004F10210B1E7A9492846FFF767FF5B
:10C940000446F4E704F0F8F80146F6E70622284624
:10C95000A4490CF03BF90624E9E7A34B1B69002B23
:10C96000E5D093F8A52193F8A41141EA022193F8A8
:10C97000A62193F8A73141EA024151EA0361DCD1D3
:10C98000D5E7994B1B69002BD1D093F8A92193F8D7
:10C99000A81141EA022193F8AA2193F8AB3141EAA8
:10C9A0000241EAE7904BD96F0029C6D1BFE78E4B11
:10C9B000D3F88010F8E704F0D3F8C5E740238B7074
:10C9C0004223CB700F230B71002304244B71AEE77D
:10C9D00040238B7000230224CB70A8E7042301249A
:10C9E0008BF80230A3E73123F9E7437833B1012B09
:10C9F0000CD0FF237D488BF801305AE04022837829
:10CA000013F0010F7A4B14BF5A611A610023F1E74A
:10CA10004378012B00F229810122764B1A70744B66
:10CA2000596821F470015960596841F44011596006
:10CA30004FF400511961596821F0706159605968CB
:10CA400041F0407159604FF480411961596821F4F7
:10CA500070215960596841F4002159604FF48051A8
:10CA60001961196821F00F011960196841F0070177
:10CA700019601A6113464FF001108BF8013018E06D
:10CA8000002101205B4B1970594B5A6822F4700247
:10CA90005A605A685A605A6822F070625A605A683E
:10CAA0005A605A6822F470225A605A685A608BF8A9
:10CAB000011000F10110F1E6837842784E4942EA14
:10CAC00003224E4B1B68B3FBF1F303210233B3FB8C
:10CAD000F1F35343013BFDD198E7002302208B7013
:10CAE0004B70E6E78278C3784178007943EA002307
:10CAF000687943EA0043A87943EA006312F0010031
:10CB0000009007D04FF40054394811F0010F14BFC2
:10CB10000461446112F0020807D04FF480443448A5
:10CB200011F0020F14BF046144614FFA82FCBCF1A2
:10CB3000000F05DA0124C8092D4814BF04614461BF
:10CB4000002B3CD02E48DFF8BCE0834228BF0346D0
:10CB50002A48DEF8045004682748254EB4FBF0F458
:10CB6000B5FBF4F502F004074FEAD11902F02002F8
:10CB70004FEA510A009820B1F068C0F3403081427A
:10CB800008D1B8F1000F0DD0B068C0F30030824575
:10CB900000F0C983DEF80400B0FBF4F0401B8342D0
:10CBA000E8D80CE0002F00F0C1838808F2D1BCF176
:10CBB000000F04DAB06800F001008145EAD10C49A9
:10CBC0001148CB688A688968C3F3403343EAC113CC
:10CBD000C2F3003243EA42038BF8013069E700BF39
:10CBE00098910108D4A1010850A101080100020098
:10CBF000000C0140E803002040420F00D401002057
:10CC0000C0C62D00001000E001000600AB7840789F
:10CC100040EA0320EB7840EA03402B7950EA0360B6
:10CC200008D0AC4B9860FFF70BFE0023AA488BF8A6
:10CC300001303EE7FF23F9E74478811C002C08BF50
:10CC40004FF48074204600F069FD0023E01D8BF84E
:10CC50000130C00801305EE043789E4903F00302D2
:10CC60000132C3F380030A774B77002303E7FF23E6
:10CC700001E701240023A0464FF4804B4B7090F84D
:10CC80000190964D01F1020A861CB9F1000F02D104
:10CC900044EA08400DE716F8010B6A6810F03F07F8
:10CCA00008BF402722F070626A606A6843B2002BB6
:10CCB000ABBF42F040726A606A60C5F810B0A8BFAE
:10CCC000C5F814B05246314609F1FF3900930737D1
:10CCD00000F056FD009BB9F1000F09D16A6822F0FF
:10CCE00070626A606A6842F040726A60C5F814B0A7
:10CCF000002B08F10108B9BF0AEBD70A04EBD704EF
:10CD000006EBD70608EBD708BFE7FF234B70427846
:10CD1000811C01201AB9000440F00100C9E60B781B
:10CD2000013013F03F0308BF40230733DB085C1CCE
:10CD3000013A21441844EDE7FF2340784B7089E71E
:10CD40004278644B1A74C178827842EA01229A824E
:10CD50000279417942EA0122DA82002360488BF8A5
:10CD60000130A6E6431C03935A4B90F802901B78BF
:10CD7000C41C012B40F0F1814FF0000846464046AC
:10CD8000584BCD1C83F80080CDF80480B9F1000F1A
:10CD900016D1012840F0B981002E00F0C2814D4B20
:10CDA000504F9E8A0E2007A900F038FE022840F05E
:10CDB0009D811EB13B78013E002BF3D00220A4E1FF
:10CDC000234613F8017BDFF80CA117F0020F009344
:10CDD00000F01881002E43D007F01103012BBAF8A0
:10CDE00014200FD1384607A9049200F017FE02283C
:10CDF00019D1049A22B13B4B013A1B78002BF1D098
:10CE0000022080E016460E2007A900F007FE022847
:10CE100008D1002EF4D0334B013E1B78002BF2D00A
:10CE20000026EDE7002601286DD1079B1A0A2B701A
:10CE30006A701A0C1B0EAA70EB70002E48D03B06CD
:10CE400045D53046DAF80C3008351A0A05F8043CA6
:10CE500005F8032C1A0C1B0E05F8022C05F8013CF2
:10CE6000DFF870C017F01003BCF814A007F001023F
:10CE700064D0A178637843EA0123E17843EA01436F
:10CE8000217943EA01630493631D0093BCF81640C3
:10CE900052BBDFF840A0BAF8142007A93846059223
:10CEA00000F0BCFD0228014632D1059A22B10D4B9B
:10CEB000013A1B78002BF0D0064B9A69079B134070
:10CEC000049A9A4235D041F01001C8B21BE03046B6
:10CED0000435C5E7E803002001000400000C014010
:10CEE00001000500E40300200021384600F096FD13
:10CEF00002280AD1BAF1000F05D09F4B0AF1FF3A80
:10CF00001B78002BF0D0009CEAE00128C1D0FAE7A2
:10CF10000128D1D1079ADAF818301340049A9342C5
:10CF2000CAD0002CC8D0944B013C1B78002BB2D047
:10CF3000C2E70128E7D14FF000082AE0002A33D0E9
:10CF4000002EF8D18C4C0021384600F067FD0228F5
:10CF500009D1BAF1000F00F09E8023780AF1FF3A60
:10CF6000002BF0D0CFE70128CDD13E0640F1AA80BA
:10CF70004FF000080646814B0435DB681A0A05F8B5
:10CF8000043C05F8032C1A0C1B0E05F8022C05F8BE
:10CF9000013C019B01330193774B1B78002BB2D1ED
:10CFA000009C09F1FF39F1E6384607A900F036FD8B
:10CFB000022809D1BAF1000FA5D06F4B0AF1FF3A50
:10CFC0001B78002BF0D09EE701289CD13C060BD5A6
:10CFD0002A466A4BDB68190A02F8043B6970190C8F
:10CFE0001B0EA970EB701546079B04351A0A05F84D
:10CFF000043C05F8032C1A0C1B0E05F8022C05F84E
:10D00000013C98E716B3BAF814200E2007A9049241
:10D0100000F004FD022809D1049A002A3FF473AFFE
:10D02000554B013A1B78002BEFD06CE701287FF4B9
:10D030006AAF079B04351A0A05F8043C05F8032C6F
:10D040001A0C1B0E05F8022C05F8013CA278637837
:10D0500017F0200F43EA0223E27843EA02432279E1
:10D0600043EA026304F1050200920793434A03D0A6
:10D070000026012093618CE7968A384607A900F0C4
:10D08000CDFC022809D1002E3FF43DAF3A4B013EC2
:10D090001B78002BF1D0002635E70128FBD139069B
:10D0A00014D58046DAF80C3004351A0A05F8043C29
:10D0B00005F8032C1A0C1B0E05F8022C05F8013C90
:10D0C000002666E74FF00008064662E78046F7E76D
:10D0D00023789A0708D5DF0606D4013409F1FF3911
:10D0E000B9F1000FF4D154E60534F7E701280CD16B
:10D0F000079B04351A0A05F8043C05F8032C1A0CA2
:10D100001B0E05F8022C05F8013C019B029A8BF8D6
:10D110000130039B8BF80200E31AA81A40EA03408F
:10D12000C7E4B8F1000FF0D0144B134F9E8A0021D2
:10D130000E2000F073FC0228E7D1002E3FF43EAE33
:10D140003B78013E002BF2D038E62378990711D5C1
:10D15000DA060FD4013409F1FF39B9F1000FF4D127
:10D16000039B8BF80190E01A00048BF8029040F0CA
:10D1700002009EE40534EEE7E4030020E80300200B
:10D180006D4C2378012B4FF0000340F0AB80DFF8AB
:10D19000ACA190F802808AF80030C3780A1D58EAE2
:10D1A0000328009200F09C80077917F0020615D141
:10D1B000431DB045B4F814906ED100210E2000F04C
:10D1C0002DFC022801462CD1B9F1000F29D09AF884
:10D1D000003009F1FF39002BEFD07AE017F00101A0
:10D1E00037D14346DDF80090A8EB0306CDF8009058
:10D1F000BBB1013B03D117F0010F18BF0E27A28A64
:10D2000007A938460193039200F008FC0228014662
:10D21000019B32D1039A22B19AF80000013A00280A
:10D22000EED0009B029A8BF80160360A8BF8026000
:10D230008BF80310981A2B799B075BBFAB78EA78C1
:10D2400040F4802043EA02235CBF013340EA83407C
:10D250002FE4A68A0021384600F0E0FB02280146B0
:10D2600008D1002EDDD09AF80030013E002BF1D01D
:10D270000026D6E70128B4D0FAE70128D1D1079AD1
:10D2800009F8042B100A09F8030C100C120E09F807
:10D29000020C09F8012CA7E759781A7842EA012212
:10D2A000997842EA0142D97842EA0162079207A9D5
:10D2B0003846019300F0B2FB02280146019B0AD1D7
:10D2C000B9F1000F05D09AF8002009F1FF39002AC2
:10D2D000EDD00221A5E70128A3D10433013668E788
:10D2E0004146C5E703204B708B70CB70A3E7124B10
:10D2F0001B78012B0FD1C278837807A943EA022358
:10D30000027943EA02434279002043EA0263079329
:10D3100000F084FB21E5FF2320E5FF234FF00110FF
:10D320000B70FFF7BBBA002F7FF441AC002A3FF42B
:10D330003EAC48093AE400BFE8030020E4030020C3
:10D34000F8B503787F2B15D10C464FF0021604F880
:10D35000023B4578871C4D700DB93046F8BD21461B
:10D360003846FFF78FFA064407EB104780B2013DBD
:10D370000444F1E7BDE8F840FFF784BA1FB5642123
:10D38000334B00225961012132481A7098601A7497
:10D390009A619983FFF754FA2F4B9A6942F004027D
:10D3A0009A619A6902F004020092009A9A6942F026
:10D3B00008029A619A6902F008020192019A9A6938
:10D3C00042F010029A619A6902F010020292029AE7
:10D3D0009A6942F020029A619B6903F0200303934B
:10D3E000039B1E4B5A6822F470025A605A6842F43A
:10D3F00040125A604FF400521A615A6822F070626B
:10D400005A605A6842F040725A604FF480421A6182
:10D410005A6822F470225A605A6842F400225A6014
:10D420004FF480521A611A6822F00F021A601A68CB
:10D4300042F007021A6019611A6822F070621A60DD
:10D440001A6842F040721A6040221A6105B000BDAD
:10D45000E8030020404B4C0000100240000C01404B
:10D4600000230422C0F81031C0F81431C0F808219C
:10D47000C0F80C3170470346D0F80C0110B5B8B1B4
:10D480000138C3F80C01D3F8140103EB80140C60CD
:10D4900000F1800133F81110013000F00300116039
:10D4A000C3F814010120D3F808210132C3F8082180
:10D4B00010BD007800F17D03DBB28C2818BF012B72
:10D4C0008CBF012000207047F8B50446D0F8080151
:10D4D0000D4617461E4688B30846FFF7EAFF10B10F
:10D4E000012003F011FED4F80831D4F81001013BFB
:10D4F000402F3A46C4F80831A8BF4022294604EB21
:10D5000080100BF063FBD4F81011284604EB811156
:10D51000FFF716FFD4F8103103F1800224F812004F
:10D52000012004EB8312013303F003033260C4F8DB
:10D530001031D4F80C310133C4F80C31F8BD0000BF
:10D540002DE9F04F037887B00B70803B06460D46FF
:10D550000D2B00F2D580DFE803F00717233944D301
:10D56000D3D354626C7486CA03F0E6FA0646FFF71A
:10D5700019F8C4B2687022463146A81C0BF026FB8D
:10D5800004F58030023008E004A805F08FF8072287
:10D5900004A9681C0BF01AFB5B4807B0BDE8F08FCC
:10D5A000002404A805F082F80422711C03A8039447
:10D5B0000BF00CFB039B04A8049305F05DF82046D8
:10D5C00005F088F8012351486B70E6E73E21A81C5E
:10D5D00006F022FE044610B1012003F09FFD6C709E
:10D5E000CEE744780230214606F004FE012003F025
:10D5F00095FD0123E0186B7043EA004000F1011033
:10D60000CBE701234B70407820B903F0A3FD4FF026
:10D610000210C2E70128F8D000234B70F7E701237E
:10D620004B7004F0FDFF10B9022008F0C3FD38482C
:10D63000B3E7407800F0ECFE0022364B68701A80A9
:10D64000E5E7344C218851B1334800F017FF00233F
:10D650006870238018B11338C0B20128E7D800F0F1
:10D6600041FF6870E3E7DFF8ACB04478012003F0D5
:10D670005FFDBBF8003002369BBB94BB21463046B1
:10D6800000F0FCFE687024E0BBF800003146C0F5F5
:10D690000077474528BF47464844BAB201920BF08D
:10D6A00095FABBF80030019A1F44BFB2B7F5007F6E
:10D6B000ABF80070A8EB020816440FD34FF40071CA
:10D6C000484600F0DBFEABF800A06870B8F1000F30
:10D6D000DAD1601C000440F001008FE785F801A05A
:10D6E000F4E7A0464FF0000ADFF82C90EEE70023A5
:10D6F0004B70407810B901F01FFB88E70120FAE772
:10D700004FF0011049E700BF0900010002000500C9
:10D7100002000100080400200C0E0020002829D07F
:10D720004FF0000C144B70B5144AD3F804E04FF4DA
:10D7300080464FF4005463460138BCF1000F13D00B
:10D740000CF1FF3CDD074CBF166156617546546114
:10D75000013DFDD175461461013DFDD1013808D36D
:10D760005B08BCF1000FEBD14FF0070C11F8013B47
:10D77000E8E770BD704700BFE8030020000C0140DF
:10D7800010F03F0C08BF4FF0400C0306F0B540F11D
:10D79000A38014464FF400504D4D4E4B69685861BC
:10D7A0000A46013AFDD19E680A46C6F300373E4656
:10D7B0001861013AFDD1BCF1010F00F01A810A464F
:10D7C0005861013AFDD19A680F461861013FFDD1B9
:10D7D000C2F3003E4FEACE1EBCF1020F4EEA861E97
:10D7E00070D00A465861013AFDD19A680E46186118
:10D7F000013EFDD1C2F30032D201BCF1030F42EA77
:10D800005E0200F0F8800E465861013EFDD19F682F
:10D810000E461861013EFDD1C7F3003E4FEACE1E11
:10D82000BCF1040F4EEA520200F0E8800E46586147
:10D83000013EFDD19F680E461861013EFDD1C7F340
:10D84000003E4FEACE1EBCF1050F4EEA520E00F02C
:10D85000D8800A465861013AFDD19E680A4618618F
:10D86000013AFDD1C6F30036F601BCF1060F46EAD7
:10D870005E0600F0CB800A465861013AFDD19A68F5
:10D880000F461861013FFDD1C2F3003E4FEACE1EA4
:10D890004EEA560EBCF1070F4FEA5E0E14D00A4650
:10D8A0005861013AFDD19A6818610139FDD1C2F37E
:10D8B00000324EEAC21EBCF1080C04F801EB7FF402
:10D8C0006DAFF0BD4FEA9E1E84F800E0F0BD00BFD2
:10D8D000E8030020000C01404FF480444FF4005254
:10D8E0004C4B013958684C4B11F801EF05461EF0BE
:10D8F000010F0CBF5C611C615A61013DFDD1054601
:10D900001A61013DFDD1BCF1010FDAD01EF0020F0A
:10D910000CBF5C611C6105465A61013DFDD10546A5
:10D920001A61013DFDD1BCF1020FCAD01EF0040FF7
:10D930000CBF5C611C6105465A61013DFDD1054685
:10D940001A61013DFDD1BCF1030FBAD01EF0080FE2
:10D950000CBF5C611C6105465A61013DFDD1054665
:10D960001A61013DFDD1BCF1040FAAD01EF0100FC9
:10D970000CBF5C611C6105465A61013DFDD1054645
:10D980001A61013DFDD1BCF1050F9AD01EF0200FA8
:10D990000CBF5C611C6105465A61013DFDD1054625
:10D9A0001A61013DFDD1BCF1060F8AD01EF0400F77
:10D9B0000CBF5C611C6105465A61013DFDD1054605
:10D9C0001A61013DFDD1BCF1070F3FF47AAF5FEA68
:10D9D000DE1E0CBF5C611C6105465A61013DFDD134
:10D9E00005461A61013DFDD1BCF1080C7FF47CAF06
:10D9F000F0BD2770F0BD52092270F0BD12092270EF
:10DA0000FBE74FEADE0E84F800E05FE7B608267019
:10DA1000F0BD00BFE8030020000C01402DE9F043F9
:10DA20004D4C8946637800F00101002B00F098808E
:10DA30004FF400554FF48042484B1A615D611D61FF
:10DA4000002940F079815A614FF40051434A870719
:10DA5000516111614FF480414CBF116151614FF42C
:10DA600000513E4A4607516111614FF480414CBF5D
:10DA7000116151614FF40051384A0507516111613C
:10DA80004FF480414CBF116151614FF40051430884
:10DA900003EB9003034403EBD003304A13F0010F70
:10DAA0004FF4804351614FF4804511614FF40051B0
:10DAB00014BF13615361294B227F596119615D6164
:10DAC000596119611D61596119615E68944626F0BA
:10DAD00070665E605E685E601D6122B1BCF1010C23
:10DAE00059611961FAD14FF400511C4B59619E687C
:10DAF000196159619F68196159619D68C7F30037C1
:10DB0000C5F3003E4FEA8E0EC6F300364EEA470ECE
:10DB10004EEA060EBEF1010F196100F01F821425B6
:10DB200025FA0EF5ED0700F136812132013A5961EF
:10DB30001961FBD14FF480415A685FFA8EFE22F0E2
:10DB400070625A605A68704642F040725A60596179
:10DB50001961BDE8F08300BFE8030020000C01401C
:10DB60004FF480454FF400566368634A1F461561C1
:10DB70005661013FFDD116611E46013EFDD10029CF
:10DB800040F0D88055614FF400525B491D464A6110
:10DB9000013DFDD10A611A46013AFDD14FF480459D
:10DBA00086074CBF0D614D614FF4005552491E462A
:10DBB00042084D61013EFDD10D611D46013DFDD183
:10DBC0004FF4804547074CBF0D614D614FF4005540
:10DBD00049491E4602EB90024D61013EFDD10D61A7
:10DBE0001D46013DFDD14FF4804506074CBF0D6138
:10DBF0004D614FF4005540491E4602444D61013EBF
:10DC0000FDD10D611D46013DFDD102EBD00212F0A8
:10DC1000010F4FF480424FF4005514BF0A614A616E
:10DC2000354A194655610139FDD119461561013949
:10DC3000FDD14FF480411E4651615561013EFDD139
:10DC40001E461561013EFDD111611E465561013E22
:10DC5000FDD11E461561013EFDD1566826F0706665
:10DC6000566056685660116194F81CC0E646BCF1D7
:10DC7000000F0AD0194655610139FDD119461561C9
:10DC80000139FDD1BEF1010EF4D14FF400551A4A0D
:10DC9000194655610139FDD196681946156101395A
:10DCA000FDD1194655610139FDD1976819461561B5
:10DCB0000139FDD1194655610139FDD1D2F80880ED
:10DCC000194615610139FDD1C8F3003EC7F3003193
:10DCD0004FEA8E0E4EEA410EC6F300314EEA010EB7
:10DCE000BEF1010F00F0C180142121FA0EF1CE0720
:10DCF00024D40CF1210C01E0000C014019465561BF
:10DD00000139FDD1194615610139FDD1BCF1010C74
:10DD1000F4D14FF4804153685FFA8EFE23F07063B4
:10DD200053605368704643F0407353605161116112
:10DD3000BDE8F083156126E71A6185E6667F002E4F
:10DD400052D0810745D4BCF1000F51D14FF480402F
:10DD5000516821F070615160516841F0407151602B
:10DD600050614FF4804121224FF4005477484161C3
:10DD7000194644610139FDD1194604610139FDD1CB
:10DD8000013AF5D14FF48042704B5FFA8EFE704637
:10DD90001A61BDE8F083657F002D4CD0840745D41F
:10DDA000002A4BD14FF480415A6822F070625A60C9
:10DDB0005A6842F040725A6059614FF48040212302
:10DDC0004FF40051614A5061013B51611161FBD137
:10DDD000D8E721211C465561013CFDD11C46156147
:10DDE000013CFDD10139F5D1BCF1000F00F0938168
:10DDF0004FF4005455491A464C61013AFDD11A4678
:10DE00000C61013AFDD1BCF1010CF4D14FF4804416
:10DE10004A6822F070624A604A6842F040724A6082
:10DE20004C61002EAED08207ACD49AE72124013C8D
:10DE300059611961FBD1002A00F061814FF4005152
:10DE4000424B013A59611961FBD15A6822F0706264
:10DE50005A605A6842F040725A604FF480425A61E8
:10DE6000002D8FD087078DD4A7E710F0020640F071
:10DE7000F980BCF1000F0AD0194655610139FDD176
:10DE8000194615610139FDD1BCF1010CF4D14FF4F3
:10DE9000804E2E494FF020084A684FF4005722F078
:10DEA00070624A604A6842F040724A60C1F814E009
:10DEB000D9F8002000E05208D5074CBFC1F810E0A7
:10DEC000C1F814E01D464F61013DFDD11D460F61B3
:10DED000013DFDD1B8F101081644ECD14FF4804169
:10DEE0001A4AF5074CBF116151614FF40051174AAE
:10DEF0001D465161013DFDD11161013BFDD14FF046
:10DF0000010E07060AD5124B124A1B681249A2FBE2
:10DF100003234A689B0CB2FBF3F3E360237C83B1D9
:10DF20004FF480424FF40055084960684A61024648
:10DF30004D61013AFDD102460D61013AFDD1013B2F
:10DF4000F5D14FF48042014B21E700BF000C0140A6
:10DF5000D401002083DE1B43001000E010F0020516
:10DF60004AD11AB1013A59611961FBD14FF4804786
:10DF70006F4A202153684FF4005623F070635360BA
:10DF8000536843F0407353605761D9F8003000E0A4
:10DF90005B0813F0010F14BF176157610139566117
:10DFA0001D441661F4D14FF48042614BEF074CBF22
:10DFB0001A615A614FF400524FF0010E5C4B5A61E6
:10DFC0001A6106060AD55B4B5B4A1B685B49A2FBDC
:10DFD00003234A689B0CB2FBF3F3E360237C002B22
:10DFE000AFD04FF480404FF40051514A5061013B93
:10DFF00051611161FBD1A4E7002720253E465961FC
:10E00000D3F808C0013DCCF3003C66444FEACC7C19
:10E0100019614CEA5707F2D159619D68196186EA86
:10E02000153616F0010F14BF4FF0080E4FF0010E19
:10E03000B9F1000F01D0C9F8007032B14FF40051AE
:10E040003B4B013A59611961FBD1394B5A6822F0B7
:10E0500070625A605A6842F040725A604FF48042CF
:10E060005A61AEE74FF000084FF0200E47461946C0
:10E0700055610139FDD191681E461561C1F300312A
:10E08000013EFDD10F44BEF1010E4FEAC17141EADC
:10E090005808ECD1194655610139FDD191681561D7
:10E0A000013BFDD187EA113717F0010F14BF4FF084
:10E0B000080E4FF0010EB9F1000F01D0C9F8008031
:10E0C000BCF1000F0ED04FF400556268184913469A
:10E0D0004D61013BFDD113460D61013BFDD1BCF10A
:10E0E000010CF4D1124B5A6822F070625A605A68DF
:10E0F00042F040725A604FF480425A6101E74FF497
:10E1000080415A6822F070625A605A6842F0407248
:10E110005A60596136E64FF48041536823F07063CA
:10E120005360536843F04073536051612AE600BF67
:10E13000000C0140D401002083DE1B43001000E0EE
:10E14000BFF34F8F0549064BCA6802F4E0621343E0
:10E15000CB60BFF34F8F00BFFDE700BF00ED00E0D5
:10E160000400FA0500224FF0FF334FF0010CF0B528
:10E17000DFF83CE08A4203DB93FAA3F0C043F0BD32
:10E1800007250024865C0CFA05F716F0010F47EA14
:10E19000040718BF3C46013D4FEA5606F3D283EA16
:10E1A00004631C0E5EF82440013284EA0323E1E795
:10E1B000EC8B010800234FF0010CF0B5DFF844E0D0
:10E1C000C04390FAA0F0934203DB90FAA0F0C04362
:10E1D000F0BD07250024CE5C0CFA05F716F0010F00
:10E1E00047EA040718BF3C46013D4FEA5606F3D202
:10E1F00080EA0460040E5EF82440013384EA0020C3
:10E20000E1E700BFEC8B010800F07CBB0023F0B518
:10E210000D46164689B0CDE906330593441C06AF7A
:10E2200005AB01934FF48073314600932846234693
:10E23000029707AA00F09AFF0628F1D801A353F825
:10E2400020F000BF61E200088BE2000871E20008E4
:10E2500021E20008B5E20008A1E20008A1E20008FE
:10E26000069A1AB12146059800F050FA09B0F0BD9F
:10E27000069A1AB9079BF61A1D44D1E7214605985C
:10E2800000F044FA0028F5D0F0E7069A0AB9132006
:10E29000ECE72146059800F039FA0028E6D1F6E7C8
:10E2A000053818BF01204FF4B072034904F002FB97
:10E2B0001620DBE71520D9E7AA91010810B540F236
:10E2C0000112002104460AF058FC00F029FF002347
:10E2D0002370BDE8104000F0E7B900F0E5B908B5DB
:10E2E00004F084FB431E5842584108BD08B5002382
:10E2F0001A4600F015F9003818BF012008BDF0B526
:10E30000044690F830000F462F28154685B02DD8CA
:10E31000C0F13006964228BF1646204432460AF025
:10E3200055FC94F830103144C9B22F2984F83010CC
:10E3300027D9002320461A4600F0F2F820B3002225
:10E3400003AB0093114602AB00F028F9D0B9029854
:10E35000214694F83020606300F0D8F990B9636BDF
:10E3600094F8302037441344AD1B63632A46394682
:10E37000606B00F0CBF928B9636B14202B44636306
:10E3800000E0002005B0F0BD1C20FBE708B507F059
:10E39000E1FC054B62221B6804491B1A5842584194
:10E3A000BDE8084004F086BA0C040020AA910108D8
:10E3B00000F0A8BAF8B506460F460024074D230121
:10E3C00039463046EB58984730B9631C022B4FF062
:10E3D0000104F4D10320F8BDE0B2FCE70000002006
:10E3E00010B500F108040322214607480AF0DCFBBF
:10E3F00040B10322214605480AF0D6FB002814BF8D
:10E400000320012010BD00BFDC910108E09101084C
:10E4100070B5144C0646257835B185220020124986
:10E4200004F048FA022070BD012801D98B22F5E7DB
:10E4300007F090FC0D4B4FF48272186029460C488F
:10E440000AF09BFB01230B4823700B4B00EB0610DB
:10E4500018604368064898470028E4D003232370D7
:10E46000E1E700BF14040020AA9101080C04002079
:10E4700018040020000000201004002070B5154D85
:10E4800004462B780E46012B07D0A4220020124907
:10E4900004F010FA0224204670BDFFF777FF0F4BFF
:10E4A00021461B6832469B680D489847132804464E
:10E4B00002D102232B70EEE7142800D040B928784F
:10E4C000B222431E58420449584104F0F3F9E2E7EE
:10E4D0000323EFE714040020AA9101081004002090
:10E4E0001804002010B5094C207828B9C02208492A
:10E4F00004F0E0F9022010BDFFF748FF054B064885
:10E500001B68DB68984700232370F4E7140400209D
:10E51000AA91010810040020180400200020704770
:10E5200030B505461C462F2994BF0020012085B038
:10E530004722174904F0BEF90C2205F1200101A879
:10E540000AF044FB0CB9134B1C70134B029A9A420D
:10E550000ED103F17F73019803F5823303F2871321
:10E56000984212D0FC3BC31A5842584105B030BD06
:10E57000284604F027FA28B114B90122054B1A7075
:10E580000320F3E7002CF1D0FAE70220EEE700BF0A
:10E59000E49101081C050020089996972DE9F8439D
:10E5A000DDF820800646994613B1B8F1000F08D176
:10E5B000712200202F4904F07DF902273846BDE87A
:10E5C000F883002401281C60C8F8004015D112B15E
:10E5D000B1F1006F41D14FF00065274B1C68002757
:10E5E00004F026F808B9012E42D0002FE6D1002C05
:10E5F00039D1B82220461F49DDE7032830D11F4B0F
:10E600001C696CB304F10C004278037843EA0223DE
:10E61000827843EA0243C27853EA02620DD1437919
:10E62000057945EA0325837945EA0345C37955EA27
:10E63000036502D1124B1C68D1E7417A037A43EAA1
:10E640000123817A43EA0143C17A43EA0163012B42
:10E6500001D01430D8E71546ECE725461A27BFE766
:10E6600025461C27BCE7C9F80050C8F80040A5E7BC
:10E670001C27A3E7E4910108DCA1010850A10108CF
:10E6800044A60108032808B50B4607D105490969C6
:10E6900021B111461846FFF741FF08B9002008BD17
:10E6A0001D20FCE750A1010838B50F4D2C783CB176
:10E6B000DA2200200D4904F0FDF80224204638BD7E
:10E6C0003022FF210A480AF058FA01232B70094B27
:10E6D0001C70094B1C60094B1C60094B1C60094BEA
:10E6E0001C70094B1C70E9E72D050020E49101081E
:10E6F0002E0500202C0500202805002024050020E0
:10E70000200500201E0500201D0500202DE9FF47E3
:10E710006F4E154632780446012A0F4608D0002075
:10E72000EF226C4904F0C6F8022004B0BDE8F0877F
:10E73000694B197821B969491A70086068490860FD
:10E74000DFF8A08198F80030002B6BD1644A136881
:10E750005919A34211605BD1DFF88CA1634BDAF841
:10E7600000003946C0F13009A94528BFA946184420
:10E770004A460AF02BFADAF800004F4448442F28A2
:10E78000CAF80000A5EB09054C4447D9A0F13003B5
:10E790005842584140F211124E4904F08BF84F4A4A
:10E7A00001231268DAF800105048FFF7B9FEDFF8CD
:10E7B000409102AB494989F80000009301220968A1
:10E7C00003ABFFF7EBFE30BB03F042FF38B1464B23
:10E7D00046491A6899F80000FFF754FFD0B998F835
:10E7E00000004FF49A7280F001003A4904F062F898
:10E7F000029800F05BF970B9012388F800303A4BB9
:10E800003A491A68354B186800F0B4F950B102E083
:10E810000320CCE71D200323337086E798F80030EF
:10E82000002BECD198F8003033B12A463946204607
:10E8300000F0A0F90028EED12D4B1B78022B43D01D
:10E84000032B03D0012B41D000206EE7294B187811
:10E8500000283FF46AAF284B186900283FF465AFE1
:10E8600000F10C025178137843EA0123917843EACE
:10E870000143D17853EA01630BD15179137943EA0B
:10E880000123917943EA0143D17953EA016002D12E
:10E890004BE79C420CD35379107940EA03209379DB
:10E8A00040EA0340D37940EA03608442034601D939
:10E8B0001432D7E700283FF438AF2C449C42C3D32E
:10E8C00002231320337030E70C4BF6E70C4BF4E7D0
:10E8D0002D050020E49101081D05002024050020DD
:10E8E000200500201E050020280500202E05002000
:10E8F0002C0500201C05002050A1010800FC010887
:10E9000000C0000810B50E4B1C783CB9204640F200
:10E910006B120C4903F0CEFF022010BD00221A70CA
:10E92000094B187808B100F0BDF9022CF5D0074B5F
:10E930001B78032BF1D0002808BF2520EDE700BF8E
:10E940002D050020E49101081E0500202C05002063
:10E950002DE9F041DFF84080044698F800300F4E72
:10E960000F4FBBB90F4B32681B680F499B68386863
:10E9700098470123054688F80030FF2132680A488D
:10E980000AF0FBF833682846B4FBF3F45C433C60C0
:10E99000BDE8F0810025F0E77A0500207005002031
:10E9A00074050020600500207C050020F8B5374E76
:10E9B000054633685B699847336807469B69284674
:10E9C0009847044607B140B940F23512002030495B
:10E9D00003F070FF02242046F8BDB7F5806F8CBFAE
:10E9E000002001204FF49D72294903F063FF4FF48A
:10E9F0008060B0FBF7F07843A0F58063584258413F
:10EA000040F23B12224903F055FFA7428CBF002081
:10EA100001204FF49E721E4903F04CFFB4FBF7F047
:10EA200007FB1040B0FA80F040F23D12400918494F
:10EA300003F040FFB5FBF4F0164BB4F5806F04FB18
:10EA400000F01C6028BF4FF48064134B134F186014
:10EA50003368134D1B6A38602C6033B19847044605
:10EA600018B133685B689847B5E70E4B1B7833B134
:10EA700033683868DB68984704460028F1D1FF21E5
:10EA80002A6809480AF079F80024A4E76005002004
:10EA90001892010868050020740500206C0500200C
:10EAA00070050020780500207C050020F8B5254E73
:10EAB0000446357835B147220020234903F0FAFE99
:10EAC00002242AE000282AD0436843B3836833B382
:10EAD000C36823B3036913B3436903B38369F3B111
:10EAE000C369E3B14FF48062FF2118480AF045F88A
:10EAF0000122174B1A70174B1D70174B1D60174BD7
:10EB00001D60174B1D60174B1D60174B1D60174D87
:10EB100023682C609847044618B12046F8BD4D2262
:10EB2000CAE7134B1B784BB92B681B6998470746FC
:10EB300020B12B683C465B689847EEE701233370B1
:10EB4000EBE700BF5E050020189201087C0500205D
:10EB50007A0500207905002074050020700500204A
:10EB60006C05002068050020640500206005002079
:10EB7000780500202DE9F74F404D834695F8008039
:10EB80000E46B8F1010F144608D000207B223C4904
:10EB900003F090FE022003B0BDE8F08F394F3A78C1
:10EBA00052B9FFF703FF10B102232B70F3E7364A87
:10EBB00087F80080C2F800B0DFF8D080324FD8F874
:10EBC00000103A68BBFBF1F0B2FBF1F248434A4354
:10EBD000904204D05846FFF7BBFE0028E4D1DFF88E
:10EBE000B0A03A68DAF80010BBFBF1F0B2FBF1F22A
:10EBF00048434A43904236D1DFF89890D9F8002034
:10EC0000D8F800100A445A4504D85846FFF7A0FE29
:10EC10000028C9D16CB3204BDAF800101A680A44F6
:10EC20005A4504D85846FFF7C1FE0028BCD1D9F890
:10EC30000000D8F80020194B0244A2EB0B02A242BC
:10EC400028BF2246ABEB000031461844019209F080
:10EC5000BDFF019A1248B2FA82F14909017093444A
:10EC60001644A41ACAE75846FFF7A0FE0028C3D0EE
:10EC70009AE72046C7F800B08DE700BF5E05002088
:10EC80001892010879050020640500207005002015
:10EC900068050020740500206C0500207C0500201C
:10ECA0007A05002070B5194E307828B9CC22184961
:10ECB00003F000FE022070BD012824D10020FFF7E0
:10ECC00047FE0446134B1B685B6898474FF480620D
:10ECD0000546FF21104809F050FF01220F4B1A7022
:10ECE00000230F4A9D4214BF2846204613700D4A48
:10ECF000337013600C4A13600C4A13600C4A1360A3
:10ED00000C4A1360D7E70024DCE700BF5E05002053
:10ED100018920108600500207C0500207A0500207B
:10ED20007905002074050020700500206C05002086
:10ED3000680500206405002010B5044603F0CEFBF2
:10ED4000014B1C7010BD00BF780500204FF480609F
:10ED500070470000024B1878431E584258417047D4
:10ED6000970D002008B50B4B187828B983220A4963
:10ED700003F0A0FD022008BD0020187004F0F6FE8C
:10ED800028B9064B1B78834208BF2520F3E71F20D4
:10ED9000F1E700BF970D00204C920108960D00206E
:10EDA00038B5174D2C783CB162220020154903F08C
:10EDB00081FD0224204638BD22462146204604F02B
:10EDC000D3FED0B9104B4FF480621C700F4B21461C
:10EDD0001C700F4B0F481C700F4B1C600F4B1C60BE
:10EDE0000F4B1C700F4B1C600F4B1C600F4B1C60BB
:10EDF00009F0C3FE01232B70DCE71E24DAE700BF15
:10EE0000970D00204C920108960D0020950D0020D2
:10EE1000940D00207C090020900D00208C0D002016
:10EE2000880D0020840D0020800D00207C0D002026
:10EE30002DE9F0415B4D04462B780E46012B08D09E
:10EE4000A2220020584903F035FD02242046BDE8E7
:10EE5000F081C0F309033BB1AB220020524903F01B
:10EE600029FD02232B70F0E7B2F5806F02D3C2F3C5
:10EE7000090008B1B222F0E7B2F5806F02D0B922E2
:10EE80004949ECE7494B1B787BB9494B187808B9DD
:10EE9000C122F5E7474B1B68A34204D8464A1268D3
:10EEA0001344A34201D8C722D7E7444A137843B199
:10EEB000434B44491B6809680B44A34201D0CF224D
:10EEC000CBE7414B4149E3188B4203D8022320246E
:10EED0002B70BBE701234FF480671370384B1C6025
:10EEE000384B1F6004F17843B3F5404F53D2384A92
:10EEF000DFF8E080121BBA4228BF3A463146D8F804
:10EF00000000FFF757F9344BC8F800009C4206D8C0
:10EF10003A463146314809F059FE002496E7304B15
:10EF20009C4207D032463946204601F0EAFD0028CF
:10EF3000F3D0CBE796F8FD2396F8FC3343EA02239F
:10EF400096F8FE2343EA024396F8FF2343EA02635E
:10EF5000984222D132463946204601F0D2FDF0B91E
:10EF60004FF0006001F0C4FD98B939464FF00060E1
:10EF70001A4A01F0C6FD041E18BF0124640101F005
:10EF800021FE0122174B1A70002CC6D002232B70D1
:10EF90005CE71024F3E72324F8E72724F6E720248E
:10EFA000F4E700BF970D00204C920108950D00205A
:10EFB000940D0020900D00208C0D0020880D002065
:10EFC000840D0020800D0020FF43FFF7FE3F01006D
:10EFD000FCBF00087C0D0020FF0300087C09002016
:10EFE00000BC0008960D00204FF4806070470000C0
:10EFF00070B52B4D04462B78012B06D0FF22002044
:10F00000284903F057FC022070BDC0F3090040B14D
:10F0100040F207120020234903F04CFC02232B701E
:10F02000F1E7214A137853B1204B21491B68096845
:10F030000B44A34203D04FF487721A49ECE704F162
:10F040007843A3F54041B1F59E3F03D2022321202E
:10F050002B70D9E701214FF480661170134AB3F584
:10F06000404F1460124A166014D2B4F1006F20466B
:10F070000BD101F03DFD88B9314620460D4A01F023
:10F0800040FD0028C0D0202005E001F031FD00281F
:10F09000BAD0DBE7232002232B70B5E71020FAE774
:10F0A000970D00204C920108940D0020900D002037
:10F0B0008C0D002000C00008F8B5154D2B78012BF1
:10F0C00007D040F237120020124903F0F3FB022070
:10F0D000F8BD114E337843B140F23D1200200D4986
:10F0E00003F0E8FB02232B70F1E74FF000640B4FB5
:10F0F0002046FFF77DFF18B1022322202B70E7E79F
:10F1000004F58064BC42F3D101233370E0E700BF13
:10F11000970D00204C920108950D002000C00008BA
:10F1200038B525220021094809F027FD0023084AA7
:10F1300008491370084C0948094D0A4A0B600A49EE
:10F140002B702370037013700B8038BDA80D002046
:10F15000A20D0020A40D0020A10D0020A00D002074
:10F160009F0D00209E0D00209C0D00202DE9F04FEA
:10F1700085B0894602920022B24DDDF840A0297880
:10F1800004460193CAF8002000EB0906E9B10378B0
:10F190003A2B19D01346DFF8B0B2FF210E9A01982E
:10F1A000039309F0EAFCDAF80000DBF800100F9B8B
:10F1B000091A1960361B029BA9EB06061E60039B09
:10F1C000184605B0BDE8F08F2A70A04B1B78002BC5
:10F1D00040F09480DFF870B2B4423DD09C4D9D4F1A
:10F1E000DFF8748223E00A2B1ED0397898F80020CB
:10F1F000B9B313F0100F03F00F0303F1090000F08F
:10F200000F0008BF0346A85C0343AB5495F800C049
:10F210000132D2B20CF1040E964588F800202DDBA5
:10F22000B1FA81F1490939700134A64212D023782C
:10F230000D2BF9D03A2BD6D125220021284609F0F2
:10F240009CFC0023854A0134A64213703B7088F869
:10F250000030ECD1DAF800300E9AD31A0E93002366
:10F260009BE7242ADCD813F0100F03F00F0303F1FF
:10F27000090008BF03461B01AB54D1E701236246D6
:10F280001846285C0133DBB210449E45C2B21846D2
:10F29000F7DA002A40F0CF80704B1A78002ABFD1ED
:10F2A00001221A70AB786A7842EA032252BA92B20B
:10F2B000EB78100A6A70A8700D2BB1D801A050F835
:10F2C00023F000BF41F300089BF3000861F300083E
:10F2D00021F20008B7F3000821F2000821F200082B
:10F2E00021F2000821F2000821F20008A7F300082B
:10F2F00021F2000821F2000841F30008544D0023D8
:10F300002946019F514A3846137011F8042B09F021
:10F310005DFC2978DAF80030DFF82CB10F440B449B
:10F320000197CAF80030DBF800206878AD786FF3F9
:10F330000F0240EA052002430A44CBF800204BE7C5
:10F34000474B1B88002B50D04649098899424CD026
:10F3500045490988994248D001233A4A137079E710
:10F360000E9BDAF80020FF219A1A019809F005FC9B
:10F37000DAF80010DBF80020331B521A0F99A9EBC2
:10F3800003030A60029A13606A792B79120142EA38
:10F3900003320223CBF8002012E70E99DAF800209E
:10F3A0008A1A0E92F9E66A792B7943EA02232C4AEB
:10F3B0005BBA138034E70E9BDAF80020FF219A1A1B
:10F3C000019809F0DAFBDAF80010DBF80020331BB3
:10F3D000521A0F99A9EB03030A60029A13606A7923
:10F3E0002B79120442EA0362D3E7DBF800100B0C1E
:10F3F0001B04134399423BD10023144962460B700E
:10F4000001981A4909F0E2FB2A78019B69781344B4
:10F410000193DAF800301344CAF80030A878DBF81A
:10F42000003041EA00216FF30F030B431344397896
:10F43000CBF80030F4E60E9ADAF80030D31A0E93C7
:10F440000423AAE69E0D0020A40D00209F0D00209D
:10F45000A80D0020A20D0020A10D0020A00D00206D
:10F460009C0D0020980D00209A0D0020AC0D00206E
:10F470000123054A013413700E9ADAF80030D31ACA
:10F480000E93022389E600BF9F0D0020024B00214E
:10F49000186806F019B800BFD40D0020014B186899
:10F4A00006F026B8D40D002008B506F053FC064B34
:10F4B00040F269121B6805491B1A58425841BDE8C1
:10F4C000084003F0F7B900BFD00D00208192010879
:10F4D00038B5104C104D0FCD0FC40FCD0FC495E8AB
:10F4E000030084E8030000F02DFB0C4801F04EF906
:10F4F00001F0E8F84FF40072094B1860094B400A1C
:10F500001A600122084B1A60084B094A1860094B1F
:10F510001A6038BDE00D002004A2010825F700089C
:10F520000C2A0020082A0020042A0020002A00209B
:10F530000C0E0020FC2900207047000010B5044686
:10F54000FFF7A4FF054B3CB11A780AB902221A70E2
:10F55000BDE81040FFF7A2BF1C70F9E7DC0D0020EA
:10F5600008B5FFF793FF074B1978074B1A788A42C3
:10F5700003D1022A04BF01221A70BDE80840FFF738
:10F580008DBF00BFDD0D0020DC0D00202DE9F04710
:10F59000064613380128444C94BF002001204FF444
:10F5A0003A72424903F086F994F82030032B07D1D0
:10F5B000BDE8F0474FF43B7200203C4903F07AB9B4
:10F5C0002368002B4CD0A569E269AA4248D325B133
:10F5D0006568A268AA1A5542554194F8268084F8B5
:10F5E0002550002B3ED194F82790B9F1030918BF9C
:10F5F0004FF00109002D38D094F82470236994F855
:10F6000023A0013333D0606840F20A32013018BFC2
:10F610000120264903F04EF9626823699B1A62694A
:10F62000B2EB432F8CBF0123002316B3032384F8CE
:10F63000203094F82030032B0BD194F821302BB1DB
:10F64000FEF750FF002384F8213006B13046184BF6
:10F650001870B8F1000F25D1BDE8F047FFF780BF63
:10F660000025BAE74FF00109C4E72F46C6E700239B
:10F67000DBE7B8F1000F0AD03BB987F00107BF0004
:10F68000FFB2994518BF3E46D0E70626CEE71AEAF4
:10F69000050FCBD10FB10223C9E7B9F1000FC8D0D4
:10F6A0000123C4E7BDE8F087E00D00208192010846
:10F6B000080E002030B4194C94F82050032D06D1C8
:10F6C00030BC40F235220020154903F0F3B825681C
:10F6D00005B92060A068013094F8270008BFA16038
:10F6E0000328A06908BF84F82730904207D9E06951
:10F6F000904204D91AB1032030BCFFF747BF481C21
:10F7000002D0A0688842F6D1032B03D094F82710CA
:10F710009942F0D10020A261EEE700BFE00D002089
:10F72000819201082DE9F041324C1D4680460F467A
:10F73000164600F087FA94F82030032B40D0022FB1
:10F7400015D12468B4423BD1284601F011F8064691
:10F75000284600F0E7FF05464046FEF741FE3246E8
:10F76000034629462046BDE8F041FFF7A3BFCFB9C5
:10F770004046FEF735FE032822D0284601F003F864
:10F7800083071DD44046FEF72BFE0746284600F0AF
:10F79000EFFF0446284600F0C5FF3B4601462246DF
:10F7A0003046E0E7012F0BD12368B34208D194F82B
:10F7B00022303BB100234FF0FF322360A260A361EF
:10F7C000BDE8F0810C4D0FCD0FC40FCD0FC495E8EF
:10F7D000030084E80300FFF759FE084B1A78012A5A
:10F7E00004D1074A1278022A08BF1A70BDE8F04116
:10F7F000FFF754BEE00D002004A20108DC0D00203C
:10F80000DD0D0020F8B5404E404C0546FFF74CFE9C
:10F81000FFF73CFE327823789A4203D1BDE8F840E6
:10F82000FFF73CBE40F2F9120120394903F042F8DB
:10F830003378022B45D1374B93F82030012B54D02D
:10F8400008D9023B012B05D940F20B220020304998
:10F8500003F030F84FF4FA734EF65F202E4A116829
:10F86000814203D80D4499421560D7D9257837785D
:10F87000012D08BF022335704FF0000608BF23702A
:10F880001660FFF70BFE022F16D1224C94F82030A1
:10F89000032B05D00123304684F82630FFF776FE8F
:10F8A00094F8200040F21112C31E584218495841E2
:10F8B00003F000F800F064FA012D1CD9022D1ED0CF
:10F8C000F8BD23B92378022B08D10023C4E7012B0C
:10F8D00004D12378022B0BD0002BF6D040F21B2250
:10F8E00000200B4902F0E6FFEFE744F62063B3E7A0
:10F8F00040F6C413B0E70022084B1A60E0E7FFF7B8
:10F90000E7FD0122054BF8E7DD0D0020DC0D0020AE
:10F9100081920108E00D0020D80D0020142A00205B
:10F9200008B5FFF7C1FD014B187808BD080E00208F
:10F9300008B506F00FFA094B1860002005F0B2FD7B
:10F94000074B1860FFF7C4FD0023064A1370064AF0
:10F950001370064A1360064A136008BDD00D0020DC
:10F96000D40D0020DD0D0020DC0D0020D80D00207E
:10F97000142A002070B504460D461646FFF794FD84
:10F98000064B1B684BB1012001F0D2FB32462946E1
:10F990002046BDE8704000F0FFBE70BD142A002074
:10F9A0002DE9F041054688461646FFF77DFD534B8D
:10F9B0001B68CBB10022524B524C1A6094F8203095
:10F9C000032B11D0012001F0B3FB324641462846FB
:10F9D00000F00EFF94F82030032B05D094F822306D
:10F9E00023B163689D423DD2BDE8F081404671027B
:10F9F000FEF7E0FC032807462DD094F8210040F2E2
:10FA00008522414980F0010002F054FF681C40F259
:10FA1000862218BF01203C4902F04CFF63685A1C43
:10FA200094F8272004BF2B466560032A0ED184F882
:10FA300027709D420CD13846FEF7EAFC48B90123F5
:10FA4000E56084F8213084F8223002E09D4207D03E
:10FA50000320FFF79BFD94F82230002BC4D0C0E7B1
:10FA6000BA42E7E7E3689D420AD0BDD22369B3F109
:10FA7000FF3F08BF2B469D4294BF25612361B3E73A
:10FA8000E369770203EB46232E44E66094F8236093
:10FA9000E36126B10020BDE8F041FFF777BD4FF4E8
:10FAA00031720120184902F005FF40F2C5221649C3
:10FAB00094F8210002F0FEFE39464046FEF7DEFCD7
:10FAC0001328054610D1FEF70DFD0123054684F8E5
:10FAD000216084F8233084F82430FFF72DFD63691A
:10FAE00028463B446361D6E7142803BF012335460B
:10FAF00084F8243084F82460F1E700BF142A002041
:10FB0000D80D0020E00D002081920108002203465C
:10FB1000114610461847000070B5064607480D46C6
:10FB2000FCF740FD04462DB136B90246034928468C
:10FB300009F04CF8204670BD0024FBE7B3920108A1
:10FB40007047000037B52E4C2E4B204610F81F2F63
:10FB50004FF08061002A08BF184600F0DBFC2A48FD
:10FB6000FFF7D4FF0022034614F8145F2748264904
:10FB7000954218BF204600F0F7FE2548FFF7C6FF64
:10FB8000002203462249234800F0EEFEFFF7C8FE9C
:10FB900040B12148FFF7BAFF002203461E491F4823
:10FBA00000F0E2FE41211E4B1E4A1F4802F024FCD9
:10FBB00058B11E48FFF7AAFF1C49034600221C4803
:10FBC00000F0D2FE002100F0ABFD4FF00063009387
:10FBD00003F54043019300984FF48062019908F0C7
:10FBE000A3FF044640B91348FFF790FF224603469F
:10FBF0001049114800F0B8FEFFF7A2FF03B030BD76
:10FC000050A101081F930108F5FE00082B9301087D
:10FC10005902010837930108B9FF0008439301080E
:10FC2000101000201210002014100020F100010814
:10FC3000C0A2010819FB00084F930108002070477B
:10FC400000207047F7B507460C46FFF7F7FF20B9CD
:10FC500004F0FEF818B1022C0AD103B0F0BD04F094
:10FC6000FFF80028F7D102F0E3FC0028F3D1F4E715
:10FC7000002C6CD1012338460DF107018DF80730B7
:10FC8000FFF7DEFFF8B94FF0FF35394E0B2238464B
:10FC9000316808F049FF00B935790134102C06F1BC
:10FCA0000806F3D16B1C1AD00F2D49D8DFE805F0F8
:10FCB00008120B1B24282A2E3034363A3C40424688
:10FCC000012002F055FB9DF80730002BC5D0FFF74F
:10FCD00047FCC2E7E2220020264902F0EBFD0023A8
:10FCE0008DF80730EFE7244B1C6823689847236999
:10FCF000984763689847E6E7012002F079FCE2E75D
:10FD00000020FAE7012002F079FCDCE70020FAE7A6
:10FD1000012002F079FCD6E70020FAE7002002F08B
:10FD2000D1FBD0E70120FAE7012002F073FCCAE71B
:10FD30000020FAE7012002F0D1FBC4E70020FAE737
:10FD40004FF4887200200B4902F0B4FDBBE7012C90
:10FD500083D10B223846094908F0E6FE00287FF4DB
:10FD60007CAF02F0C4FD03B0BDE8F040FFF7F8BB84
:10FD700040A201085B93010844A60108C0A2010843
:10FD800008B502F031FB30B1FEF7DAF9044A136826
:10FD90000133136008BD02F09BFB0128F6D1F3E7A5
:10FDA0000C1000202DE9F04FA5B004AE039088465A
:10FDB00091460021802230462E9C9A4608F0DDFEB6
:10FDC0003146631E7E3413F8012F1AB1A34201F8A5
:10FDD000012BF8D135462B78402B0ED05BB9AD1BEB
:10FDE00053464A46414603980195009602F02EFD7F
:10FDF00025B0BDE8F08F0135EDE76B78562B33D891
:10FE0000412B01D8384C37E0423B142BFAD801A2E1
:10FE100052F823F0B7FE000805FE0008C9FE0008EE
:10FE200005FE000805FE000805FE0008BDFE0008EE
:10FE300005FE000805FE000805FE000805FE000896
:10FE400073FE000805FE000805FE000805FE000818
:10FE500005FE0008D5FE000805FE0008C3FE0008E8
:10FE6000B1FE0008CFFE0008623BDAB2142ACCD9FA
:10FE7000C8E700F079FE04462846FCF793FB0746E6
:10FE80002046FCF78FFB3B18023B2B4424AA9A42E6
:10FE9000834627D9BA1EA91C281808F055FE5A46D1
:10FEA0002146284608F092FE2B78002B93D196E746
:10FEB00000F042FEDFE700F043FEDCE700F044FE26
:10FEC000D9E700F045FED6E700F046FED3E700F0A4
:10FED00047FED0E7054B064C13F82A2F002A18BF1F
:10FEE0001C46C9E73D447AE78A93010850A10108FE
:10FEF00090930108F7B50F46F0B9114B4502560231
:10FF000031462A4600933846002302F0BEFC0D4BD2
:10FF100004462A463146009303463846FFF742FF1F
:10FF2000094B044400932A4623463146384602F0E2
:10FF3000ACFC204403B0F0BD0029DED00020F9E77E
:10FF4000C9930108999401089C9401082DE9F7438D
:10FF50000A9C9846009405460E4617464FF0020943
:10FF600002F093FC124B3A4631460093044608EBEC
:10FF70000003CDF80490284602F068FC0B9B044473
:10FF80003A4631460093284608EB040302F07DFC14
:10FF9000084B044400933A4631462846CDF8049075
:10FFA00008EB040302F052FC204403B0BDE8F083E8
:10FFB000C9940108689501082DE9F74F0E461546CA
:10FFC0000446FFF7ADFC074600F076FD8046384654
:10FFD00000F086FD074654BB284B64026D022246A2
:10FFE0002946CDF80480009330460023FFF7AEFF8A
:10FFF000234B83460093224603462946304602F0AF
:020000040801F1
:1000000044FC4FF00109DFF87C80834408F1140AB6
:100010008FB9022201921C4A5B4600922946224671
:10002000304602F013FC584403B0BDE8F08F002EB8
:10003000D2D00020F8E7D045EBD0B9F1000F0AD1BB
:1000400002230193114B2246009329465B4630461A
:1000500002F0FCFB8344FB070BD5D8F800205B467D
:10006000009229462246304602F00FFC4FF000096C
:100070008344C7F3470708F10408C9E7BF940108A0
:10008000C59401082CA2010868950108CC940108C8
:1000900070B4049E044D054C002E18BF2C460494E9
:1000A00070BCFFF753BF00BFF7A00108CF94010851
:1000B0002DE9F04186B003AC05460E4620460D9969
:1000C0009846174602F082FB00F118030DEB03007F
:1000D000002300F80C3C0C9B3A4600933146434603
:1000E00028460194FFF732FF06B0BDE8F08100001A
:1000F0002DE9F04F002487B08846029438B9394B77
:1001000046021B785702012B07D1374D09E0002921
:10011000F5D0204607B0BDE8F08F022B334D18BF55
:100120000025334B3246394600934046002302F007
:10013000ACFB304B044601932F4B324639460093BB
:1001400003464046FFF702FF2C4B04441B8832460F
:1001500001932B4B3946009340462346FFF7A8FFF7
:1001600004444DB1274B324600933946234640465E
:100170000195FFF7EBFE044402A802F095F98246D0
:100180000028C6D0029B002BC3D01F4B32460093E1
:1001900039462346404602F078FB00254FF00A0B13
:1001A00004440DF10C0904F10A03B3F5007FB0D249
:1001B0000A221649484608F009FD029B484653F8B2
:1001C000251002F0EDFA2346324639464046CDE985
:1001D000009B02F03BFB0135EBB29A450444E2D8A8
:1001E00097E700BF10100020D1940108DC940108AB
:1001F000E894010814100020F19401081210002066
:10020000F6940108FB94010802950108EC8F01089F
:100210002DE9F0410024984647F6300305460E4686
:10022000174686B00D990DF10E0003930494ADF8B6
:1002300014408DF8164002F0B3FA03AB01930C9B07
:100240003A4600933146434628468DF81640FFF75C
:100250007DFE06B0BDE8F0812DE9F0460F46664B05
:1002600085B055024602324629460093384600239F
:1002700002F00BFB614B04463246294600930346CD
:100280003846FFF78FFD5E4B044432462946009303
:1002900038462346FFF786FD044402F0C1F9594B66
:1002A000324629460190009338462346FFF7F0FE78
:1002B000044402F0BDF9544B3246294601900093A4
:1002C00038462346FFF7E4FE044402F0B9F94F4BE9
:1002D000324629460190009338462346FFF7D8FE60
:1002E000044402F0B5F94A4B324629460190009386
:1002F00038462346FFF7CCFE044402F0F5F8454BA0
:10030000324629460190009338462346FFF7C0FE47
:10031000414B04443246294600933846234602F0B6
:10032000B4FA3E4B044400933246234629463846ED
:10033000FFF738FD044400F01FFC08B34FF0060A35
:100340000DF1080952463649484608F03FFC354B46
:100350003246294600933846234602F096FA044472
:1003600000F03AFD04220146484602F059FA2346BD
:10037000324629463846CDE9009A02F067FA04442D
:10038000294B3246009329462346384602F07DFA2F
:10039000044400F0F1FB58B100F008FC234B01903D
:1003A00000933246234629463846FFF731FF04447E
:1003B00000F002FC1E4B324629460190009338465D
:1003C0002346FFF725FF1B4B04441B68324601936D
:1003D000194B2946009338462346FFF769FE174B11
:1003E000044400933246234629463846FFF7DAFC98
:1003F000204405B0BDE8F0860D9501086B95010815
:100400007B9501088895010893950108A695010838
:10041000B9950108D6950108E3950108FD950108F5
:10042000F68F0108159601082A960108949601088E
:10043000A39601080C100020B1960108BF96010890
:100440007047704710B5540208462246002108F054
:1004500094FB204610BD000008B540B908464FF493
:100460000072044908F0B2FB4FF4007008BD002090
:10047000FCE700BF3015002008B540B908464FF42E
:100480000072044908F0A2FB4FF4007008BD002080
:10049000FCE700BF3017002083185B02B3F5806FC4
:1004A00070B506460D46144607D9002040F2632277
:1004B0000A4902F0FFF9002070BD4FF400720021DC
:1004C000284608F05AFB36B9054B28461A680549F4
:1004D000520108F07BFB6002EEE700BFA69701081F
:1004E0005C1000206D10002043000133B3F5007F45
:1004F00005D340F239120020044902F0DBB9044A66
:1005000002F81010090AD154704700BFA6970108DD
:10051000301500202DE9F84F4FF0000A8B46DFF828
:1005200068914FF4007200218046484608F025FB90
:10053000564F4FF400720021554808F01EFBC022B0
:1005400051465448C7F800A008F017FB4FF48062EA
:100550005146514808F011FB504B514A83F800A016
:10056000504B514E514D524C1A6052494FF400724B
:100570004846C6F800A0C5F800A0C4F800A008F0DE
:1005800025FB0BF5803141F25A0B99F80C2099F8B4
:100590000B3043EA0223B1FBF3F199F80D300BFB6A
:1005A00003F28A4267D94FF4AB724349504602F0D6
:1005B00081F999F80D300BFB03F1B1F5803F2CBFA9
:1005C0000A460846B1FBF3F12CBF00200022490087
:1005D00089F8130001F2FF11000ADFF8B8A089F8CA
:1005E0001400490A100A89F8202089F8210089F8A6
:1005F0001610100C090A120E89F8220089F823201F
:1006000089F8171030222D49504608F0DFFA99F882
:10061000172099F81630012043EA022304222A60A9
:10062000DAF808205B02CAF81430CAF8203002EB6E
:100630004302DAF82C304FF6FF711A442260F82298
:10064000134B38601A70FF225A70FFF74DFF3B685A
:10065000202201333B60002319490F48336008F022
:10066000B5FA0B2241460C4808F0B0FA3368013362
:100670003360BDE8F88F4FF6917B0BFB03F28A42A3
:100680009BD240F2591290E73017002060100020F2
:1006900030150020701400206D1000206C10002018
:1006A00043040108681000205C1000206410002042
:1006B0005810002048A30108A697010818A30108B4
:1006C000F6A2010810B5144BDA7C197D52EA01221A
:1006D00006D0DC7A1B7B44EA03245443204610BD39
:1006E00093F8212093F8204044EA022493F8222032
:1006F00044EA024493F8232054EA026405D0DA7AEB
:100700001B7B42EA03235C43E8E740F28912204660
:10071000024902F0CFF8E1E730170020A697010860
:10072000C172704710B5427F037F43EA0223827F84
:1007300043EA0243C27F53EA026311D0C27E0A49F0
:10074000837E4C7B43EA0223CA7A097B023B42EA5E
:10075000012206490868B0FBF2F004FB030010BD5B
:100760004FF0FF30FBE700BF30170020581000208B
:10077000427F037F43EA0223827FC07F43EA024332
:1007800043EA00607047C07A70470000014B186070
:10079000704700BF681000202DE9F04789460446E5
:1007A000154600214846520208F0E7F900270F4E8F
:1007B00006F1C00A3846B368844207EB53270ED3CC
:1007C000A7420CD9A7EB0408A84528BFA846201AC1
:1007D00042464946336898474444A5EB080515B19D
:1007E0000C36B245E6D1BDE8F08700BF701400209A
:1007F0002DE9F74F002704468B46154638464FF043
:100800000C0ADFF84C80DFF84C90D8F80020FBB2DF
:100810009A4202D803B0BDE8F08F0AFB03939E68AA
:10082000844200EB56260DD3B4420BD2321BAA42AF
:1008300028BF2A46201A59465B6801929847019AB8
:100840001444AD1A0137002DE4D03046DDE700BF77
:1008500064100020701400207FB50378E52B10D0C1
:100860007BB1202B0DD0461E00F10A0416F8015F63
:10087000102268460D4908F0A9F9A5F16103192B6A
:1008800002D8002004B070BD1F2D01D8052DF8D16D
:100890006A4600231178A942F3D00133102B02F1EC
:1008A0000102F7D1A642E1D10120EBE7D797010879
:1008B0002DE9F84F83185B02B3F5806F894607D99D
:1008C000BDE8F84F4FF41F720020244901F0F2BF39
:1008D000B0FA80F4224B640903EB402B214F4FEA1E
:1008E000422A0BEB441601EB4415B4EB5A1F06D316
:1008F000524649465846BDE8F84F08F067B92022ED
:100900002946304608F010F9B0B10B22294630468E
:1009100008F00AF92B468046324602212846D7F8CD
:1009200000C0E0472B78E52B0AD12B463246012147
:100930003046D7F800C0E047013420362035D4E7F0
:10094000B8F1000FF8D02846FFF786FF0028F3D053
:100950002B46324600212846EBE700BFA697010848
:100960006D100020681000202DE9F74F1D46DFF8BC
:100970001C818A4691460090FFF76EFF40F2951267
:10098000434901F097FF98F80C2098F80B3043EAA0
:10099000022398F80D2053435F1E2F44B7FBF3F753
:1009A0004DB33C4C4FF0000B26687A1E30465A453A
:1009B00015D84FF6FF71FFF797FD236801332360C9
:1009C000354A13681F2B18D94FF4D57200203049CF
:1009D00001F070FF0024204603B0BDE8F08F411CF9
:1009E00089B20192FFF780FD2068019A01302060F2
:1009F0000BF1010BDBE72E46E2E7284C284904EB1C
:100A00004314013313602046202208F0DFF80B2244
:100A10002046009908F0DAF822482B0A026863772A
:100A20002B0CA377330C257723752D0E1B0AA67686
:100A30000F2A4FEA1626E5776375E67602D94FF45A
:100A4000DC72C3E7184B1949BAF1000F14BF5546C1
:100A50001D460C235343CD50154D1944B9F1000FD9
:100A600018BF4D464D6098F80C5098F80B30013285
:100A700043EA052398F80D5002606B437B430D4A0F
:100A80008B60137801331370A5E700BF3017002087
:100A9000A6970108601000205C1000206D10002057
:100AA000D6A201086410002045040108701400203B
:100AB000410401086C100020272808B503D8054B15
:100AC00053F8200028B90020F722034901F0F2FE74
:100AD000024808BD70A50108E89701086A95010859
:100AE00027289ABF014B185C0120704748A50108D0
:100AF00010B5EFF3108472B603F03AF884F310885F
:100B000010BD10B5EFF3108472B603F04DF884F306
:100B1000108810BD00F17843B3F5003F09D201F110
:100B2000784101390144B1F5003F2CBF002001207C
:100B3000704700207047000000487047FB190020F4
:100B400000487047E919002000487047C319002089
:100B500000487047A21900200048704799190020EA
:100B6000004870479419002000487047EE19002093
:100B7000004870473019002008B50C210848FFF7DD
:100B8000C9FF50B14FF00063064A196A914205D17E
:100B9000586A054BC31A5842584108BD0020FCE76B
:100BA00020000008939D939B08999697014B186825
:100BB000704700BF341A0020014B1868704700BF0F
:100BC000301A0020002370B5154E164D164C4BF60A
:100BD000FC714FF0006033602B602360FFF79AFFD9
:100BE00030B14BF6FC714FF00060FDF7BBFA30609E
:100BF0000E490F48FFF78EFF20B10C490C48FDF756
:100C0000B1FA28604FF480610A48FFF783FF28B1EA
:100C10004FF480610748FDF7A5FA206070BD00BF62
:100C2000341A0020301A00202C1A0020FC3B01004E
:100C300000C0000800FC01082DE9F041FFF7C2FFE9
:100C40005A4803F011F905F061FA05220021054622
:100C5000574807F092FF21220021564807F08DFFE8
:100C600021220021544807F088FF0922002153481F
:100C700007F083FF052200214D4807F07EFF042482
:100C80000026DFF828814B4FB81958F8041B01F0F3
:100C900087FD013C064414F0FF04F6B2F4D1BC55C4
:100CA0002646474FDFF8108108EB040057F8041B75
:100CB00001F076FD0136F6B22044042EC4B2F3D121
:100CC000002740493D4808F8047001F069FD3B4B9E
:100CD000C0B21F5405F0E8F932460146344807F027
:100CE00075FF334B384E1F71C5F30F33092B8CBF83
:100CF000573330333370C5F30323092B8CBF57337D
:100D00003033737001F0E4FB0128C5F3031441D1C3
:100D100044F0080430222D4B092C1A704FF0320297
:100D20005A704FF035028CBF573430349A70B4701B
:100D30003922002405F00F05092D8CBF57353035B9
:100D4000DA702146312222481C71F570347107F0A7
:100D500014FF17491E4807F018FF1B491C4807F0ED
:100D600014FF14491A4807F010FF1449184807F0F7
:100D70000CFF1748FBF716FCC0B2164B421C520082
:100D80001A70032225465A70114AE1B2884206D8E9
:100D9000BDE8F08105F0DEF90028B9D0BAE712F815
:100DA000011BDD70997001340233EEE7481A002010
:100DB000E9190020C3190020A21900209919002068
:100DC000381A002008999697E419002094190020F9
:100DD000FB1900203019002008B5FFF7CDFE10B137
:100DE0004FF00063986A08BD7047000010B50A4CC8
:100DF0000221206804F0C2FF084A1368591C1160E0
:100E0000074A5343B3F1553F05D820680121BDE897
:100E1000104004F0B3BF10BD2C1E0020581A002053
:100E2000ABAAAAAA704770477047000038B50E4CAD
:100E3000237843B103F014F8054680B9022005F089
:100E4000B9F925700BE003F00BF848B1074B1B68AC
:100E5000DB69984718B905F0ADF90123237038BD57
:100E60002378002BFBD0E5E75C1A002044A601089C
:100E7000704770472DE9F84F01F00AFA02F0BCFE06
:100E8000002002F0D7FF8F4C002002F0DDFF002091
:100E900002F0DCFFFCF772FA20884FF49472461ED1
:100EA00070428949704101F005FDE36E03B1984736
:100EB00005F060F9854B1B6813B1DB6803B19847F7
:100EC000E468A50702D5012000F090F9E40702D5F7
:100ED0000120FDF731FFFFF7AFFEFFF785FF07F0B9
:100EE00057F901F0F5FAB0FA80F04009FEF726FB59
:100EF000002007F05BF901210027754D0022754B9A
:100F00007548297005F05CF8032105F06DF816248A
:100F10004FF00B08B946BA46DFF8C0B14FF0FF32C8
:100F2000002140F63F2004F059FF0646B00507D5E2
:100F30006B4B1B7813B1012003F0F6FC03F064FC4B
:100F4000710702D5022005F035F9F20613D503200A
:100F500005F030F9002002F085FF002007F026F9A7
:100F6000002002F067FF002002F06EFF002002F078
:100F70006DFFFFF77DFFB30602D5032005F01AF9D8
:100F8000300501D501F0CDFB310701D5FFF771FF29
:100F9000F20711D55A20FEF735FC2B78052B0BD81C
:100FA000DFE803F0735273610A030020287002F037
:100FB00059FF002007F0FAF8B307AFD5FFF736FF67
:100FC000FFF732FF474B1B7893B1474B1A78511EFE
:100FD000012963D8BAF1000F64D0012A03D100229D
:100FE00040491A700A704FF0000A504602F022FF82
:100FF0009BF8003083B13D4B1A78511E012954D81B
:10100000002F56D0012A03D100228BF800201A703D
:101010000027384602F01AFF354B1A78002A3FF4B1
:101020007DAF344A1178481E012844D8B9F1000F29
:1010300044D0012902D10021197011704FF000092C
:10104000484602F001FF69E7B8F1000F02D0B8F19D
:101050000108B1D1012007F0A9F8032316244FF0AD
:1010600000082B70A8E707F0C3F828B1012002F0B0
:10107000F9FE02232B709FE70CB1013C9CD10024A8
:10108000012002F0EFFE2C7096E707F0B1F800287F
:10109000EFD116244FF00B0828708DE70023114A7A
:1010A0001370A0E74FF0010A9FE700238BF8003090
:1010B000AEE70127ADE700221A70BFE74FF0010944
:1010C000BEE700BF50A101087A9F01082C2800202C
:1010D0005E1A002010A60108ED0D01085F1A00201D
:1010E0005D1A0020611A002022000020200000204C
:1010F000601A002021000020024B0421186804F02F
:101100003DBE00BF2C1E00200122024B1A70024B74
:1011100018707047611A0020220000200122024B43
:101120001A70024B18707047601A002021000020CE
:101130000122024B1A70024B187070475F1A002090
:1011400020000020024B4FF40061186804F016BE26
:101150002C1E0020014B1870704700BF5D1A002044
:10116000024B4FF40071186804F008BE2C1E0020DA
:1011700008B5084A084B9A6002F082FE03F0ECFCC6
:101180000021064A064804F0D3FD064B186003F020
:10119000F7FCFEE700C0000800ED00E020A6010813
:1011A000750E01082C1E00204FF0FF3307B53320C9
:1011B0006946CDE90033FCF7B1FA03B000BD000089
:1011C000094B5A6822F470025A605A685A605A6889
:1011D00022F070625A605A685A605A6822F470228B
:1011E0005A605A685A607047000C0140014B1870F1
:1011F000704700BF381E0020002310B5DCB2A242A9
:1012000000D810BDDC0021FA04F4C4540133F5E722
:1012100070B505460E46642431462846FCF7FEFBB1
:10122000022803D1013C14F0FF04F5D170BD13B5C1
:1012300004220C4601466846FFF7DEFF694605209A
:10124000FFF7E6FF012802D0002002B010BD0F20FA
:1012500001A9FFF7DDFF0128F6D10E2001A9FFF754
:10126000D7FF019B2360431E58425841EDE70422FB
:1012700013B50C4601460DEB0200FFF7BDFF01461A
:101280000520FFF7C5FF012802D0002002B010BDE5
:10129000042221460DEB0200FFF7AEFF01460D20B0
:1012A000FFF7B6FF0128F0D100210E20FFF7B0FFB5
:1012B000431E58425841E9E7014B1860704700BF90
:1012C0002400002008B5FCF759F8164B01205A6895
:1012D00022F470025A605A6842F440125A604FF485
:1012E00000521A615A6822F070625A605A6842F0DD
:1012F00040725A604FF480421A615A6822F4702298
:101300005A605A6842F400225A604FF480521A61BF
:101310001A6822F00F021A601A6842F007021A6077
:10132000186108BD000C014008B5FFF749FF012016
:1013300008BD13B500F00C000C4640F0020001A9F6
:10134000FFF766FF019B2360431E5842584102B0DD
:1013500010BD0000082837B505460C4603D10E4BDA
:101360001B688B4215D0042221460DEB0200FFF7CB
:1013700043FF014605F00C00FFF74AFF012803D1A7
:10138000082D04BF044B1C60431E5842584103B053
:1013900030BD0120FBE700BF301E00201E210020D1
:1013A000FFF7D8BF37B504460D4604F045FF08B92E
:1013B00004F07F4004F0F00101430820FFF7CAFF6A
:1013C00010B9002003B030BD24B90E4B5A68AA42B0
:1013D000F8D05D60042229460DEB020004F00C04F5
:1013E000FFF70AFF014644F00100FFF711FF012853
:1013F000E7D100210E20FFF70BFF431E5842584152
:10140000E0E700BF301E002038B504460D4600203E
:101410000549FFF7C7FF28B129462046BDE83840F7
:10142000FFF705BF38BD00BF5200002338B50446A2
:101430000D4600200549FFF7B5FF28B12946204693
:10144000BDE83840FFF713BF38BD00BF520000238E
:1014500037B504460D4600200849FFF7A3FF50B1F9
:10146000204601A9FFF7E3FE28B1019BE40004F048
:101470001804E3402B7003B030BD00BF50000023C0
:1014800038B504460D4600200749FFF78BFF48B1E9
:10149000E10001F01801204605FA01F1BDE83840ED
:1014A000FFF7E5BE38BD00BF500000232DE9F7432C
:1014B00014468F188518391B88462E1B0CB1B307AC
:1014C00006D1032C0AD80025AC4244D1012014E0F7
:1014D0003046FFF7BDFF78B1013CECE7C6F30905E4
:1014E000C5F58065AC424FF000001F4938BF24F0BD
:1014F0000305FFF757FF18B9002003B0BDE8F083DC
:10150000042231460DEB0200FFF776FE014605206E
:10151000FFF77EFE0128EFD100210F20FFF778FEB4
:101520000128E9D14FF00009AF08013FB94508EBA8
:10153000890108D30E20FFF76BFE0128DCD12E4471
:10154000A844641BBDE70F20FFF762FE0128D3D13A
:1015500009F10109EAE708EB05017019FFF778FFC7
:1015600001350028B0D1C7E7520000232DE9F74329
:1015700014460F46A0EB01083D4607EB08060CB1E8
:10158000B30707D1032C0DD82C44761BAC4240D1B5
:10159000012016E030463978FFF772FF80B101373D
:1015A000013CE9E7C6F30907C7F58067BC424FF085
:1015B00000001C4938BF24F00307FFF7F3FE18B9F9
:1015C000002003B0BDE8F083042231460DEB020099
:1015D000FFF712FE01460520FFF71AFE0128EFD1A2
:1015E000A84627F00309A944C84509D100210E20C7
:1015F000FFF70EFE0128E3D13E443D44E41BC1E762
:1016000041460D20FFF704FE0128D9D108F1040856
:10161000EAE7A81915F8011BFFF732FF0028B5D13A
:10162000CEE700BF5200002338B50C4601460C48F7
:10163000FFF7FCFE58B1002521460A48FFF7E4FEFB
:1016400028B12368DB0304D40135642DF4D10020D4
:1016500038BD2146BDE838400348FFF7D5BE00BF7E
:10166000F4ED00E0F0ED00E0F8ED00E013B5044625
:101670000C480191FFF7DAFE80B10B4844F4803149
:10168000FFF7D4FE50B16424084801A9FFF7BCFE5F
:1016900020B1019BDB0302D4013CF5D1002002B054
:1016A00010BD00BFF8ED00E0F4ED00E0F0ED00E06B
:1016B0002DE9F0431F461646044693B0884624227F
:1016C000002105A807F059FA1A9B019603931B9B6A
:1016D0000297049363792579002145EA0325A379CC
:1016E000082045EA0345E37945EA03650A95627AED
:1016F000237A43EA0223A27A43EA0243E27ACDF84C
:10170000408043EA02630E932278637842EA032220
:10171000A37842EA0342E37842EA03624FF080731F
:101720000F921193FFF716FE002842D00DF1040826
:101730000024C1462046D8F80010FFF797FF002884
:1017400037D00134042C08F10408F3D129460920CC
:10175000FFF78CFF68B30D24204659F82410FFF7DB
:1017600085FF30B30134102CF6D14FF08071204644
:10177000FFF77CFFE8B11E491E48FFF757FEC0B1D6
:101780001D491C48FFF752FE98B169460420FFF737
:10179000D0FD70B1009B13F0A00F0AD1174C694621
:1017A0001448FFF731FE20B1009B9A0305D4013C99
:1017B000F5D1002013B0BDE8F08349460020FFF7C3
:1017C00033FF0028F5D00E490A48FFF72FFE002806
:1017D000EFD09DF870300198012B04D13E44331AAC
:1017E00058425841E6E7B0FA80F04009E2E700BF0E
:1017F0000B005FA0F0ED00E009005FA040420F0089
:1018000003005FA013B5FFF7CFFC4EF29E730024D8
:1018100001A91020ADF80430FBF780FFFFF7C4FCEE
:10182000694608208DF80040FBF778FF204601A9A3
:10183000FFF77FFD02B010BD4FF0FF3273B50425F6
:101840002D4B2E4E1A605A60FFF73CFD336813B1E2
:101850009B6803B19847FFF7D5FFA8B96C1E14F039
:10186000FF0445D001210020FFF774FD012004F0A2
:10187000D1FC022003F058F8002004F0CBFC022039
:1018800003F052F82546DFE7FFF788FD0028E5D092
:1018900000210820FFF75EFD0028DFD04FF0A041B7
:1018A0000420FFF757FD0028D8D00024042001A908
:1018B000FFF73FFD0028D1D0019B03F02043B3F197
:1018C000204F03D00134642CF0D1C7E704200C4929
:1018D000FFF740FD0028C1D0336813B11B6903B185
:1018E000984700210820FFF735FD04460028B5D0B1
:1018F000204602B070BD00BF301E00202C28002002
:10190000000F0050062873B5044607D14F495048D0
:10191000FFF78CFD60B1FFF753FC0FE0FFF7D2FC3F
:10192000072C05D8DFE804F007190C62657C040A6F
:10193000002002B070BD012004F06CFC0120F8E72B
:10194000012004F067FC022002F0EEFF002004F00A
:1019500061FC022002F0E8FFDDE7FFF76DFF0028E1
:10196000E6D03C4C2078012804D104F053FC02203E
:1019700002F0DAFF02260EE0012ED9D0012004F099
:1019800049FC022002F0D0FF284604F043FC02206C
:1019900002F0CAFF012630492D48FFF747FD0546F2
:1019A0000028E9D001212D48FFF740FD0028BFD0D5
:1019B00023782BB9012004F02DFC022002F0B4FFA3
:1019C000002004F027FC022002F0AEFF204801A90D
:1019D000FFF71AFD0028ABD0019B9A03F6D5002132
:1019E0001E4802B0BDE87040FFF720BD17491848F7
:1019F000F7E7FFF707FF00289AD0FFF7CFFC002892
:101A000096D000210820FFF7A5FC002890D04FF0C9
:101A1000A0410420FFF79EFC002889D00E49E6E78C
:101A2000FFF70AFF002883D00D490948FFF7FEFCA5
:101A300000283FF47DAF064801A9FFF7E5FC002828
:101A40003FF476AF019B9B03F5D577E700005FA0DD
:101A5000F0ED00E0381E002001005FA0FCED00E08A
:101A600003005FA0062837B5044609D16B496C48CE
:101A7000FFF7DCFC002800F0CF80FFF7A1FB11E0AE
:101A8000FFF720FC072C00F2C780DFE814F0080005
:101A90004B000E009E00A100B400C5000B00012009
:101AA00004F0B8FB012003B030BD012004F0B2FB0C
:101AB000022002F039FF002004F0ACFB022002F00B
:101AC00033FFFFF7B9FE002800F0A680042001A92B
:101AD000FFF72FFC002800F09F800199042021F0DF
:101AE0008041FFF737FC002800F09680042001A910
:101AF000FFF71FFC002800F08F8001990029F5DB1B
:101B0000042021F08051FFF725FC002800F084809C
:101B1000042001A9FFF70DFC00287DD0019B98004F
:101B2000F6D4AAE7FFF788FE002875D002253D49C4
:101B30003B48FFF77BFC0446002836D0384801A913
:101B4000FFF762FC002867D0019B9903F6D50121BD
:101B50003548FFF76BFC00285ED0344801A9FFF739
:101B600053FC002858D0324B01991B6801F4E06106
:101B7000194341F0BF612D4841F40031FFF756FC95
:101B8000002849D0022002F0CFFE254801A9FFF726
:101B90003BFC002840D0019B9A03F6D50021224847
:101BA00003B0BDE83040FFF741BC012D34D0012027
:101BB00004F030FB022002F0B7FE204604F02AFBBE
:101BC000022002F0B1FE0125B1E714491448E7E70D
:101BD000FFF718FE00B3FFF7E1FBE8B10021082092
:101BE000FFF7B8FBC0B14FF0A0410420FFF7B2FBF4
:101BF00090B11049EAE7FFF71FFE68B109490848AC
:101C0000FFF714FC40B1064801A9FFF7FDFB18B12E
:101C1000019B9B03F7D545E7002044E700005FA048
:101C2000F0ED00E003005FA0FCED00E00CED00E053
:101C30002400002001005FA0284B10B51B690C3365
:101C400059781A7842EA0122997842EA0142D97811
:101C500052EA016225D15C79197941EA04219C7923
:101C600041EA0441DC7951EA04611CD11C4B18683B
:101C7000002830D04278037843EA0223827843EA8E
:101C80000243C27843EA0263164A1360427C037C33
:101C900043EA0223827CC07C43EA024343EA0060B9
:101CA00019E0824218D85C79197941EA04219C79BB
:101CB00041EA0441DC7941EA046181420CD30949DB
:101CC0000A605A7C187C40EA02209A7CDB7C40EA5D
:101CD000024040EA036010BD1433B1E750A101088F
:101CE000401E00203C1E0020024B1878431E584224
:101CF00058417047491E00207FB5244E0546327872
:101D0000824202D1002004B070BD214B1C6812B980
:101D1000EDB93570F6E794F83830990701D5002809
:101D2000F7D163792179E07941EA0321A37941EA86
:101D30000341002341EA006102930193009304F1FF
:101D40001800FFF7B5FC0028E2D10C20DBE794F87F
:101D500038309B0702D53378002BDAD163782178AD
:101D6000E07841EA0321A3780A4A41EA03410023CB
:101D700000950293019341EA0061126804F1180092
:101D8000FFF796FC0028C4D10B20BCE7481E0020BA
:101D9000441E00203C1E0020F8B5FFF74DFF04460E
:101DA000C8B31F4D2B68834201D10020F8BD00202D
:101DB000FFF7A2FF0028F9D194F82D3094F82C20D9
:101DC00094F8301042EA032294F82E3094F8290057
:101DD00042EA034294F8313094F82F7041EA03212B
:101DE00094F8323094F8336041EA034194F8283093
:101DF00042EA076243EA002394F82A0041EA0661B6
:101E000043EA004394F82B0043EA0060FFF7AEFB7F
:101E100018B12C60C9E70920C8E70820C6E700BF51
:101E2000441E002038B51F4B196909B9002038BD80
:101E30004A7A0B7A43EA02238A7A43EA0243CA7A4D
:101E400053EA026302D0013B002B06DA4FF4C6725C
:101E50000020154900F02EFDE8E74C790A7942EAA6
:101E600004228C7942EA0442CC7942EA046202EB11
:101E7000C304657812F8332042EA0522A57842EAC5
:101E80000542E57842EA05628242DCD8637920792E
:101E900040EA0320A37940EA0340E37940EA036083
:101EA000C5E700BF50A10108B79F01087FB5194BD6
:101EB00006461B694BB3184B1D6845B3FFF7B2FFCD
:101EC000B6FBF0F303FB106018B10F24204604B0FA
:101ED00070BD0120FFF710FF04460028F6D16B7B90
:101EE000297BE87B41EA0321AB7B324641EA03418F
:101EF00041EA0061234602940194009405F1180020
:101F0000FFF7D6FB0028E1D1DFE70124DEE702245A
:101F1000DCE700BF50A10108441E00202DE9F04F6E
:101F20006C4B07461B69894690468BB0002B00F02E
:101F3000C680694B1C68002C00F0C380674B1B688F
:101F40007BB90220FFF7D8FE064630B9834604F17C
:101F500018030593B8F1000F0BD130460BB0BDE864
:101F6000F08F5B69002BECD098470128E9D10D2652
:101F7000F3E794F8353094F8345094F8252045EA86
:101F8000032594F8363094F8270045EA034594F881
:101F90003730494645EA0365454528BF454694F82C
:101FA000243043EA022394F8262043EA024343EA1A
:101FB00000602A46FFF7DAFA002800F08480637C8C
:101FC000217CE07C41EA0321A37CCDF808B0CDF868
:101FD00004B094F8252041EA034194F8243041EA02
:101FE000006143EA022394F82620059843EA02435D
:101FF00094F8272043EA026300933A462B46FFF702
:1020000057FB002861D000F013FB002852D0627DFE
:10201000237D43EA0223A27D43EA0243E27D53EAA1
:10202000026344D00320FFF767FE00284FD1637D91
:10203000217D94F817C041EA0321A37D41EA0341C1
:1020400094F83830019003F00103029394F82520AE
:1020500094F82430059843EA022394F8262041EAB4
:102060000C6143EA024394F8272043EA0263009399
:102070003A462B46FFF71CFBE0B912266DE7102D00
:10208000AA4628BF4FF0100A3846524606A9FFF765
:102090000DFAC0B15246484606A906F045FD002893
:1020A000EBD15744D144A8EB0A08A5EB0A05002D53
:1020B000E5D14FE72F44A944A8EB05084AE70126DC
:1020C0004BE7022649E70A2647E7112645E7064679
:1020D00043E700BF50A10108441E00202C28002027
:1020E000194B10B51C695CB30023184A012013700A
:1020F000174A136004F05EF820B30C34617822783C
:1021000042EA0122A17842EA0142E17852EA016200
:102110000AD16179227942EA0122A17942EA014297
:10212000E17952EA016204D0227AD30706D5094A3E
:10213000146001220020084B1A7010BD1434DDE732
:102140000120FAE70720F8E750A10108481E002007
:10215000441E0020401E0020491E0020F0B52E4BDA
:1021600085B01D69002D54D02C4E05F10C04637808
:10217000207840EA0320A37840EA0340E37850EA5D
:10218000036013D16279237943EA0223A27943EAF7
:102190000243E27953EA026308D195F8A2010028CC
:1021A00038D005B0BDE8F040FFF79ABFFFF744FD17
:1021B00028B190F838305B0701D51434D7E762783E
:1021C0002378E07843EA0223A27843EA024343EA11
:1021D0000060FFF7E1FDE8B90120FFF78DFDC8B908
:1021E000376802467B7A397A97F80BC041EA0321B7
:1021F000BB7A029041EA034101900346009041EA14
:102200000C6107F11800FFF753FA0028D5D1102010
:1022100000E0012005B0F0BD50A10108441E0020DF
:10222000094B10B51B69044643B1FFF7FBFDFF28BE
:1022300006D82046BDE81040FFF7F4BD184610BD93
:102240004FF48070FBE700BF50A101080E4B10B5A2
:102250001B69B3B10020FFF74FFD044668B900F0D9
:10226000DFF960B1022003F0A5FF072003F0A2FF11
:102270000022064B1A70FFF757F8204610BD0120C8
:10228000F1E70124F9E700BF50A10108491E002031
:1022900070B5304D304C8E220021284606F06DFC82
:1022A0006278237843EA0223A27843EA0243E27881
:1022B00043EA0263294A93424AD16379227921464B
:1022C00042EA03228E2A164638BF8E268E2A28BF5F
:1022D0008E22284606F07AFC002385F847308E22AD
:1022E00000211D4806F049FC642323706C236370B1
:1022F0007623A3706B23267141221949360A1948A7
:10230000E370667106F062FC95F8492095F8483054
:10231000154943EA022384F8483095F84B201B0AFC
:1023200084F8493095F84A3084F84B200F489200E1
:1023300084F84A3006F04AFC95F88C3084F88C30EA
:1023400095F88D3084F88D30BDE8704000F0F0B81D
:102350008E26C4E74A1E0020004F0020646C766B76
:10236000511E0020074F0020961E00204C4F0020D9
:10237000014B9871704700BF004F0020F8B50D4623
:102380000446FAF70FF94122471C064600210B4884
:1023900006F0F3FB412F82BF4127403EA4193A4685
:1023A0002146064806F012FC0222054B83F84850ED
:1023B00083F84A202D0A83F84950F8BD074F0020C2
:1023C000004F0020412208B50021064806F0D5FB49
:1023D0000023044A82F8443082F8413082F84230C7
:1023E00008BD00BF074F0020024B9879003818BF86
:1023F00001207047004F00202DE9F84306461B4896
:10240000884617461D46FAF7CDF8814626B1424662
:102410000021304606F0B1FB0FB100233B800DB127
:1024200000232B70124CE079D0B109F101029045E4
:102430003FBFC8F1070189180919424628BFE11DAD
:1024400056B194F8483094F8490043EA00233B80A1
:10245000304606F0BBFB01E0002FF9D115B9012091
:10246000BDE8F88394F84A302B70F8E7074F002056
:10247000004F00200B4B024693F84B100F290ED84B
:10248000481CC0B2123183F84B0003EB8103110AE0
:102490001A715971110C120E9971DA71704700207E
:1024A000704700BF004F0020054A92F84B3023B11F
:1024B00002F14C03036092F84B301846704700BF9E
:1024C000004F0020014B83F88C007047004F002024
:1024D000014B93F88C007047004F0020014B83F8AC
:1024E0008D007047004F0020034B93F88D0000389B
:1024F00018BF0120704700BF004F00201FB50A48D9
:10250000FEF7F6FA70B91022FF21684606F035FB97
:102510000A220649684606F059FB6A46102102481D
:10252000FEF7EFFA05B000BD00FC0108D81E002040
:10253000002210B511461046294C01F015FB29491F
:102540000A22294806F042FB0A212046FEF7E2FA59
:10255000E0B12378627843EA0223A27843EA024397
:10256000E27843EA0263214A93420FD123796279E8
:102570001B4943EA0223092B9ABF227963790A2275
:10258000194898BF42EA032206F020FB6422164B4A
:102590000A211A706C225A7076229A706B22DA70B5
:1025A00000220F4819715A71FEF7B4FA90B12378DE
:1025B000627843EA0223A27843EA0243E27843EADC
:1025C00002630A4A934205D12379627943EA0223DE
:1025D000092B03D8BDE81040FFF790BF10BD00BF26
:1025E00000FC01086CA60108D81E0020646C766B04
:1025F000014B9871FFF782BFD81E0020014BD871A4
:10260000FFF77CBFD81E0020014B1872FFF776BF82
:10261000D81E0020014B5872FFF770BFD81E002053
:10262000024B9879003818BF01207047D81E00204F
:10263000024BD879003818BF01207047D81E0020FF
:10264000024B187A003818BF01207047D81E0020AE
:10265000024B587A003818BF01207047D81E00205E
:1026600008B501F0E1FCFEF76DFD012008BD08B5DD
:1026700001F030FD012008BD034659781A780A4858
:1026800042EA0122997842EA0142D97842EA01629B
:1026900002609A7902715A7942711B798371002321
:1026A000C37101F02BBD00BFE81E0020084B1A7853
:1026B00002705A7842709A788270DA78C2701A7909
:1026C00082715A7942719B7903710120704700BF72
:1026D000E81E00200E4B70B51B680446DB69984766
:1026E000064638B90B4D3CB102F05CFA2860304622
:1026F00003F060FD012070BD02F054FA2B68C01A8F
:10270000B0F5967F2CBF01202046FEF7F5FCF1E7DF
:1027100044A60108E41E002008B501F063FD012075
:1027200008BD00B591B003F02BFF40280AD850B97E
:1027300001F05AFD4028014615D8A8B9FEF702FD60
:1027400011B000BD402081B2684601F065FD014630
:102750000028EDD0684603F023FF0028E8D00120D0
:10276000FEF7DCFCE4E74021684603F063FF002845
:10277000E4D081B2684601F03DFD0028DED00120A2
:10278000FEF7CCFCDAE70000044B0A0901F00F0168
:102790009A5C5B5C027043700220704776A6010869
:1027A00038B505460C46090EFFF7EEFFC4F30741A6
:1027B000A81CFFF7E9FFC4F30721281DFFF7E4FF7A
:1027C000E1B2A81DFFF7E0FF082038BD0023F0B5F7
:1027D0000A4605461C460A20E2B91846234650EA36
:1027E000030404BF012013460A274FF0000C2C18E5
:1027F000B1FBF7F6C4F1010207FB16112A440244AB
:10280000824201F130017CEB030204F8011D3146E4
:10281000EED3F0BD0133B2FBF0F244F10004DBE78C
:10282000F8B5154606460F46FFF7D0FF8542044629
:102830000AD92A463021304606F09FF9281B39462E
:102840003044FFF7C3FF2C462046F8BDF8B5079D7E
:10285000C8B15F19974216D354189C4213D39342C0
:1028600027BF9B1A2A46D11AAA1A36BFD2180021AE
:102870000023E61B1644A74288BF3246069C184434
:10288000214406F0A3F92846F8BD2DE9F341089C40
:10289000054620460E4617469846F9F783FE4346FE
:1028A00001903A46314628460094FFF7CFFF02B028
:1028B000BDE8F08170B503460D46164648B9EFF302
:1028C000108472B602460146FFF796FD10B184F3FC
:1028D000108870BD31462846FFF750FD84F31088FC
:1028E000EFF30383DB06F4D1FCF73AFEF1E710B512
:1028F000EFF3108472B6FFF765FD84F3108810BD06
:102900002F4BF7B51C690546002C56D00422002336
:1029100001460DEB0200019306F058F9019804F10D
:10292000D4035A7819785E7941EA02219A7841EA0B
:102930000241DA7841EA02611A7942EA06229E7976
:1029400042EA0642DE7942EA066251EA020602D112
:10295000002003B0F0BD884201D3904201D9143366
:10296000DFE704260422A9190DEB020006F02EF978
:10297000019804F10C035A7819785F7941EA022131
:102980009A7841EA0241DA7841EA02611A7942EA28
:1029900007229F7942EA0742DF7942EA076251EA59
:1029A0000207D5D0884201D3904201D91433E2E71F
:1029B0000436102ED6D10120CBE72046C9E700BF50
:1029C00050A1010808B5084B02461B680BB11B6AF1
:1029D00023B9BDE808401046FFF792BF984700387A
:1029E00018BF012008BD00BF2C2800200B4A034659
:1029F000126812B1526A02B110471A783A2A08D105
:102A0000187A302807D0323803288CBF00200120E4
:102A10007047002070470120704700BF2C2800201D
:102A200070470000074A08B51368032043F01003FD
:102A3000136000F017F80F2001F07CFAFFF7F0FFA9
:102A4000002008BD0020024013B5019001F0BEFA3D
:102A5000044601F0BBFA019B001B9842F9D302B077
:102A600010BD000007490302CA6803F4E06322F4C2
:102A7000E0621204120C134343F0BF6343F40033CB
:102A8000CB60704700ED00E0104AD368D80641BF24
:102A90000F49CB6943F00203CB61D368590741BFAB
:102AA0000B4AD36943F00103D361084BDA69D207BB
:102AB00008D50749CA6942F00402CA61DA6922F0FE
:102AC0000102DA611422DA60704700BF0020024080
:102AD000F01E0020064B1A69120641BF054A00206D
:102AE0005A6002F1883254BF01205A60704700BF1B
:102AF0000020024023016745034A0020136943F088
:102B000080031361704700BF0020024070B5054686
:102B100001F05CFA0646114CE368D80712D4E3686A
:102B2000990644BF2023E360E368DA0606D4E3692C
:102B3000DB0703D4E06810F0040007D0FFF7A4FF20
:102B4000012003E06B1CE7D00DB9032070BD01F03C
:102B50003DFA801BA842DFD9F7E700BF0020024002
:102B60002DE9F84FDFF898901E4699F81830044682
:102B7000012B0D46174640D001234CF2503089F806
:102B80001830FFF7C3FF98BB012C03D0022C14BFF1
:102B9000042402244FF00008C346DFF868A04FEA7F
:102BA0000813C3F12001A3F1200206FA01F127FA6C
:102BB00003F3C9F81CB00B4326FA02F21343DAF808
:102BC00010204CF2503042F00102CAF8102025F8D3
:102BD0001830FFF79BFFDAF8103023F00103CAF832
:102BE000103028B908F101085FFA88F39C42D6D862
:102BF000002389F81830BDE8F88F0220FBE700BFFA
:102C0000F01E0020002002400022064BDA61064B35
:102C10001A6942F002021A6158611A6942F04002D0
:102C20001A617047F01E0020002002402DE9F0419B
:102C3000264E0746337E8846012B44D00124347645
:102C400003684CF25030022B1AD1FFF75FFF20B11E
:102C5000012000233376BDE8F0811D4CF06123692B
:102C60004CF2503043F004032361236943F04003E6
:102C70002361FFF74BFF236923F004032361E8E797
:102C8000FFF744FF0028E3D14FF0FF33C8F80030CE
:102C90002046BD680E4CFA68BB6803EB8223AB424A
:102CA000D7D92846FFF7B0FF4CF25030FFF72EFF80
:102CB000236923F00203236110B1C8F80050C8E76C
:102CC00005F58065E7E70220C5E700BFF01E00209C
:102CD000002002402DE9F74F00244FF0010826465E
:102CE0004FF00F0EDFF880C1604B0A6808FA06F754
:102CF00007EA020537EA020278D14A68032A07D8B0
:102D0000013A022A00F28A80DFE802F0989DA300CF
:102D1000122A00F09B8070D8112A00F09180FF2DBC
:102D200092BF814600F10409A6F10802D9F80070AB
:102D300094BFB20092000EFA02FA27EA0A0704FAD8
:102D400002F21743C9F80070D1F8049019F0805FBF
:102D50004CD0DCF8182026F0030742F00102CCF832
:102D60001820DCF8182007F1804702F001020192D8
:102D700007F5803706F0030A019A4FEA8A0ABA6813
:102D80000EFA0AFB22EA0B0B394A904265D002F593
:102D90008062904263D002F58062904261D002F579
:102DA0008062904214BF0422032202FA0AF242EA2D
:102DB0000B02BA601A6819F4803F14BF2A43AA4371
:102DC0001A605A6819F4003F14BF2A43AA435A6094
:102DD0009A6819F4801F14BF2A43AA439A60DA68DC
:102DE00019F4001F14BF2A43AA43DA600136102EDB
:102DF0007FF47BAF03B0BDE8F08FDFF878904A45F1
:102E00000CD014D8A9F580194A4507D009F57029C6
:102E10004A4503D0A9F580194A4580D18A68D2B1C4
:102E2000012A4FF008040CBF0761476177E7DFF81C
:102E300048904A45F2D009F58039EDE7CC686EE755
:102E4000CC6804346BE7CC68083468E7CC680C3491
:102E500065E7002463E7042461E70022A5E7012277
:102E6000A3E70222A1E700BF0010024000040140D6
:102E70000008014000002210000031100AB1016179
:102E800070470904FBE7000003682DE9F341DE0702
:102E9000054630D42B689C0700F19D802B681A07EB
:102EA0001FD5AA690123934E9349002A00F0068199
:102EB00093FAA3F2B2FA82F241F8223001F086F8D6
:102EC0000746022494FAA4F4736A002C00F0F480FC
:102ED000B4FA84F2D340DB0740F1E7800120FFF72A
:102EE000B3FD2B68590700F10981EA69002A40F017
:102EF0007C8100201DE07F4C636803F00C03042BF1
:102F000007D0636803F00C03082B15D16368D8035E
:102F100012D54FF4003393FAA3F322680BB1B3FA3E
:102F200083F322FA03F3D907B4D56B68002BB1D130
:102F3000012002B0BDE8F0816B68B3F5803F19D184
:102F4000236843F48033236001F040F807464FF4D0
:102F5000003696FAA6F62368002E38D0B6FA86F226
:102F6000D340DA0796D401F031F8C01B6428F2D9B7
:102F70000320DEE7E3B923684FF4003696FAA6F69D
:102F800023F480332360236823F48023236001F03B
:102F90001DF807462368E6B1B6FA86F2D340DB0790
:102FA0007FF578AF01F012F8C01B6428F2D9DFE793
:102FB000B3F5A02F236803D143F480232360BFE738
:102FC00023F480332360236823F48023BBE7324655
:102FD000C6E73246E2E7474C636813F00C0F07D0B0
:102FE000636803F00C03082B1DD16368DF031AD458
:102FF000022393FAA3F322680BB1B3FA83F322FA04
:1030000003F3DE0702D52B69012B91D1F82292FA46
:10301000A2F2B2FA82F22368696923F0F8039140C0
:103020000B4323603AE72A690123F2B193FAA3F232
:10303000B2FA82F2920002F1844202F58402136035
:1030400000F0C4FF0746022696FAA6F6236856B19A
:10305000B6FA86F2D340D807D8D400F0B7FFC01B29
:103060000228F3D984E73246F4E793FAA3F3B3FADC
:1030700083F39B0003F1844303F584031A6000F09B
:10308000A5FF0746022696FAA6F623685EB1B6FAB1
:1030900086F2D340D9077FF501AF00F097FFC01B40
:1030A0000228F2D964E73246F3E700F08FFFC01B35
:1030B00002287FF609AF5BE722460BE793FAA3F3FA
:1030C000B3FA83F341F8232000F080FF074602247F
:1030D00094FAA4F4736A5CB1B4FA84F2D340D807CA
:1030E0007FF5FFAE00F072FFC01B0228F2D93FE768
:1030F0002246F3E70010024080044242784C794EA9
:10310000E36943F08053E361E36903F08053019383
:10311000019B336843F48073336000F057FF074628
:103120003368DA0522D5EB68012B25D1236A43F0F9
:103130000103236200F04AFF07464FF0020898FAA5
:10314000A8F698FAA8F3002B47D1636A002E46D060
:10315000B6FA86F2D340DB073FF5C7AE00F036FF84
:1031600041F28833C01B9842EBD901E700F02EFFF3
:10317000C01B6428D4D9FBE60BBB236A4FF00208BE
:1031800098FAA8F623F001032362236A23F00403CC
:10319000236200F01BFF074698FAA8F30BB3236ADB
:1031A0000EB3B6FA86F2D340D8077FF59EAE00F094
:1031B0000DFF41F28833C01B9842EDD9D8E6052BAC
:1031C000236A03D143F004032362AFE723F0010332
:1031D0002362236A23F00403ABE7236AB6E732468F
:1031E000B8E7636ADCE73246DDE73D4C636803F02D
:1031F0000C03082B3FF49CAE4FF0807393FAA3F3BB
:10320000B3FA83F3022A4FF000024FEA830303F17B
:10321000844303F584031A604BD100F0D7FE0746C0
:103220004FF0007696FAA6F62368002E3DD0B6FA47
:1032300086F2D340D90732D42B6AB3F5803F05D14B
:103240006268A96822F400320A436260696A6268AF
:103250000B4322F47412134363604FF0807393FAAC
:10326000A3F3B3FA83F301229B0003F1844303F534
:1032700084031A6000F0AAFE06464FF0007595FA26
:10328000A5F523689DB1B5FA85F2D340DA073FF57D
:1032900030AE00F09BFE801B0228F2D968E600F0F9
:1032A00095FEC01B0228BFD962E63246C1E72A4616
:1032B000EBE700F08BFE06464FF0007595FAA5F59A
:1032C00023685DB1B5FA85F2D340DB077FF511AE17
:1032D00000F07CFE801B0228F2D949E62A46F3E77B
:1032E000001002400070004010B586B01A4910224C
:1032F00002A805F06BFC40F20123184CADF8043035
:10330000616801F00C03082B24D14FF4701292FA7B
:10331000A2F2B2FA82F201F47013D34018336B4474
:1033200013F8100CCB0313D54FF4003292FAA2F22B
:10333000B2FA82F2636803F40033D34018336B446B
:1033400013F8142C064BB3FBF2F3584306B010BD30
:10335000044BFAE70248F9E7F49F01080010024025
:1033600000127A0000093D00524A2DE9F04113682D
:10337000064603F007038B420D462ED332689407AE
:1033800038D4D0073ED44B4A136803F00703AB424E
:103390007ED83268484C12F0040F40F08480130746
:1033A00006D56368326923F4605343EAC20363605D
:1033B000FFF79AFFF02292FAA2F2B2FA82F2636861
:1033C00003F0F003D3403D4AD35CD8403C4B186037
:1033D0000F2000F0AFFD00200AE0136823F0070380
:1033E0000B431360136803F007038B42C6D0012020
:1033F000BDE8F0813049B0684B6823F0F003034327
:103400004B60BEE772682C4C012A216823D14FF42F
:10341000003393FAA3F30BB1B3FA83F321FA03F366
:10342000D907E4D5636841F2883823F003031343D6
:10343000636000F0CBFD73680746012B11D1636810
:1034400003F00C03042B9ED000F0C0FDC01B4045D0
:10345000F5D90320CCE7022A0CBF4FF000730223FA
:10346000D7E7022B0FD1636803F00C03082B8AD037
:1034700000F0ACFDC01B4045F5D9EAE700F0A6FD21
:10348000C01B4045E5D8636813F00C0FF6D17AE70E
:10349000136823F007032B431360136803F007033B
:1034A000AB42A4D175E76368F16823F4E0630B4392
:1034B000636074E7002002400010024020A8010869
:1034C000D40100204FF4E06292FAA2F2B2FA82F242
:1034D000054B1868054B5B6803F4E063D340044A6E
:1034E000D35CD840704700BFD401002000100240D8
:1034F00018A801084FF4605292FAA2F2B2FA82F2CE
:10350000054B1868054B5B6803F46053D340044ACD
:10351000D35CD840704700BFD401002000100240A7
:1035200018A801080F2303600B4B5A6802F003022E
:1035300042605A6802F0F00282605A6802F4E06267
:10354000C2605B68DB0803F4E0630361034B1B6844
:1035500003F007030B607047001002400020024098
:10356000036A70B523F001030362036A4468826949
:103570000D6822F073022A438D6823F002032B4367
:103580000A4DA8420BD1CD6823F008032B438E6966
:103590004D6924F44074354323F004032C43446004
:1035A00082614A684263036270BD00BF002C014023
:1035B000036A70B523F480730362036A4468C269C6
:1035C0000D6822F073022A438D6823F4007343EAE6
:1035D00005230B4DA8420DD1CD6823F4006343EAC7
:1035E00005238E694D6924F44054354323F48063E8
:1035F00044EA05144460C2614A68C263036270BD54
:10360000002C0140036A30B523F480530362036A3F
:103610004468C2690D6822F4E64242EA05228D68D8
:1036200023F4005343EA0533064DA84202BF4D6917
:1036300024F4804444EA85144460C2614A68026408
:10364000036230BD002C014070477047022341F2F5
:10365000111210B580F8393003680446196A114216
:1036600008D140F24442196A114202BF1A6822F09E
:1036700001021A602046FFF7E8FF002084F83900B5
:1036800084F8380010BD0223026880F839301368CE
:1036900043F001031360012380F8393000207047A4
:1036A00070477047022341F2111210B580F839308B
:1036B00003680446196A114208D140F24442196A6B
:1036C000114202BF1A6822F001021A602046FFF779
:1036D000E8FF002084F8390084F8380010BD0000AD
:1036E000184A036890420AD0B0F1804F07D0A2F583
:1036F0009432904203D002F58062904215D14A681C
:1037000023F0700313430F4A90420AD0B0F1804F68
:1037100007D0A2F59432904203D002F58062904225
:1037200003D1CA6823F44073134303608B68C362F8
:103730000B688362034B984204BF0B690363012348
:1037400043617047002C014010B50446A0B190F8C9
:10375000393003F0FF021BB980F83820FFF774FFFF
:103760000223206884F83930211DFFF7B9FF0123B7
:10377000002084F8393010BD0120FCE710B5044664
:10378000A0B190F8393003F0FF021BB980F838205F
:10379000FFF786FF0223206884F83930211DFFF7E8
:1037A0009FFF0123002084F8393010BD0120FCE781
:1037B000036A70B523F010030362036A44688269E8
:1037C0000D6822F4E64242EA05228D6823F02003C8
:1037D00043EA05130B4DA8420DD1CD6823F08003B9
:1037E00043EA05138E694D6924F44064354323F0A0
:1037F000400344EA8504446082614A68826303624C
:1038000070BD00BF002C014038B590F83830044638
:10381000012B4FF002000DD0082A84F839003CD06B
:1038200009D8D2B1042A28D00123002084F83930E5
:1038300084F8380038BD0C2AF6D12068FFF7E2FE84
:10384000C3690A6943F40063C361C36923F48063F5
:10385000C361C36943EA02232DE02068FFF780FEBD
:1038600083690A6943F008038361836923F00403D1
:103870008361836913438361D6E72068FFF798FF6C
:1038800083690A6943F400638361836923F4806375
:103890008361836943EA0223EDE72068FFF788FE2E
:1038A000C3690A6943F00803C361C36923F00403D1
:1038B000C361C3691343C361B6E710B50124036A4A
:1038C0008C4023EA04030362036A8A401A430262BB
:1038D00010BD0000006808B50122FFF7EEFF064B9F
:1038E000984202BF436C43F400434364036843F0CF
:1038F00001030360002008BD002C0140FFF7EABF70
:103900002DE9F84305460368C1681A694FF01908A4
:1039100022F440520A431A6182680069D96802435E
:10392000686921F4B05121F00C0102430A43DA60C6
:103930005A69A96922F440720A435A613D4A934286
:1039400046D1FFF7D7FD08FB00F76B684FF064091D
:103950009B00B7FBF3F7FFF7CDFD08FB00F46B68A6
:10396000B7FBF9F79B00B4FBF3F4FFF7C3FD08FBCB
:1039700000F06B689B00B0FBF3F0B0FBF9F009FBC3
:103980001046FFF7B7FD36013236B6FBF9F608FBF5
:1039900000F46B6806F0F0069B00B4FBF3F4FFF74D
:1039A000A9FD08FB00F06B682A689B00B0FBF3F0F0
:1039B000B0FBF9F009FB10431B013233B3FBF9F301
:1039C00003F00F03334303EB07139360BDE8F88361
:1039D000FFF778FD08FB00F76B684FF064099B0068
:1039E000B7FBF3F7FFF76EFD08FB00F46B68B7FB5E
:1039F000F9F79B00B4FBF3F4FFF764FD08FB00F05C
:103A00006B689B00B0FBF3F0B0FBF9F009FB1046CC
:103A1000FFF758FD36013236B6FBF9F608FB00F425
:103A20006B6806F0F0069B00B4FBF3F4FFF74AFD69
:103A3000B7E700BF00380140704710B5044630B307
:103A400090F8393003F0FF021BB980F83820FFF7F7
:103A5000F3FF0223226884F83930D368204623F428
:103A60000053D360FFF74CFF236800201A6922F44B
:103A700090421A615A6922F02A025A61DA6842F4C5
:103A80000052DA600123E06384F8393010BD012070
:103A9000FCE7704738B50546A0B10223002480F842
:103AA00039300368DA6822F40052DA60DC601C61A5
:103AB0005C61FFF7EEFF2046EC6385F8384085F83F
:103AC000394038BD0120FCE70F4B1A6842F0010273
:103AD0001A6059680D4A0A405A601A6822F08472C6
:103AE00022F480321A601A6822F480221A605A681E
:103AF00022F4FE025A604FF41F029A604FF00062F7
:103B0000034B9A60704700BF001002400000FFF8AE
:103B100000ED00E00F4A536803F00C03082B17D1A7
:103B200053685168C3F38343C80303F1020302D50A
:103B3000516889030AD508494B4352680749C2F3C3
:103B400003128A5CD340064A136070470549F3E7C5
:103B5000044BF2E70010024000093D0020A80108D4
:103B6000D401002000127A00002070470020704726
:103B700010B586B00446FEF7ADFF1022002102A862
:103B800004F0FBFF00230293012301A902A804947F
:103B90000593FFF74BF80446FEF7AEFF201E18BF53
:103BA000012006B010BD000070B50D461446861AFF
:103BB000FEF790FF15F0030F4FF06E020CBF0120CF
:103BC00000200C49FEF776FE25F003052544AC42A3
:103BD00004D10024FEF790FF204670BD3119002368
:103BE000022054F8042BFEF7BBFF0028EFD001247D
:103BF000F0E700BF05A001082DE9F041834C98B023
:103C0000A3694FF4004843F00403A361A3690125AD
:103C100003F004030093009BA369032643F0080309
:103C2000A361A3694FF4007703F008030193019B9C
:103C3000A369774A43F01003A361A36908A903F0BD
:103C400010030293029BA36943F02003A361A369BD
:103C500003F020030393039BA36943F00103A361D3
:103C6000A36903F001030493049B536823F0E0630A
:103C700043F000735360A36943F00403A361A36995
:103C800003F004030593059B624BC3F814801846A8
:103C90000B960995CDF82080FFF71CF82A464FF4C3
:103CA00000715C48FFF7EAF85A4808A90B96099595
:103CB0000897FFF70FF82A4640215748FFF7DEF82C
:103CC0004023554808A908930B960995FFF702F879
:103CD0002A4639464F48FFF7D1F84E4808A90B96B7
:103CE00009950897FEF7F6FF2A4639464948FFF737
:103CF000C5F8484808A90B9609950897FEF7EAFF0A
:103D00002A4629464448FFF7B9F81123424808A932
:103D1000099308950A95FEF7DDFF002241463E48CB
:103D2000FFF7ACF83C4808A90B960995CDF8208020
:103D30000225FEF7CFFF4FF48073364808A9089399
:103D40000B960995FEF7C6FF06A90CA8FFF7EAFB3C
:103D5000324B1E68109BB3F5205F04D0B3F5405F73
:103D60000CBF04250125B6FBF5F62D4B0027B6FB4D
:103D7000F3F62C4D2C4B013EEE606F602F61AF606F
:103D80006F612B60A369284643F40063A361A369B4
:103D900003F400630793079BFFF784FC804618B188
:103DA00052223846214907E02846FFF7E7FC04463F
:103DB00058B1582240461D49FEF77CFD1C4B11931B
:103DC000119B03BB18B0BDE8F0817023024612902E
:103DD0001390149015901690179011A928461193DE
:103DE000FFF712FD074618B1652220460F49E3E7A9
:103DF0002B68760801465E632846FFF77FFD0028A2
:103E0000DCD06C22CDE7119B013BD8E700100240CB
:103E10000000014000080140000C0140D4010020D6
:103E200000127A00101F0020002C014037A001086A
:103E300040420F00B0FA80F24FF40071014852097D
:103E4000FFF71CB800080140FFF7F4BFFFF7F2BF0F
:103E5000024B9868C04300F001007047000C01401D
:103E60000020704770470000044B03F5FD610EC948
:103E700080E80E004FF0A533C360704700F0FF1FCD
:103E800010B590B01422002101A804F076FE0021A4
:103E9000282206A804F071FE0024FFF73BFEFEF77F
:103EA000C1FD012101A801910294FFF75DFA20B143
:103EB000552220461C49FEF7FDFC4FF480330121BA
:103EC0000E93CDE90613022300240D934FF4201323
:103ED00006A808940F93FEF7D7FF20B16122204671
:103EE0001149FEF7E7FC0F230193022300240293FC
:103EF0004FF480630D4A03940493059413680321DF
:103F000043F01003136001A8FFF72EFA20B17122CD
:103F100020460549FEF7CEFC054A536843F40003EA
:103F2000536010B010BD00BF68A00108002002401F
:103F30000010024000B589B001A903A8FFF7F2FA0A
:103F4000069A1F4BB2F5C06F1B6835D0B2F5E06F13
:103F500034D0B2F5A06F0CBF02220122B3FBF2F302
:103F60004FF47A62B3FBF2F34FF080411548013B06
:103F70004360002301604FF6FF710361836043617A
:103F800003F18043C16003F50433DA6942F00102B2
:103F9000DA61DB6903F001030293029BFFF756FB32
:103FA00040B9094B18600748FFF7CEFB10B9054828
:103FB000FFF769FB09B000BD0422CFE70822CDE777
:103FC000D4010020501F00204C1F0020EFF3108070
:103FD00072B6074B074A1B6811685B6AC1EB930313
:103FE000C3F30D030B44136080F31088106870470F
:103FF000501F00204C1F002008B54FF400720649E6
:104000000648F8F76DFBBDE808404FF4007204491C
:104010000448F8F765BB00BF9C2100209C230020CA
:104020008C1F00208C210020264AF0B5D36887B071
:1040300023F0805323F0A003D360FFF7DDFF224B72
:104040000325DA69022642F40032DA61DA6902A94C
:1040500002F400320092009A9A691C4842F004026D
:104060009A619B69059503F004030193019B042366
:1040700003960293FEF72EFE0823012400270DEB82
:10408000030112480293059503970494FEF722FE5C
:1040900002A90E480294059503970494FEF71AFEB0
:1040A0003A4631460948FEF7E9FE084802A9029659
:1040B00005950394FEF70EFE4022054B5A602046FC
:1040C00007B0F0BD0044004000100240000801406D
:1040D00000E100E038B5084DEC6824F0805323F08F
:1040E000A00324F08054EB6024F08004FFF784FFE9
:1040F0000120EC6038BD00BF0044004010B504460C
:1041000090B040220021684604F037FD324B6279BE
:104110000093324B012A5A7143D14FF4C06204928A
:10412000A279022A9A7147D14FF4005203920822D1
:104130001A71049AB2F5C06F4BD0A2F580614A4261
:104140004A41120302920022DA7106922268224C3E
:104150001A600C2301920593E36823F0805323F047
:10416000A003E360FFF748FF6846FFF793FCB0FA4F
:1041700080F0C4221A494009FEF79CFB6846FFF70D
:104180005CFCB0FA80F0C62215494009FEF792FBAC
:104190000120E36843F0805343F02003E36010B054
:1041A00010BD022A02D14FF48062B8E7002AB6D0CF
:1041B000002204925A71B3E7012A05D14FF400524C
:1041C000039202229A71B2E7002AAFD00022039232
:1041D000F8E74FF48052B5E700440040D8010020D2
:1041E00098A00108704700000148F8F7DCBA00BF4A
:1041F0009C2300200A4608B501460548F8F7F3FA63
:10420000044AD36843F0805343F08003D36008BD71
:104210009C230020004400400A4601460148F8F76C
:10422000CEBA00BF8C21002038B5144B1C68A20602
:104230000AD513485D68F8F7B6FA132802460FD975
:104240000F48E9B2F8F758FA230608D50D48F8F7F1
:104250009DFA0A4C50B10B48F8F772FA606038BD0D
:10426000F2D109490648F8F7BEFAEDE7E36823F012
:10427000805323F08003E360F1E700BF0044004077
:104280008C2100209C230020C9A0010802F068BDF9
:1042900008B502F0E9F9BDE8084003F0EFBE704749
:1042A00008B502F09DFD02F0E3F9FFF7F8FF08BD45
:1042B000704700002DE9F0433F4C93B009223F497D
:1042C00001A804F083FC092201A9204604F07EFC29
:1042D000FEF7FEF8012856D1394A00251388092631
:1042E000013B138023717423364AA3701388E57051
:1042F000173B84F874501380334BA7191D70334B50
:1043000005F101094222324901A883F8009004F026
:104310005DFC01A94222384604F058FCBD70BD7214
:1043200087F8225087F8239087F82D9002F034F810
:1043300006F14207274B05F10208274420222649AF
:1043400001A883F8008004F041FC01A9202238462E
:1043500004F03CFC87F8028002F062FE62361F4BDC
:104360000335344409221E4901A81D7004F02EFCB7
:104370000922204601A904F029FC1A4BA5709D735F
:1043800013B0BDE8F08301F0E5FE0028A4D00025BD
:10439000154B1722154901A81D7004F017FC1722B0
:1043A00001A904F1090004F011FC2026E572FBF7D5
:1043B000BFFA0125A0E700BFAD230020FC8F010854
:1043C000D0020020CA020020F7240020F62400209A
:1043D0001C900108C22500205E9001087524002071
:1043E0007E9001081F02002038250020059001085A
:1043F00010B5EFF3108472B6074A0849136841F804
:1044000023000B210133B3FBF1F001FB10331360E8
:1044100084F3108810BD00BF0C2600201426002055
:1044200000F00F0303F1805303F5B8539B001A68A3
:1044300001064CBF22F4E04222F4415222F0300245
:104440001204120C1A60704710B540F60F7400F099
:104450000F0202F1805202F5B8529200136810F078
:10446000800F03EA040483EA010348F2800114BFC9
:1044700003F0300303F4405323430B43136010BD98
:104480004FF48012014B1A60704700BF00E100E05A
:10449000064A08B5D36943F40003D361FFF7F0FF80
:1044A0004FF40042024B5A6108BD00BF00100240A9
:1044B000000801400C4B0D4A78B10121C3F8401CA3
:1044C0000021C3F8401CC3F8441C4FF4E051C3F86A
:1044D000401C4FF40043136170470321C3F8401C94
:1044E0004FF4004353617047005000400008014002
:1044F0004FF480121D4BC3F88020BFF34F8FBFF3E2
:104500006F8F00221A4BC3F8442C1A4B1B6853B30D
:104510004FF43C424FF480431343174A12681AB1D8
:104520004FF4807243F400731A43114B5021C3F8C7
:10453000402C0022C3F8502C104AD0201268116081
:10454000902191600E49088048F2FF71D1604FF4CC
:104550004852C3F8002C8022C3F84C2C4FF4801230
:10456000024B1A6070474FF41C42D5E700E100E0AF
:1045700000500040CCA90108D0A90108D4020020B5
:1045800040260020064BD3F8402C42F00802C3F826
:10459000402CD3F8402C42F00402C3F8402C704762
:1045A00000500040034AD2F8403C23F00803C2F810
:1045B000403C7047005000407047000021B9034B59
:1045C00040F08000C3F84C0C704700BF0050004022
:1045D00010B9D022014B1A80704700BF402600203E
:1045E000F0B51F4C8778417903791E4E246807F097
:1045F0000F023F0643EA01234FEA021C318804EB15
:1046000002151AD5013344F80C1023F001031944A4
:10461000C378318003F00303013BDBB2022B8EBF72
:104620004FF40073104931F81330134302F18052F4
:1046300002F5B85292001360F0BD3E2B83BF1F33CA
:1046400023F01F035C0101338BBF04F1FF3423F01F
:10465000010344F400445C02A960EC60D7E700BFAA
:10466000D40200204026002008AA0108704743F227
:104670002001FFF7E9BE0021FFF7E6BEFFF7D0BE3D
:1046800041F21001FFF7E0BE08B5FFF7C9FEBDE833
:10469000084043F23001FFF7D7BE000038B5134C95
:1046A00000F00F03246804EB0314A368E46803F12B
:1046B0000053C4F30904944228BF1446621C03F556
:1046C000405322F001025B000A44914205D14FF4AD
:1046D0004051FFF7B9FE204638BD33F8045B023184
:1046E00001F8025C2D0A01F8015CEEE7D40200201B
:1046F000F8B51646154B00F00F041B68220103EBBA
:1047000004179B58751C03F1005303F5405325F023
:1047100001055B000D44A9420FD104F1805303F55C
:10472000B8539B001B687E6003F03003102B02D04F
:104730003021FFF789FE3046F8BD0A7891F801C0B4
:10474000023142EA0C2243F8042BE4E7D4020020B1
:104750002DE9F047284E2949D6F8443C086823F053
:104760001F0202430A6003F4FE42D243C6F8442CFF
:104770001A0406D5224F40F60F78D6F8440C0304ED
:1047800003D4BDE8F047FCF7EBBC00F00F0000F1EC
:10479000805505F5B855AD002C6814F4004A04F0B6
:1047A000800916D004F40063034312D13B68DB6830
:1047B000C3F309036BB9B9F1000F04D0114800EA43
:1047C0000440FFF715FE04EA080343F080032B6062
:1047D00006E040EA0440FFF70BFEBAF1000FF2D109
:1047E000B9F1000FC9D024F0F0042405240D44F4DD
:1047F00000442C60BFE700BF0050004008260020A6
:10480000D40200200000FF7F2DE9F041EFF3108279
:1048100072B60021354B1C68196082F3108862055E
:1048200007D5FFF765FE03F0C3FC314B1B6803B1EE
:104830009847230505D5FFF7A5FE2E4B1B6803B14E
:104840009847E70405D5FFF7ADFE2B4B1B6803B176
:104850009847A60503D5294B1B6803B19847650403
:1048600004D5274B1B680BB102209847A00404D540
:10487000234B1B680BB10120984721040BD5214C19
:10488000214D224EEFF3108172B622682B6881F31E
:1048900010889A4201D1BDE8F081EFF3108072B622
:1048A0000B21236856F823200133B3FBF1F701FBFA
:1048B0001733236080F310881FFA82F8170C120256
:1048C00005D5134B53F828300BB1082098473B040B
:1048D000D8D50F4B53F82830002BD3D017F4006FE6
:1048E0000CBF042002209847CCE700BF0826002018
:1048F000DCA90108D8A90108D4A90108D0A9010898
:10490000CCA90108102600200C2600201426002027
:104910008CA90108FEE7FEE7014608B510B1132097
:1049200001F04EF9002008BDEFF305834BB9EFF31A
:10493000108333B9EFF311831BB9DFF80CC000DF2C
:1049400070476FF00500704719490108EFF31083B5
:104950002BB9EFF31180C01A18BF01207047012056
:104960007047000070B5474C217A012900F085801E
:10497000002940F08480444D9C2204F1080004F09A
:10498000FCF8EB68EE6AE3652B8A3046A4F85430F5
:10499000AB68296B236400F017F908B1C4F8806094
:1049A0006E69A969304600F00FF908B9D4F8806043
:1049B0006667EE69296A304600F006F908B9D4F84E
:1049C0008060A6676E6AA96A304600F0FDF808B9F3
:1049D000D4F88060E6676E6B3EB13046F368B2682B
:1049E000316800F05AF9C4F88460AE6B3EB13046CD
:1049F000F368B268316800F050F9C4F88860EE6B73
:104A00003EB13046F368B268316800F046F9C4F848
:104A10008C602E6C3EB13046F368B268316800F0AD
:104A20003CF9C4F890606E6C3EB13046F368B268F1
:104A3000316800F032F9C4F89460AE6C3EB1304693
:104A4000F368B268316800F028F9C4F89860EE6C39
:104A50003EB13046F368B268316800F01EF9C4F820
:104A60009C602D6D3DB12846EB68AA68296800F06E
:104A700014F9C4F8A05001232372002070BD4FF038
:104A8000FF30FBE7D8020020C090010870B5224D2E
:104A90002B7A012B03D04FF0FF34204670BD01F07C
:104AA00027F90028F7D0FF231C4A1D4E82F8223038
:104AB00092F82230D26893F0FF0314BFB3FA83F365
:104AC0002023C2F30222C3F12003934298BF531C58
:104AD000FE2202FA03F3114A12497068D37701F0FB
:104AE00097FA04460028D6D101F0CAFA286101F0ED
:104AF000AFFA0D4800F094FE00F006FF336813F0A3
:104B0000010F4FF0020303D083F314882B72C4E724
:104B1000032282F31488F9E7D802002000ED00E0B8
:104B2000C09001088BC50008F402002038B5084B7E
:104B3000DD6801F0ADFA044601F0B0FA18B101F0F9
:104B4000A7FA0446013501F09EFA05FB004038BD86
:104B5000D80200207047000008B5FFF7FBFFEFF315
:104B6000058313B16FF0050008BDFFF7EFFE0028C5
:104B7000F8D1DFF808C000DFF6E700BF654901089B
:104B800008B5EFF3058313B16FF0050008BDFFF71B
:104B9000DDFE0028F8D1DFF808C000DFF6E700BF2F
:104BA0008D4A010808B5EFF305831BB1BDE8084045
:104BB000FFF7BCBFFFF7CAFE0028F7D1DFF804C03B
:104BC00000DF08BD2D4B0108034610B588B108432E
:104BD00010F007000DD117290AD9102219600839E1
:104BE0005C189C605A60585099684A60D8600120EF
:104BF00010BD0020FCE770B578B391B1032A2CD822
:104C00000F3121F0070600F10804234624685D688F
:104C1000E11A25F00305491B8E4204D921680029B9
:104C2000F3D1084670BD41680568314441602844AD
:104C300050F8045C3243A94288BF40F8041C58680D
:104C400018B95A6003F10801EBE720F003001918C6
:104C50001C504A6019600831E3E70021E1E710B514
:104C600080B1C1B10022A1F1080400F10803A34200
:104C700009D1596821F003044168091B41603AB920
:104C80005A60012010BD19681A4621B10B46EEE7A3
:104C90001B681360F5E70846F4E730B5C0B189B189
:104CA000C2B1CBB10024446002FB01F41D190160C4
:104CB0008260C360436105611846013904D1A41ABA
:104CC00019510121084630BD851805602846F4E7D2
:104CD0000146F7E71146F5E71946F3E710B570B15D
:104CE00000F1140353E8002F12B9BFF32F8F04E033
:104CF000116843E8001404B1F4E70AB9104610BD86
:104D0000043050E8003F591C40E8001404B1F8E7B3
:104D1000F4E730B5F0B1C3688B421BD803698B420E
:104D200018D900F114031A680A60BFF35F8F53E8C3
:104D3000002F0C689442F6D143E8001505B1F2E764
:104D4000043050E8003F5A1E40E8002101B1F8E766
:104D5000002030BD6FF00300FBE7EFF310832BB9A9
:104D6000EFF31180C01A18BF01207047012070476F
:104D70004B688A6823B19A608A681AB15360704799
:104D8000C262F9E7036370472DE9F84F80468A460F
:104D900010B309B3CF1C27F003070C3706D0B0FAC5
:104DA00080F1B7FA87F30B441F2B15DD07FB08FBD7
:104DB000EAB194686CB1A3070ED1D368332B0BD939
:104DC0001569D2F80090536955B92BB98CB11E46BC
:104DD0001AE0D368002BF3D000242046BDE8F88FFA
:104DE00015F00306F8D19B45F6D88CBB01E091463F
:104DF0001546234BD3F8A000C0B1FFF76FFF044660
:104E00000028E9D001261DBB1D4B0022D86F594652
:104E1000FFF7F1FE1A4B0546A0B9002EDCD0D3F8FF
:104E2000A000214648B1FFF774FFD5E701223421E5
:104E3000D3F88000FFF7DFFEE1E7D3F88000FFF74B
:104E40000EFFC9E75A46002103F097FE46F002061E
:104E5000FA23237000233A46A360A362E36223632C
:104E600041462B46A670C4F80490C4F824A004F16F
:104E70000C00FFF712FF024B024A1A67ADE700BFB2
:104E8000D8020020174F010810B500F1280353E89D
:104E9000002F12B9BFF32F8F04E0511E43E8001416
:104EA00004B1F4E70AB9002010BD4FF00102C06A56
:104EB0000028F8D0811CD1E84F3FC1E8442F04B14D
:104EC000F9E7DBB2002BEFD08068F1E7036B30B578
:104ED000E3B10024CD78DA78AA420FD31A464A60AB
:104EE0008C608AB19160A4B16160283050E8003FC5
:104EF0005A1C40E8002101B1F8E730BD5A681C4651
:104F0000002AECD01346E6E7C162ECE74B608B6009
:104F1000C1620163E9E7F8B5867804468EB30026DE
:104F2000C56801462846FFF723FF267005F10C00EF
:104F3000FFF7EFFEAB68002B49D005F10C00FFF73F
:104F4000CDFE0446002842D0284600F069FC074602
:104F50003246314600F00EFD384600F0BDFC6A6A6C
:104F60000746816804F10C0003F030FEF923A670B7
:104F70002370FB68E37021462846BDE8F840FFF740
:104F8000A5BF8568AB68002BF5D05B78832BF2D189
:104F9000284600F045FC07463246314600F0EAFC60
:104FA000384600F099FC06466A6A806804F10C01F4
:104FB00003F00CFEF3680BB1E2781A700023237043
:104FC000214605F10C00BDE8F840FFF7A2BEF8BD90
:104FD0002DE9F04104460E461746984600284AD06F
:104FE0000378FA2B47D1002945D08368CBB15B7891
:104FF000832B16D100F014FC05460122002100F09D
:10500000B9FC284600F068FC05463146626A8068B3
:1050100003F0DCFDEB6813B90020BDE8F0811F70E0
:10502000FAE704F10C00FFF759FE054670B131466E
:10503000626A0C3003F0CAFDF9232B700023294665
:105040002046AB70EF70FFF741FFE5E7B8F1000FC6
:1050500014D04146932000F0B3FD10B96FF0010069
:10506000DBE7084B2046596900F0C8FBEFF30983E2
:105070009E60DF60F2E76FF00300CEE76FF00200A2
:10508000CBE700BFD80200202DE9F04104460F46CF
:1050900016469846002857D00378FA2B54D1002999
:1050A00052D0FFF7F1FE0546C8B301462046FFF790
:1050B0005FFE3846626A05F10C0103F087FD0EB110
:1050C000EB783370002604F10C07294638462E7021
:1050D000FFF71FFEA368FBB13846FFF7FFFD05464B
:1050E000D0B1204600F09CFB07460122314600F07B
:1050F00041FC384600F0F0FB626A8168074605F122
:105100000C0003F063FDF923AE702B70FB68294699
:105110002046EB70FFF7DAFE0020BDE8F081B8F121
:10512000000F14D04146832000F04AFD10B96FF003
:105130000100F2E7074B2046596900F05FFBEFF3EF
:1051400009839F60DE60F2E76FF00300E5E76FF030
:105150000200E2E7D802002010B50446EFF3058311
:105160000BB1002010BDFFF7F8FD0028F9D1204653
:10517000DFF804C000DFF5E7894D01082DE9F041B3
:1051800006460F4690461C46EFF305831BB166B9F1
:105190006FF0030026E0FFF7E0FD0028F7D130466E
:1051A0002346DFF84CC000DF1CE03378FA2BEFD148
:1051B000002FEDD0002CEBD106F10C00FFF78EFD97
:1051C000054688B13946726A0C3003F0FFFCF923BA
:1051D00028462B70AC7085F803806F60AE6000F0DD
:1051E00029FA2046BDE8F0816FF00200FAE700BF1F
:1051F000D14F0108F8B504460F4616461D46EFF399
:1052000005831BB164B96FF0030023E0FFF7A5FD30
:105210000028F7D120462B46DFF840C000DF19E018
:105220002378FA2BEFD1002FEDD0002DEBD12046C3
:10523000FFF72AFE054670B100F10C01626A38469C
:1052400003F0C4FC0EB1EB7833702846EC6000F03C
:10525000F1F90020F8BD6FF00200FBE7895001086A
:10526000EFF310832BB9EFF31180C01A18BF0120A0
:10527000704701207047000038B5034628B3D0E9D5
:1052800000458068A0B110F0030201D0002038BDB5
:10529000DB681B2BFAD91346F522837000230270BA
:1052A000C57044608360C360036143610376EEE7C9
:1052B000DB68002BEAD10A4BD3F8940040B1FFF72A
:1052C0000DFD0028E2D00123E6E704460546F2E79B
:1052D00001221C21D3F88000FFF78DFCF1E700BF0D
:1052E000D8020020234B70B55D6904460E46002DA0
:1052F00036D0002837D00378F52B34D1037E53B94C
:105300000361EB6AC560436103B118610123EC627C
:105310000020237670BDC278D10706D5C168A942A6
:1053200003D1FF2B22D00133F2E7FEB193070AD558
:10533000E06895F9203090F920209A4203DA80F84D
:10534000203000F07FFA3146532000F039FC10B9CC
:105350006FF00100DEE72946204600F04FFAF7E73C
:105360004FF0FF30D6E76FF00300D3E76FF0020095
:10537000D0E700BFD802002038B5284B04465A6950
:10538000002A42D0002843D00378F52B40D1037E79
:10539000002B40D0C16891423DD1013BDBB2037686
:1053A00033BB43690BB101691961216911B34B61C9
:1053B000E3789B0705D592F92110D36AE3B982F807
:1053C0002010A3688BB1204600F02AFA0022114673
:1053D000054600F0CFFA00232361EB6AE5606361C4
:1053E00003B11C610123EC622376002000F096FAE1
:1053F000002038BDD362DBE7986820B190F9200027
:105400008142B8BF01465B69D8E74FF0FF30F0E753
:105410006FF00300EDE76FF00200EAE7D80200202A
:105420002DE9F0410446002601270CB9BDE8F081C2
:10543000E378D4F814801B0712D5A36826767BB1D5
:10544000204600F0EDF900220546114600F092FAE0
:10545000EB6AE5602661636103B11C61EC6227764B
:105460004446E2E710B4C3789B0719D5C06890F9A9
:105470002130C26A94688C4208BF8C6824B194F9C8
:105480002040A342B8BF23465269002AF2D190F9C6
:1054900020209A4204D080F8203010BC00F0D2B90D
:1054A00010BC7047024608B5EFF305830BB100202E
:1054B00008BDFFF7D5FE0028F9D11046DFF804C07B
:1054C00000DFF5E779520108024608B5EFF30583DE
:1054D00013B16FF0050008BDFFF7C2FE0028F8D138
:1054E0001046DFF808C000DFF5E700BFE55201080D
:1054F000024608B5EFF3058313B16FF0050008BD50
:10550000FFF7AEFE0028F8D11046DFF808C000DF34
:10551000F5E700BF7953010810B5D0E85F3F5A1C8A
:10552000914200D80022C0E8542F04B1F5E798B2A8
:1055300010BD000038B51A4C00F09EFDE368013341
:10554000E360236D03B1984700F096F9002000F066
:10555000E5F9236C1BB3A26BA1698A4202D0A16357
:10556000E3631CE0E36BB3B9237A022B17D1656ABE
:10557000ADB195F9201092F9203099420FD128460B
:1055800000F057F9A06B00F06FF9284600F0BCF965
:10559000236CA563E4E7013BE363002BE4D038BD53
:1055A000D802002038B5214C04F15605B4F8541047
:1055B000D5E85F3F13B9BFF32F8F04E05A1EC5E84B
:1055C000502F00B1F4E79BB25BB31948FFF7A4FF7B
:1055D000E36D53F8200020B30378F13B082BE5D8A6
:1055E00001A252F823F000BF0D560108AD55010885
:1055F00013560108AD550108AD55010817560108AD
:105600001B560108AD5501081F560108236E984727
:10561000CCE7636EFBE7A36EF9E7E36EF7E7236F72
:10562000F5E70020BDE8384000F078B9D802002046
:105630003203002070B5164C0546B4F8541004F13E
:105640005602D2E85F3F994202D8BFF32F8F04E0A1
:10565000581CC2E8560F06B1F3E79BB2994205D831
:105660002946BDE870400220FFF755B904F1580003
:10567000FFF752FFE36D43F82050637A23B94FF0F0
:105680008052044B5A6070BD0123A372FBE700BF38
:10569000D802002000ED00E0EFF310832BB9EFF308
:1056A0001180C01A18BF012070470120704703788D
:1056B000F12B00D07047C068F9E7000001230A4AC7
:1056C00010B590F920104370536A1C321BB193F946
:1056D00020408C4205DCC2608360906003B1D860DA
:1056E00010BD1A469B68F1E7D8020020014B5869AB
:1056F000704700BFD8020020DFF804C000DFFEE7DB
:10570000915C0108002310B50380837804469A0752
:1057100008D513F0100F016B0E4B0FD0D3F8840097
:10572000FFF7F7FAA378DB0712D50A4B2146D3F827
:10573000880038B1BDE81040FFF7EBBA586FFFF7AB
:105740008EFAEFE7D3F88000BDE81040FFF787BA84
:1057500010BD00BFD8020020930710B502F001046D
:1057600022D400F1280384B153E8000F00EA0102BB
:105770008A4203D0BFF32F8F002005E020EA010208
:1057800043E8002404B1EFE710BD53E8000F0842DE
:1057900003D1BFF32F8F002005E020EA010243E888
:1057A000002404B1F1E7EFE7806A00EA01031CB1CD
:1057B000994218BF0020E7E7A34208BF2046E3E76D
:1057C00010B5C4690369621C41690AD103B159610A
:1057D00042691AB113610023436101E0064A136371
:1057E00010BD1BB1DA6959612244DA614269002AAD
:1057F000F0D1014AD362F3E7D802002010B591F945
:10580000202083681BB193F92040944205DAC860D8
:105810008B60816003B1D96010BD18469B68F1E7C9
:1058200083689A68826002B1D06000221846DA600C
:105830007047C2682AB18368936003B1DA600023BD
:10584000C360704710B5044664B12378F12B07D0CC
:10585000FFF7EFFF01462046BDE81040FFF7CEBF3F
:10586000E468F1E710BD00000123014643700148E0
:10587000FFF7C4BFF402002038B5164DEC6A44B3FC
:10588000E369013BE36123BB6378732B06D009D83E
:10589000532B0BD003F0DF03432B0DD12046FFF732
:1058A00006FF09E003F0EF03832BF6E72046FFF73E
:1058B000FEFE2146FFF7D6FD2046FFF7BAFFFFF7B1
:1058C000D3FF246924B1E369002BDDD00023636199
:1058D000EC6238BDD8020020806B20307047000099
:1058E000074B596951B10B6B8A6B934203D21A680B
:1058F000044B9A4202D00120FFF70DB8704700BF59
:10590000D8020020A52E5AE208B502234370024BAC
:105910009861FFF7E5FF08BDD802002010B5144BD1
:1059200004461A7A5969A0B9022A1FD15C6AECB1FF
:1059300094F9202091F920309A4217DD2046FFF794
:1059400078FF0846FFF7BAFE2046BDE81040FFF793
:10595000DBBF022A05D190F9202091F920309A422C
:10596000EFDC2046BDE81040FFF77EBF10BD00BF52
:10597000D802002010B51446836B1962FFF720FF90
:105980001CB1BDE81040FFF7C9BFBDE81040FFF7EC
:105990006BBF10B543780446332B0CD1416A90F8A5
:1059A0002320FFF7D9FE014628B12046BDE810406C
:1059B0000022FFF7DFBF10BD70B5054648B303787E
:1059C000F12B26D1002924DB4378042B24D000F1CD
:1059D000280353E8002F42EA010443E8004606B1D9
:1059E000F7E74378332B12D1416A90F82320FFF771
:1059F000B3FE014658B195F8233001229B0756BFEC
:105A00006C6A044620EA04042846FFF7B3FF2046E8
:105A100070BD6FF00304FAE76FF00204F7E70000CF
:105A20002DE9F74F8246019140B1002A50D0946889
:105A30004CB1A50702D1D368432B07D800242046D8
:105A400003B0BDE8F08FD368002BF7D102F1100549
:105A5000E0CD35B16807F1D1002EEFD01FB918277E
:105A600005E0002F32D07B1E372BE7D81EB171071F
:105A7000E4D1472EE2D95368D2F800900093002C6D
:105A800033D14A4BD3F8880040B3FFF727F90446D7
:105A90000028D3D04FF0010875BBDFF810B1002EFD
:105AA0006AD1434ADBF88400566D002864D0FFF7C2
:105AB00015F90546E0B9B8F1000FBFD0DBF8880052
:105AC0002146002862D0FFF724F9B7E71827CDE771
:105AD00091461546182716460092D2E70122442126
:105AE000D3F88000FFF787F8D1E74FF00008D3E73D
:105AF00048F0100848F0020840F2F1132380009BA0
:105B0000FD22E3700023A360E36023616361A3616E
:105B1000E3616362A362E362A6F140032B44A363E3
:105B2000244B84F80280C4F8049084F8207084F830
:105B30002170628425636663C4F83CA02B601C4B13
:105B40001B685B0727D4A36B00201A4603F13401BE
:105B500043F8040B9942FBD1174BC2F838A05363AA
:105B60004FF08073D363019B204613620F4B134A9F
:105B70001A66FFF7D3FE62E72A463146DBF8740067
:105B8000FFF739F805460028B4D194E7DBF8800028
:105B9000FFF765F852E74FF0CC33B608113E002E00
:105BA000D1D045F8043F013EF9E700BFD8020020FC
:105BB000C0900108A52E5AE2F95601089359010830
:105BC00038B51E4C237A022B34D1636A002B33D0B4
:105BD00063694A1C587015D10021226B6AB94FF0D5
:105BE000FF305961D8611A6151B10B611448FFF758
:105BF00017FEFFF789FE012038BD11461269EDE757
:105C00002363F3E70020E26A12B1D569A9420BD2FF
:105C1000D96158611A6158B10361002AE6D0D06990
:105C20005361401AD061E1E71046491B1269EBE766
:105C3000E362F2E70020DFE71846DDE7D802002044
:105C4000F4020020F8B5114B05465C690F46164674
:105C500094B1002813DB0A4601462046FFF77CFD7D
:105C600048B97EB131463320656284F82370FFF76E
:105C7000A7FF6FF00100F8BD4FF0FF30FBE76FF0BA
:105C80000300F8E76FF00200F5E700BFD80200203C
:105C900038B5154D2B7A022B25D16B6A1BB36C6975
:105CA000E06AFFF7BDFBA06918B100221146FFF7BB
:105CB00061FEEFF309830D48A363FFF7B1FDFFF722
:105CC00023FE00236B61E278D20704D42046BDE8AE
:105CD0003840FFF717BD04226270E3606B6BA3606E
:105CE00003B1DC606C6338BDD8020020F4020020F0
:105CF00038B50B4C0021A26D0A48FFF791FE0A4D02
:105D0000636EA8624BB10021E26D0848FFF788FE80
:105D1000A864003818BF012038BD0120FCE700BF8F
:105D2000C090010815490108D8020020855F0108CC
:105D300010B50446EFF305830BB1002010BDFFF74B
:105D4000ABFC0028F9D12046DFF804C000DFF5E7FE
:105D5000215A010808B5EFF3058313B1054B5869C3
:105D600008BDFFF799FC0028F8D1DFF80CC000DF70
:105D7000F6E700BFD8020020ED56010838B502460C
:105D80000D46EFF305831BB162B96FF003041EE00B
:105D9000FFF782FC0028F7D11046DFF83CC000DF97
:105DA000044614E01378F12BEFD1002DEDDB53788E
:105DB000042B0ED002F1280353E8001F41EA05042A
:105DC00043E8004000B1F7E71046FFF733FC2046F8
:105DD00038BD6FF00204FAE7B959010810B504465E
:105DE000EFF3058313B16FF0050010BDFFF754FC0E
:105DF0000028F8D12046DFF808C000DFF5E700BF33
:105E0000455C0108EFF310832BB9EFF31180C01A42
:105E100018BF01207047012070470000002230B5F4
:105E20000B4D6B6C13B11C698C420AD90161826005
:105E3000C3601BB11C699860641A1C612AB1D060F0
:105E400030BD1A46091BDB68ECE76864F8E700BF61
:105E5000D8020020C36810B52BB104691A698168A3
:105E600022441A61996082680AB1D36010BD014A68
:105E70005364FBE7D802002038B504460D46A8B1AC
:105E80000378F22B12D189B14378022B07D1FFF7A7
:105E9000E1FF20462946FFF7C1FF002038BD064B31
:105EA0001B6D33B1022343706161F2E76FF00300B1
:105EB000F4E76FF00200F1E7D802002070B5134D4F
:105EC0006C6C04B301262369013B23612369D3B9B8
:105ED000E3680BB1A2689A606B640023E86C1A4611
:105EE00004F11801FFF74AF918B121460320FEF723
:105EF00012FDE378012B07D120466169FFF78EFF81
:105F00006C6C002CE2D170BD6670F9E7D8020020FD
:105F1000F8B504460F46164608B90020F8BD012919
:105F2000FBD823B398681D68A0B110F00302F4D128
:105F3000DB681F2BF1D913464FF4F97283700023ED
:105F40000280C77045608360C36003614361846100
:105F5000C661E3E7DB68002BDFD1094BD3F88C0087
:105F600038B1FEF7BBFE0028D7D00123E4E71D4679
:105F7000F3E701222021D3F88000FEF73CFEF2E790
:105F8000D80200200B4B07B51A6E586E0821FFF798
:105F9000E3F8094C094BE06423654FF0FF3300221E
:105FA0006946E06CFFF726F90028F6D1DDE90030FC
:105FB0009847F2E7C0900108D8020020BD5E0108B2
:105FC00038B505461C46EFF305830BB1002038BDFC
:105FD000FFF718FF0028F9D128462346DFF804C050
:105FE00000DFF4E7115F0108024608B5EFF305830F
:105FF00013B16FF0050008BDFFF704FF0028F8D1CA
:106000001046DFF808C000DFF5E700BF795E010841
:10601000A8B10C4B1B68B3FBF0F00138B0F1807FE6
:106020000DD2FF22084B83F823204FF0E0230622F5
:106030001A61586100209861044B187070474FF046
:10604000FF307047D401002000ED00E02828002038
:10605000074B1A782AB100221A704FF08062054B64
:106060005A604FF0E022136943F001031361704757
:106070002828002000ED00E04FF0E0231B69704766
:106080004FF0FF3070474FF0E02358690130704700
:106090004FF0E02358699B69C01A70474FF0E02326
:1060A0001869C0F30040704780B400AF154B1B69FE
:1060B000002B22D0134B1B6993F89C2193F89D1160
:1060C00009020A4393F89E1109040A4393F89F3189
:1060D0001B061343002B10D00A4B1B6993F89C211D
:1060E00093F89D1109020A4393F89E1109040A438B
:1060F00093F89F311B06134300E0034B1846BD463F
:1061000080BC704750A1010854A1010880B400AFC1
:106110000F4B1B69002B14D00D4B1B6993F8A0216A
:1061200093F8A1311B0213439BB2002B09D0084BFB
:106130001B6993F8A02193F8A1311B0213439BB272
:1061400001E0034B5B881846BD4680BC704700BF2A
:1061500050A1010880B400AF054B1B69002B14BF90
:1061600001230023DBB21846BD4680BC704700BF48
:1061700050A1010838B50C4D2C6894B9FFF7C6FF43
:1061800023460A49DAB251F82220541C04D12B6864
:106190003BB9074B2B6004E022B11488844201D143
:1061A0002A6038BD0133EDE72C2800207C03002055
:1061B00060AD010870B5154D04466B6F03B198478B
:1061C000134B1B68EBB19A691AB12046BDE87040C9
:1061D00010479A78012A04D12046BDE87040FBF7A9
:1061E00091BB022A0FD1A86F30B1FBF765F82046AA
:1061F000BDE87040FBF736BC58680028F5D1042094
:10620000F3E7184670BD0120FCE700BF50A101086C
:106210002C280020064B01461B6813B1DB6903B133
:1062200018470122034B09B15A6170471A61704740
:106230002C280020000C0140024B186800B1806A35
:10624000704700BF2C28002010B5144C144A216858
:10625000144B1288CB1AD21A134B1878134B33F8FD
:1062600010309A420FDB124B1878FEF717FA2368AA
:10627000104A03442360136823B10F49096809B920
:10628000013B136010BD01220C4B1A600A4B1B68C6
:10629000002BF7D0074A13680133F2E740280020AB
:1062A000E6A9010876240020292A0020E2A9010895
:1062B000EAA90108482800204C2800204428002092
:1062C000F8B5244E244D32682B68244CD21A04D1E0
:1062D0002368C3B9224A1360F8BD224B1968224BC8
:1062E0001B68994207D3214B21481B880344881817
:1062F000834298BF5A1A1F4B19781F4B33F811303D
:106300009A42A8BF1A46002323601C4B154F1878E9
:10631000396840F08000FEF7EBF92B68134903441D
:106320003A6809882B60124D024429448A4218BFFA
:10633000154632683D60934209D10E4B1A780E4BD8
:1063400033F81230984202D101232360C4E70023BE
:10635000FBE700BF602800205C28002064280020A4
:10636000682800205428002058280020E8A90108A7
:10637000B6240020292A0020E2A90108EBA901087F
:1063800000207047002070470020704700207047B1
:10639000002070470020704708B50023164A1749AF
:1063A0001360174A1360174A1360174A1360174A9D
:1063B0001360174A0A6017490A60174A17491360A1
:1063C000174A1360174A1360174A1360174A0A6086
:1063D00017490A606FF07F01164A1380164A117040
:1063E00093702521D37013715371082351709371E9
:1063F000FCF736F908BD00BF6C28002058280020A3
:106400006828002064280020602800205C280020E4
:10641000B6240020542800205028002040280020C6
:106420004C28002048280020442800207624002002
:106430003C280020382800203028002010B50024F7
:10644000174B184A1C60184B1C60184B1C60184BEB
:106450001C60184B1C60184B1360184A1360184BD3
:10646000184A1C60184B1C60184B1C60184B1C60B1
:10647000184B1360184A1360184B1C80FCF7F7F890
:106480006FF07F03164A13702523537008231046BC
:106490009470D470147154719371FCF7EDF810BDC1
:1064A0006C2800205828002068280020642800203C
:1064B000602800205C280020B624002054280020FA
:1064C00050280020402800204C2800204828002088
:1064D00044280020762400203C2800203828002072
:1064E0003028002008B50E4A0E485178137843EA48
:1064F0000123917843EA0143D17843EA0163190A01
:1065000003704170190C1B0E8170C37013790371F5
:106510005379437193798371FCF7AEF808BD00BFDE
:10652000C32500203028002010B50F4C2046FCF772
:10653000BDF8C0B101206278237843EA0223A27833
:1065400043EA0243E27843EA0263084A190A1370F5
:106550005170190C1B0E9170D370237913716379EC
:106560005371A379937110BD30280020C3250020FA
:1065700008B5024B1880FCF7CFF808BD382800207A
:10658000044B054A1888054B12681B689B1AC01AF1
:10659000704700BFE8A901085C280020602800209F
:1065A0002DE9F8431D4B1E4F1C881E4B3D681B6890
:1065B0000646ED1A651B002D2DDDDFF86C801B4BA8
:1065C000D8F800001B688D42A8BF0D46984220D322
:1065D000DFF85C9043194C449C421AD8241A224696
:1065E000314602F0F3FA2644C8F800902C1B54B14F
:1065F00022463146D8F8000002F0E8FAD8F8003018
:106600002344C8F800303B682B443B602846BDE873
:10661000F8832C46EBE70025F8E700BFE8A901085E
:10662000602800205C2800205828002054280020E2
:10663000B624002038B50A4B0A4D1C682B689C42D2
:106640000CD9E41A8C42A8BF0C461946224602F027
:10665000BDFA2B6823442B60204638BD0024FBE79D
:10666000402800203C28002008B5FFF7E7FE08BDC1
:1066700038B51F4B1B78002B38D01E4C226862B9EE
:106680001D481E4905680B689D4206D11C4B9D4262
:106690001FBF03600B601B4B1A601B4B1B6893B141
:1066A000184A236815681D430DD101232360FFF7A5
:1066B000CBFD114B25601868104B1B68984202D027
:1066C000C01AFFF75DFE114D114A2B68116853EA9D
:1066D00001040BD10F4B19680F4B1B68994205D071
:1066E00001232B601360FFF7EBFD2C6038BD00BF6A
:1066F000382A002050280020402800203C28002074
:106700007624002044280020482800206C280020FF
:1067100068280020602800205C28002070470000C6
:1067200070B50D4C256825B10C4A13680133136010
:1067300070BD01230A4E23603360FFF785FD094BCE
:1067400035601868084B25601B689842F0D0C01A65
:10675000FFF716FEECE700BF502800204828002075
:106760004C280020402800203C28002010B5064C72
:10677000236843B901232360044B1B680BB1FFF767
:106780009FFD0023236010BD6C2800206828002096
:10679000420710B5044601D5FFF7C2FF230704D511
:1067A0002046BDE81040FFF7E1BF10BD08B52949FC
:1067B000294B09781A79914203D0284909789142E6
:1067C00006D15A78042A0CD9A2F12001032901D953
:1067D000002011E0213A022A0AD8DFE802F02A2D2F
:1067E0003400013A032A03D8DFE802F00702111847
:1067F0001B4B1C4A1A60012008BDFFF7C5FD00288D
:10680000E6D0174B174A1A6001F002FDF3E79A78B9
:10681000D87842EA0020FFF7BBFDF0E79A78D878F5
:1068200042EA0020FFF7B6FD0028D1D001F01CFDA0
:10683000E1E7FFF779FEE2E79A78D87842EA0020AC
:10684000FFF796FEF0E79A78D87842EA0020FBF747
:1068500041FFE9E7F7240020182A0020F624002051
:10686000202A0020C325002008B51149114B0978C2
:106870001A79914203D010490978914216D15A7879
:10688000022A09D0202A0ED082B9FFF77BFD68B119
:1068900001F0EAFC012008BD9A78D87842EA00208D
:1068A000FFF774FDF3E7FFF71DFEF0E70020F2E7C6
:1068B000F7240020182A0020F62400201B4B10B5D6
:1068C000DA78212A03D0222A20D000201DE0184A9D
:1068D0001B7912789A4203D0164A12789A42F4D160
:1068E000154B1A78154B1B780BB9012AEDD0144BB8
:1068F000144C002A08BF2346134A0360128813442D
:10690000124A1360092301200B6010BD084A1B794D
:1069100012789A4203D0074A12789A42D5D10B4B8B
:106920000B4A1A600B4B1B88EDE700BF182A0020AA
:10693000C225002075240020292A002006AA01086B
:10694000AC230020AD230020CA020020202A002012
:106950005CA901085AA9010810B5244A244C1278F0
:1069600023799A4203D0234A12789A423BD1637822
:10697000013B0A2B37D8DFE803F0062430363636E1
:106980003636182A330000F063F860B3E378012B41
:1069900006D1194B194A1A6001F03AFC012010BDCA
:1069A000032BF9D1144B164AF5E7E378022B03D1F8
:1069B000114B144A1A60F1E7032BEFD10E4B104A2A
:1069C000F8E700F083F870B10B4B0F4AE3E700F0F3
:1069D0008BF840B101F048FCE0E700F09FF8F2E7E7
:1069E00000F0A6F8F5E70020D9E700BFC225002097
:1069F000182A002075240020202A00207D25002050
:106A00003A2500203C250020C325002008B50B496D
:106A10000B4B09781A79914205D00A4909789142BD
:106A200001D0002008BD5B78092BFAD100F02CF8CA
:106A30000028F6D001F018FC0120F3E7C225002061
:106A4000182A00207524002000207047704700009D
:106A50000A4908B5C87802280DD0032809D00128B2
:106A6000074A18BF00220023897800F0E3FA0120CA
:106A700008BD044AF7E70020FAE700BF182A002003
:106A80007D2500203A25002037B50D49C878022819
:106A900010D0032810D0012810D0002200258B79B7
:106AA000CC790095897843EA042300F0EDFA0120BF
:106AB00003B030BD034AF1E7034AEFE70020F7E7F0
:106AC000182A00203C2500203A250020034B044AC8
:106AD0009B780120D25C034B1A707047182A002063
:106AE000BD250020C3250020094A10B59378D17830
:106AF000084A43B908480478D8B2844206D902F853
:106B0000011B0133F8E71A4402F8011C012010BDF3
:106B1000182A0020BD250020F9A9010808B5FFF7B3
:106B200093FF024B1870012008BD00BFC325002051
:106B300008B5034B9878FFF789FF012008BD00BF17
:106B4000182A00202DE9F8434F4C504E23883288F4
:106B50009BB29A421DD34E4B1B68D3B94D4F338025
:106B60003B6001234C4D18462A4615F8011C00F0E5
:106B700061FA2080238805F1FF389BB24BB1474B67
:106B8000C7F800801B78012B89BF23883D60013343
:106B9000238023889BB223B9414A1168002934D04D
:106BA000136023883A4D9BB20BB92B685BB33D4F02
:106BB00023883A783C4C318834F812805B1A9BB2B7
:106BC000984528BF9846394BDFF8C890187830B1FF
:106BD0004246D9F8001040F08000FDF789FDD9F851
:106BE0000030334A4344C9F80030338812884344A4
:106BF0009BB29A42338044D93B7834F813304345F2
:106C00003FD101232B60BDE8F8832A4F3B68002B5E
:106C1000C7D0224A284D1278012A10D805F8011B46
:106C200002232A460120318000F004FA20802388C4
:106C30009BB20BB1174B1D6000233B60B1E70122F3
:106C40002978202928BF002102FA01F818EA030F49
:106C500001F10101C9B2F4D0002329700120338071
:106C60000D4A022300F0E6F9208023889BB223B16D
:106C7000084B1D602388013323803B6823EA080307
:106C8000DBE70023BEE700BF862800208428002021
:106C900080280020882800207D250020F9A90108EF
:106CA00090280020292A0020FAA9010803AA010837
:106CB000F6A901088C2800207C25002037B51E4C41
:106CC0001E4D23881E4A2BB91E49238029601E4968
:106CD0000988118012882968D21A1C4B1878FDF790
:106CE000DDFC2B6882B213442B60238813449BB2D3
:106CF000238052B114490988994206D91449087869
:106D0000144931F81010914213D9134A0220127815
:106D1000012A4FF00102009287BF104A03F1FF33AE
:106D20000021084A88BF12F8011C00F0ADF90023C9
:106D3000238003B030BD00BF782800207C280020CD
:106D40007A2800203B250020F4A9010802AA0108A6
:106D5000292A0020FAA90108F8A901083C250020E9
:106D600000230C4A13700C4A13600C4A13600C4A3F
:106D700013600C4A13800C4A13800C4A13600C4AAF
:106D800013600C4A13800C4A13800C4A13600C4A9F
:106D90001380704794280020902800208C28002021
:106DA00088280020862800208428002080280020B1
:106DB0007C2800207A2800207828002074280020D1
:106DC00072280020020710B5044601D5FFF7BAFE6D
:106DD000630704D52046BDE81040FFF76FBF10BD24
:106DE0002DE9F04F504B87B01B78002B00F09980B5
:106DF0004E4A022710784FF0010A431C13704C4B87
:106E00004C4D1978042301EB4106B340013B9842F5
:106E10004FF00003A4BF137001230193464B07FA00
:106E200006F61A884548FE2A9EBF013292B21A80A1
:106E3000434B059633F81180424B1B780493424B29
:106E4000D3F800E0414B71460393002399461C465A
:106E5000049FDEB2B7421BD8B9F1000F02D0002068
:106E6000324B187014B18E46374B1960904502BFF3
:106E70000022314B1A80BEF1000F52D0344B1888DB
:106E800080B200284DD107B0BDE8F04FFFF75ABEE1
:106E9000019E66BB059F02962E7806FA07F7B84555
:106EA0003BDD904532D0371E18BF0127DDF80CC0FE
:106EB0001CF801BB5E45CDF80CC00AD0067885F8F9
:106EC00000B05E4521BF4FF001090AFA03F42143E7
:106ED0004C46029E3EB11FB90AFA03F42143012435
:106EE0004FF000060670013301300135B0E7067837
:106EF000FF2E1CBF013606702E78002ECAD090F8E7
:106F000000C0B44534BF00260126C3E73EB10AFAEB
:106F100003F4214301242746C8E70027C6E7374684
:106F2000C4E707B0BDE8F08F382A002070280020A1
:106F3000292A0020BE250020C0250020BF250020D2
:106F4000FEA90108F9A901088C280020BD25002010
:106F5000862800202DE9F8431A4B80461B881446EA
:106F600093422DDB184B187840B30122174B184D74
:106F70001A602F88BFB2002FFBD1DFF8589022464D
:106F80004E4606F8018B304601F020FE124A134BA4
:106F90001780134A2C801278C3F80090012A88BF0A
:106FA0002B884FF000008ABF01331E602B80FFF753
:106FB000C9FD002201200B4B03F80820BDE8F8832F
:106FC0000020FBE7F6A90108382A002090280020BD
:106FD000862800207C250020842800208828002086
:106FE000F9A90108BF25002007B50B48694601AA89
:106FF000F6F741FA38B1019B402B06DD3122002023
:107000000649FBF757FC03B000BD40220099002061
:10701000FFF7A0FFF7E700BF9828002004A10108B0
:107020000122024B02481A70F6F71ABAB029002062
:1070300098280020012837B515461C4602D00020AC
:1070400003B030BD012BFAD869460C4801AAF6F707
:1070500012FA70B1019A402A05DD4E22002008493B
:10706000FBF728FCEBE72846009901F0AFFD402034
:10707000E6E7012CE3D1034B1C70E0E798280020E1
:1070800004A10108B0290020022813B511461A46B0
:1070900006D12BB10B78072B04D101220B4B1A70B0
:1070A00002B010BD0A4801ABF6F70EFA40B1094C28
:1070B0002378002BF4D0FFF797FF00232370EFE72E
:1070C00078220549FBF7F6FBEAE700BFE40300205E
:1070D00098280020B029002004A1010800F058B829
:1070E00008B51A4A1A4B12781979914201D000203A
:1070F00008BD5A78FE2A13D0FF2AF8D1D9789A7899
:1071000042EA01229979DB7941EA03231A43EED15D
:1071100000F072F80028EAD001F0A6F80120E7E7B5
:107120009A78D97852EA0122E1D19A79DB7942EA58
:107130000323012BDBD100F073F80028D7D0054BD7
:10714000054A1A6001F064F8E8E700BF382500201E
:10715000182A0020202A0020C325002070470000A4
:1071600010B50446FDF78CFA230654BF01234FF4F3
:107170008030064A54BF03FA04F004F00F04136889
:1071800048BFA0400343136010BD00BF302A002059
:10719000144B1B791A0603F08F0045BF03F00F0252
:1071A0004FF48033012393400F4A58BF8340127835
:1071B00042F08002824214D10C4A1268134210D06D
:1071C0000B494A780B7843EA02238A7843EA024360
:1071D000CA7843EA0263074A934202D10D22FDF7BF
:1071E00087BA7047182A0020F3A90108302A002026
:1071F000D0290020555342530023064A0120136032
:10720000054A137053709370D3700722034B1A70A2
:10721000704700BF2C2A0020D0290020B829002068
:107220000022024B01201A70704700BFC3250020C6
:1072300010B5194A194C517A137A43EA0123917A0D
:10724000D27A43EA014343EA026322681449934233
:1072500097BF1A460423236003230B70114B124976
:10726000187840F08000FDF743FA104A517A137AFB
:1072700043EA0123917A43EA0143D17A43EA016365
:1072800021685B1A190A13725172190C1B0ED37202
:1072900000231373917210BDDD290020B429002052
:1072A000B8290020F3A90108F8240020D0290020E3
:1072B00008B55523084942220B7053234B70CB70FD
:1072C000064B8A7018780D2240F08000FDF710FA06
:1072D0000522034B1A7008BDD0290020F3A901082C
:1072E000B829002038B51A4B1C681A4B1C606CBBBF
:1072F000194A1A4D517A137A43EA0123917A43EAE3
:107300000143D17A53EA016309D092F90C30A342C8
:107310000BDA134B187840F08000FFF721FF0123B0
:107320002B73FFF7C5FF204638BD6A7A2B7A43EAF4
:107330000223AA7A43EA0243EA7A43EA0263094A49
:1073400012689342EBD0084B1878E6E70124EAE78D
:10735000142A0020CC290020DD290020D02900207B
:10736000F3A90108B4290020F2A901082DE9F84386
:107370003C4F3D4B3A681B683C4D9A423DD300263A
:107380003B4B187840F08000FFF7EAFE2E73FFF7C2
:107390008FFFFFF7A7FF041E18BF3446354EDFF8F6
:1073A000D8803368DFF8D490002B31D1002C31D055
:1073B000334AD8F80030126838681A44013AB2FBF0
:1073C000F3F2D9F800309A4228BF1A462D4B1968BB
:1073D000F8F7D0FA2B4B264A196810783368224602
:1073E000194440F08000FDF783F9254933680A68A5
:1073F0002344121B33600A600CE0234B1A78234BA2
:1074000033F812601E4B1B689E4228BF1E46C0E721
:10741000002CDFD1D9F80010D8F800204A439A4256
:1074200004D1002333603B680B443B606A7A2B7ABB
:1074300043EA0223AA7A43EA0243EA7A43EA02636E
:107440001B1B1A0A2B726A721A0C1B0EAA72EB72A1
:1074500034B10B4B1B681BB903210D4A2B73117000
:10746000BDE8F883C4290020002A0020D02900208C
:10747000F3A90108C0290020082A0020042A0020BE
:10748000BC290020FC290020292A0020EEA901089F
:10749000B82900202DE9F843454E464B32681B6859
:1074A000454F9A4209D30024444B3C601878FFF7BB
:1074B00057FE434B1C73FFF7FBFEFFF713FF00B9AA
:1074C0003860DFF800813A68D8F800303E4813444D
:1074D000026893424CD800213C4C3D4D3A68D8F8A4
:1074E00000308A424BD83B4D13442968C8F800301D
:1074F000A1EB0209C5F80090CAB1374C01682268B7
:10750000B9F1000F43D1002B41D04C1E1C44B4FBF9
:10751000F1F4944228BF14462D4B22461968306876
:10752000F8F73EFA3368C8F8009023443360244AE1
:107530003968507A137A43EA0023907A43EA004389
:10754000D07A43EA00635B1A180A13725072180C5F
:107550001B0E9072D37249B32B681BB11F4B1B7863
:10756000052B23D100231373BDE8F843FFF7A0BE1A
:10757000FE22BDE8F84300201949FBF79BB92A68B1
:1075800014F801CB0A4402F803C00131A6E75143C5
:107590008B42CCD10E4B30681968F8F701FA002302
:1075A0002268C8F8003033681344BFE7BDE8F883A9
:1075B000C4290020002A0020B4290020F2A90108D3
:1075C000D0290020C0290020082A0020F82400200B
:1075D000FC290020BC290020042A0020B829002012
:1075E0002CA10108F8B53C4D3C4B2A681B683C4F68
:1075F0009A4209D300243B4B3C601878FFF7B0FD5A
:10760000394B1C73FFF754FEFFF76CFE374C10B973
:107610003860002128E03A682368002AF9D0344E07
:1076200083B9344B344A1B68126831681A44013AF2
:10763000B2FBF3F2314B28681B689A4228BF1A4606
:10764000F8F798F92368366839689A192C480B447A
:107650003344934208D012F8017B10F8016BB74213
:10766000F7D00022274B1A60234A236810680B4486
:10767000401A1060214A236016681E4A126872433D
:10768000934204D1002323602B6833442B60164AB5
:10769000547A137A43EA0423947A43EA0443D47A6B
:1076A00043EA04635B1A1C0A137254721C0C1B0E0F
:1076B0009472D37271B118B1134B1B78052B09D199
:1076C000104B1B68B3FA83F35B091373BDE8F840F2
:1076D000FFF7EEBDF8BD00BFC4290020002A00203E
:1076E000B4290020F2A90108D0290020C0290020D7
:1076F000FC290020082A0020BC290020042A0020A0
:10770000F8240020C8290020B8290020002110B545
:107710002F4CA27C637C43EA0223E27C43EA0243CF
:10772000227D43EA02632B4A1BBA13602A4A116086
:10773000E27BA82A23D01CD82A2A2CD02F2A2AD090
:10774000282A2CD0254A12685343254A1360617AAF
:10775000227A42EA0122A17A42EA0142E17A52EA1D
:10776000016223D101221F4B1A73FFF7A1FD0020F4
:1077700010BDAA2AE6D1FFF7B5FD0028F7D0A27DFB
:10778000637D43EA0223E27D43EA0243227E43EA29
:1077900002631BBAD6E7FFF7A5FD0028E7D0A37D5B
:1077A000E27D43EA02235BBA9BB2CBE793420DD062
:1077B00094F90C30002BB5BF0B4B0C4B1878187894
:1077C000B8BF40F08000FFF7CBFCCBE70120CFE74C
:1077D000DD290020C4290020C0290020082A00201B
:1077E000BC290020D0290020F3A90108F2A9010832
:1077F00008B50F4A517A137A43EA0123917A43EA92
:107800000143D17A53EA016306D10222094B1A736C
:10781000FFF74EFD002008BD92F90C30002B04DB71
:10782000054B1878FFF79CFCEFE70120F3E700BF5A
:10783000DD290020D0290020F2A9010810B5FFF7AA
:10784000D7FF00283AD0702200241D4B1D481A7023
:107850001D4A5C701268016832EA01011BD00621E2
:10786000997028215C731973026000220A21DA7072
:107870001A715A719A711A725A729A72DA729A73EA
:10788000DA731A745A741222D971104BBDE8104081
:107890001A60FFF7CDBC2AB9022199703A211973F9
:1078A0005A73E2E70A4A127B12B99A701A73F7E721
:1078B00005229A70202259731A73D6E710BD00BFB3
:1078C000F8240020CC290020142A0020B42900200C
:1078D000D029002008B5FFF78BFFF0B180210F4BB6
:1078E0000022597002219970D97020211A705A71A2
:1078F0009A71DA710A4A197110680822017851B137
:10790000013099540132242AF8D1064B1A60BDE89F
:107910000840FFF78DBC2021F3E708BDF8240020C4
:10792000CC020020B429002010B5FFF761FF48B356
:10793000FFF7D8FC30B30322134B04201A70002247
:1079400012495A700978DA70C9019970104B1860A1
:10795000104B5C7A197A41EA04219C7A41EA04418D
:10796000DC7A41EA0461814208D90B491872087235
:107970004A728A72CA725A729A72DA72BDE81040FA
:10798000FFF756BC10BD00BFF8240020102A0020CD
:10799000B4290020D0290020DD29002010B5FFF7F0
:1079A00027FF68B3FFF79EFC50B306210023082091
:1079B000144A517014491370937009781371C901F6
:1079C000D17053719371D371104A1060104A547A78
:1079D000117A41EA0421947A41EA0441D47A41EAD5
:1079E0000461814208D90B49107208724B728B7284
:1079F000CB7253729372D372BDE81040FFF718BC7C
:107A000010BD00BFF8240020102A0020B429002057
:107A1000D0290020DD29002008B5FFF7E9FEE8B1F4
:107A2000FFF760FCD0B10E4B1A680E4B013A110EF5
:107A30001970110C5970DA70110A0B4A997012689A
:107A4000110E1971110C5971DA71110A082299710C
:107A5000064B1A60BDE80840FFF7EABB08BD00BF4F
:107A6000002A0020F8240020082A0020B429002041
:107A700010B5FFF7BDFE002839D0FFF733FC002812
:107A800035D0082100221A4BD9701A491A705A7041
:107A90009A700968080E1871080C5871D971080A93
:107AA00002211972144998710968080C5872080A61
:107AB00098720C20D972114B1860114B5C7A197AAC
:107AC00041EA04219C7A41EA0441DC7A41EA0461FA
:107AD000814208D90B49187208724A728A72CA72B6
:107AE0005A729A72DA72BDE81040FFF7A1BB10BD5E
:107AF000F8240020002A0020082A0020B4290020B1
:107B0000D0290020DD29002038B5FFF771FE0028BC
:107B10003CD0022203211E4B1E4D1A705A701E4B80
:107B20001E4C2A601970617A237A43EA0123A17AF4
:107B300043EA0143E17A43EA0163934209D900230E
:107B4000174922720A724B728B72CB726372A372E4
:107B5000E372144B022218780D4940F08000FCF7C4
:107B6000C7FD627A237A43EA0223A27A43EA0243F8
:107B7000E27A43EA02632A689B1A1A0A2372627243
:107B80001A0C1B0EE3720123A272237338BD00BFCF
:107B9000F8240020B4290020B8290020D029002092
:107BA000DD290020F3A9010810B5FFF721FE38B345
:107BB000202200231349144C0A704B70CB77032109
:107BC000124B22601970124B0E49187840F0800059
:107BD000FCF78EFD0F4A517A137A43EA0123917A1A
:107BE00043EA0143D17A43EA016321685B1A190A27
:107BF00013725172190C1B0ED372012391721373FD
:107C000010BD00BFF8240020B4290020B8290020AE
:107C1000F3A90108D029002010B5134A517A137A2C
:107C200043EA0123917A43EA0143D17A53EA01649A
:107C300013D092F90C30002BB5BF0C4B0C4B1878BD
:107C40001878B8BF40F08000FFF78AFA0122094B8C
:107C50001A73BDE81040FFF72BBBFFF743FB10B1D1
:107C6000044B1C73F5E710BDDD290020F3A90108C2
:107C7000F2A90108D029002038B5094B094C9D7C98
:107C80005DB9D87C084B00F001001860FFF766FA78
:107C90002573BDE83840FFF70BBB01232373F8E7DA
:107CA000DD290020D0290020142A0020034B044A9B
:107CB000DB7C03F001031373FFF7FABADD29002020
:107CC000D02900200022024B1A73FFF7F1BA00BF3F
:107CD000D0290020A24BA34A196870B51F290D4670
:107CE0004FF0000328BF1F2514469F48AB4240D1E8
:107CF0001F2940F018816278237843EA0223A27892
:107D000043EA0243E27843EA0263984A934240F02E
:107D10000A8162792379964D43EA0223A27943EAE4
:107D20000243E27943EA02631A0A2B716A711A0C60
:107D30001B0EAA71EB71627A237A43EA0223A27ABC
:107D400043EA0243E27A43EA02631A0A2B726A7236
:107D50001A0C1B0EEB72637BAA7223B9A37B013B47
:107D6000DBB20F2B0BD901232B73BDE87040FFF75B
:107D70009FBA10F8016B013302F8016BB6E7E37BA1
:107D80002F2B5DD8192B29D8032B67D0122B69D044
:107D9000002BE8D1BDE87040FFF73EBF9E3B0C2BA7
:107DA000E1D801A252F823F0A57E0108677D010801
:107DB000677D01089D7E0108677D0108197F010824
:107DC000677D0108677D0108677D0108677D0108FF
:107DD000AD7E0108677D0108D57E01081A3B152B91
:107DE000C1D801A252F823F07D7E01086D7E010802
:107DF000677D0108677D0108757E0108677D0108C0
:107E0000677D0108677D0108677D01088D7E010897
:107E1000677D0108957E0108677D0108677D01087F
:107E2000AD7E0108677D0108D57E0108677D0108E8
:107E3000677D0108677D0108677D0108EB7E010809
:107E4000AA2B90D89D2BA9D85A2B1BD0912B01D0AF
:107E5000352B88D1BDE87040FFF734BFBDE87040D6
:107E6000FFF7ECBCBDE87040FFF734BDBDE87040E3
:107E7000FFF702BFBDE87040FFF718BFBDE87040D4
:107E8000FFF752BDBDE87040FFF788BDBDE8704008
:107E9000FFF7EEBDBDE87040FFF7BEBDBDE8704026
:107EA000FFF732BEBDE87040FFF77EBEFFF72EFC45
:107EB00060B394F90C30002B06DA02222D4B1A70B5
:107EC000BDE87040FFF752BA2B4B1878FFF748F91E
:107ED000022349E7FFF71AFCC0B194F90C30002BDC
:107EE00015DB0122234B1A7010E0237C13F00203F0
:107EF0003FF43AAFFFF70AFC40B194F90C30002B85
:107F000005DB01231B4A13701C4A136070BD1C4B18
:107F1000187840F08000D9E7194B187840F08000BD
:107F2000FFF71EF91FE7164B164C1D7845F0800031
:107F3000FFF716F94FF48033226805F00F05AB40C8
:107F4000134323600C4B1D782846FFF709F90123E2
:107F50002268AB40134323600622064BC3E700BFF1
:107F6000B4290020DD290020F82400205553424385
:107F7000D0290020B8290020F2A90108C829002032
:107F8000F3A901082C2A002008B5104A1378023BF7
:107F9000032B19D8DFE803F002120C160C4BDB7B25
:107FA00003F07F03282B0FD1BDE80840FFF7DEB9AF
:107FB000084B187840F08000FFF7D2F8BDE8084081
:107FC000FFF776B90023137008BD00BFB829002061
:107FD000DD290020F3A9010808B5214B1A78072AEA
:107FE00031D8DFE802F02C043030301430261D4B3D
:107FF000DB7B2F2B07D003F07F032A2B2ED1BDE88C
:108000000840FFF747BABDE80840FFF7EBBA164B48
:1080100016491A7801239340154A1268134218BF73
:108020000120BDE8084040F23F4208BF0020FAF7B7
:1080300041BC00221A700F4B1B681F2B0ED1BDE8EC
:108040000840FFF747BE084B1878FFF789F802226F
:10805000094B1A73BDE80840FFF72AB908BD00BFF5
:10806000B8290020DD290020F2A901082CA101086F
:10807000302A0020B4290020D0290020FFF7BCB806
:1080800008B5064B06491A88064B1878FCF706FB1C
:10809000054B1860BDE80840FFF79EBFECA901083A
:1080A000F8240020F2A90108B4290020420710B5E5
:1080B000044602D50020FFF7E3FF230703D5BDE800
:1080C0001040FFF761BF10BD2B4A70B5137813F055
:1080D0001F0303D0022B19D000230FE09178D27830
:1080E00041EA0222012A09D1244C48B11046FCF78A
:1080F00063FA238843F0020323800123184670BDEE
:10810000FCF75AFA238823F00203F5E711790B06EE
:1081100049BF4FF48034012401F00F039C40184BF9
:1081200001F08F051B7858BFAC40002BE6D011F052
:108130000F03E3D0134B1B682340DFD09378D27832
:1081400053EA0223C8D138B12846FCF799FA0E4AFF
:10815000136823431360D0E70C4B1B681C42CCD13F
:108160002846FCF791FA2846FEF7B8FF064A13683E
:1081700023EA0403EEE700BF182A00203A2A002071
:10818000382A0020342A0020302A00202C2A0020FF
:10819000002208B5044B1A70FCF78CF8FCF788F83D
:1081A000BDE80840FCF774B9292A0020FCF782B921
:1081B000084B4FF001111A78074B1A800023074A29
:1081C0001370074A1370074A1160074A1360074A81
:1081D0001360704707AA01083A2A0020392A0020B4
:1081E000382A0020342A0020302A00202C2A00209F
:1081F000024B1878003818BF01207047382A002039
:10820000082200200149FCF749BA00BF182A0020C3
:1082100010B50A4A0A4C1278A3889A4228BF1A4617
:108220000AB9084B1A7080202168FCF761FA2368AC
:1082300003442360A3881B1AA38010BD04AA01086D
:10824000202A0020282A002010B5064C0020A288F1
:108250002168FCF723FA236803442360A3881B1AD0
:10826000A38010BD202A0020002280201146FCF7A8
:108270003FBA0000024B00201A780249FCF70EBA00
:1082800004AA0108C32500202DE9F04F10F0020FC9
:10829000824687B000F08A80924CFFF7B1FF2078C9
:1082A000914DC0F3C010FCF7E1F9E279A37943EAFC
:1082B0000223AB802378C3F34112012A00F04583E7
:1082C000022A00F05783002A40F0B38063780B2B1A
:1082D00000F2AF80DFE813F00C004D00AD00590054
:1082E000AD005B00A600AD00A601AC019102A502A5
:1082F000237803F01F03012B07D0022B15D0002B8E
:1083000040F09780794B2B6030E0794B1B78002B45
:1083100000F08F80774B22791B789A4280F0898019
:108320000022754B1A705A70EDE794F904302279E7
:10833000002BB5BF4FF48033012302F00F0102F090
:108340008F018B406A49097809B9120771D16B4ACC
:10835000126813426DD06A49674A09680B4214BF1C
:10836000012300231370002353702A60FFF750FF8E
:108370001CE00020FFF7A8FE00285AD0FFF774FF8A
:10838000604B1B6893B1984710E00120F2E7237817
:10839000DF064ED1A0785C4B60F07F02012100F037
:1083A0007F001A70FCF70AF9FFF75EFF1AF0040F5E
:1083B00017D04C4D95F90030002BC0F2F8824A4C92
:1083C000A38873B1FFF740FFA38853B92B78C3F399
:1083D0004112012A00F0DB828020FCF751F90023D2
:1083E000A3801AF0080F0DD03E4B93F90030002BFC
:1083F00080F2E0823C4B9B8813B9444B1B780BB155
:10840000FFF706FF1AF0400F02D00020FCF73CF9FE
:108410001AF0800F00F0DC82802007B0BDE8F04F3A
:10842000FCF732B9237813F01F0313D0012B00F0AF
:10843000F18094F90030002BC0F2A782A379E27991
:1084400053EA022300F0A1820020FCF719F900236F
:10845000AB80ABE7E378013B0E2BEAD801A252F8E0
:1084600023F000BFA184010829850108C185010806
:108470003384010833840108C98401088385010815
:1084800033840108338401083384010833840108EC
:10849000338401083384010833840108FF8501080F
:1084A0001B4B2B6012230593059BAA889A427FF6EB
:1084B0005DAF184AAB801278013A1A427FF456AF8A
:1084C0000122124B1A7051E7134B1B78002BB0D0CE
:1084D000124B134A1978134B002908BF13462B601F
:1084E0000A23E0E7182A0020202A00203A2A002048
:1084F000382A00202A2A0020C3250020342A002000
:10850000302A002080A90108392A0020282A0020CA
:1085100047A9010804AA010806AA0108292A00207F
:1085200046A9010845A90108914A924B12781B7887
:1085300012B9012B3FF47DAF0222B3B98E4B0493E5
:108540005A700022049811460346A678B1420ED113
:10855000002A08BF03461A78002A3FF46AAF2B604E
:108560009A78DB7842EA03239DE7844BE7E71F789C
:108570002FB19A78DF7842EA0722134401220131B1
:10858000E4E77B4B1B78002B3FF453AF794B07227A
:108590001B789BB9794B04935A70002204981146BA
:1085A0000346A678B142D3D01F782FB19A78DF78EE
:1085B00042EA0722134401220131F3E76E4BEAE756
:1085C000A0786F4B0328049316D1F8F7D1FA2860EE
:1085D000037868E71E780EB10122334401318142ED
:1085E000F8D16749002A08BF0B461A78002A3FF4E1
:1085F00020AF2B60059257E700221146EFE7614B51
:108600001B78002B3FF415AF5F4B1A782B60002AC4
:10861000A6D10EE705A904A8FEF750F900287FF4BB
:1086200043AF06E72378DE067FF403AF574B6AE6D5
:108630002378D8067FF4FDAEA378002B00F0B88035
:108640004B4A4C4B12781B7812B9012B3FF4F1AE18
:108650004A4E494A0027002B08BF1646DFF83081F2
:1086600033784BB9494BA2781B789A427FF4E1AE3C
:10867000FFF7FAFD474B84E67378023B052B49D898
:10868000DFE803F0034854564803A2787379934215
:1086900046D13E4A137032793F4B1A703F4B404AE5
:1086A0001988002318468B4236D34FF0010BDFF8B0
:1086B000E0900123D9F8001003FA0BF0084202D031
:1086C0005846FBF7D8FF4FF48033D9F8001003FA6F
:1086D0000BF0084203D04BF08000FBF7CCFF0BF10E
:1086E000010BBBF1100FE4D14FF00113C9F80030BA
:1086F00000232C4A012013602B4A1360FBF768FF0C
:108700002A4AF179138849064CBF43F0010323F04C
:1087100001031380337807E002F8010B0133C2E74D
:10872000B378F27843EA02231E4499E7F778F1E739
:10873000002FEFD1B37830461A0603F08F0B45BFF8
:1087400003F00F024FF4803301239340D8F8002048
:1087500058BF03FA0BF31A43C8F80020FBF740FF99
:108760005846FBF784FF5846FBF788FFD2E700BF67
:1087700006AA0108292A0020AD230020AC230020EE
:1087800030A8010805AA01080CA90108382A002010
:10879000342A002088A901082A2A0020D0020020BB
:1087A00003260020302A00202C2A00203A2A00200C
:1087B0000126B046884A894F13703A6808FA06F3D2
:1087C000134202D03046FBF756FF4FF480333A682D
:1087D000B340134203D046F08000FBF74CFF013654
:1087E000102EEAD14FF0011300203B607C4B186043
:1087F0007C4B1860FBF7ECFE34E7237803F01F0393
:10880000012B7FF416AE744B1B78002B3FF411AE96
:10881000754A237912789A427FF60BAE734A134455
:1088200071E5237803F01F03012B7FF402AE6A4B3E
:108830001B78002B3FF4FDAD6D4A6E4B12781B7810
:1088400012B9012B3FF4F5AD4FF000086A4A6B4EA8
:10885000C146002B08BF1646C3464246CDF80480E9
:10886000317839B9B8F1000F3FF4E3ADFFF7FCFC04
:10887000634B86E57178023905294ED8DFE801F0AF
:10888000034D0E224D03544B70791978884244D021
:10889000B178F07841EA00210E44E1E796F802B0A1
:1088A0002179F27859450AD1A178914207D14FF048
:1088B00001084E4911F80B30019301F80B204FF0DD
:1088C00000092AE02179594527D1B07807064CBF25
:1088D0004FF48037012700F08F0144BF00F00F00F4
:1088E0008740A07858BF8F40904218D13B4B0392ED
:1088F0001868029138431860394B49EA070918682B
:1089000020EA070018603046FBF76AFE0298FBF782
:10891000AEFE0298FBF7B2FE039A3178BCE7019BEA
:108920009A42FAD117EA090FF7D12C4B0292186834
:1089300020EA070018602A4B186820EA0700186030
:108940000846FBF798FE029AE7E703F01F03012BA6
:108950007FF46FADFEF700F800287FF427ADFEF737
:10896000BFFB00287FF422ADFDF720FF00287FF435
:108970001DAD5EE5DB067FF45CAD00F045F8002838
:108980007FF414AD00F086F8F0E780205DE503F099
:108990001F03012B7FF420ADFEF738F800287FF489
:1089A00020ADFDF761FF00287FF41BAD14E5FFF754
:1089B00061FC16E5134B93F900201878002ABFF6E6
:1089C00021AD00F07F0000211870FBF7F7FD19E5DD
:1089D00007B0BDE8F08F00BF382A0020342A0020FD
:1089E000302A00202C2A00202A2A002003260020DA
:1089F00006AA0108292A0020AD230020AC2300206C
:108A000084A90108392A002038B51C4C1C4B627817
:108A10001B789A422ED12379627943EA0223022BF2
:108A200028D1A37843B30022164D01329A42287808
:108A30001CD3D0B1F8F784F80146E81C00F0A5F883
:108A4000114A29781560A379E07943EA00238B4223
:108A50000ED90E4B91801B78013B0B4202D10122B3
:108A60000B4B1A70FFF7D4FB012038BD0544DCE73F
:108A70009380F7E70020F8E71846F6E7182A002069
:108A8000E1A90108E0010020202A002004AA010831
:108A9000282A002008B5154A154B51781B789942B1
:108AA00021D11379517943EA0123072B1BD11149B5
:108AB00011480B7A0160497A43EA01239179D2790E
:108AC00041EA022293420CD20C4A83801278013A86
:108AD0001A4202D101220A4B1A70FFF799FB0120BA
:108AE00008BD8280F9E70020FAE700BF182A0020BD
:108AF000E0A901081F020020202A002004AA010882
:108B0000282A002008B5064B044613B10021AFF314
:108B10000080044B1B6803B19847204600F064F8BE
:108B2000000000003C2A002010B5013902449042A8
:108B300001D1002005E0037811F8014FA34201D0D4
:108B4000181B10BD0130F2E7884210B501EB02049A
:108B500002D98442234607D8431EA14207D011F808
:108B6000012B03F8012FF8E70244824200D110BD27
:108B700013F8011D02F8011DF7E703460244934272
:108B800000D1704703F8011BF9E7024610B51478CD
:108B900013460132002CFAD1013B11F8012B03F8E6
:108BA000012F002AF9D110BD10B56AB1013984181E
:108BB000027811F8013F9A4204D10130A04201D05D
:108BC000002AF5D1D01A10BD1046FCE70A449142A4
:108BD00000F1FF3300D1704710B511F8014B9142FD
:108BE00003F8014FF9D110BDFEE700BF00000000FF
:108BF000B71DC1046E3B8209D926430DDC760413F0
:108C00006B6BC517B24D861A0550471EB8ED082686
:108C10000FF0C922D6D68A2F61CB4B2B649B0C3523
:108C2000D386CD310AA08E3CBDBD4F3870DB114CD0
:108C3000C7C6D0481EE09345A9FD5241ACAD155FB3
:108C40001BB0D45BC2969756758B5652C836196ABC
:108C50007F2BD86EA60D9B6311105A6714401D79A7
:108C6000A35DDC7D7A7B9F70CD665E74E0B6239851
:108C700057ABE29C8E8DA191399060953CC0278BBB
:108C80008BDDE68F52FBA582E5E66486585B2BBE42
:108C9000EF46EABA3660A9B7817D68B3842D2FAD5F
:108CA0003330EEA9EA16ADA45D0B6CA0906D32D402
:108CB0002770F3D0FE56B0DD494B71D94C1B36C737
:108CC000FB06F7C32220B4CE953D75CA28803AF240
:108CD0009F9DFBF646BBB8FBF1A679FFF4F63EE19B
:108CE00043EBFFE59ACDBCE82DD07DEC7770863460
:108CF000C06D4730194B043DAE56C539AB068227CF
:108D00001C1B4323C53D002E7220C12ACF9D8E120D
:108D100078804F16A1A60C1B16BBCD1F13EB8A0142
:108D2000A4F64B057DD00808CACDC90C07AB9778CF
:108D3000B0B6567C69901571DE8DD475DBDD936B12
:108D40006CC0526FB5E6116202FBD066BF469F5EF3
:108D5000085B5E5AD17D1D576660DC5363309B4DC6
:108D6000D42D5A490D0B1944BA16D84097C6A5AC54
:108D700020DB64A8F9FD27A54EE0E6A14BB0A1BF1A
:108D8000FCAD60BB258B23B69296E2B22F2BAD8A49
:108D900098366C8E41102F83F60DEE87F35DA999FE
:108DA0004440689D9D662B902A7BEA94E71DB4E0C1
:108DB000500075E4892636E93E3BF7ED3B6BB0F396
:108DC0008C7671F7555032FAE24DF3FE5FF0BCC677
:108DD000E8ED7DC231CB3ECF86D6FFCB8386B8D5BA
:108DE000349B79D1EDBD3ADC5AA0FBD8EEE00C699A
:108DF00059FDCD6D80DB8E6037C64F643296087AA0
:108E0000858BC97E5CAD8A73EBB04B77560D044FF2
:108E1000E110C54B383686468F2B47428A7B005C73
:108E20003D66C158E4408255535D43519E3B1D252C
:108E30002926DC21F0009F2C471D5E28424D193663
:108E4000F550D8322C769B3F9B6B5A3B26D61503A8
:108E500091CBD40748ED970AFFF0560EFAA01110F7
:108E60004DBDD014949B93192386521D0E562FF19D
:108E7000B94BEEF5606DADF8D7706CFCD2202BE2EB
:108E8000653DEAE6BC1BA9EB0B0668EFB6BB27D72E
:108E900001A6E6D3D880A5DE6F9D64DA6ACD23C42F
:108EA000DDD0E2C004F6A1CDB3EB60C97E8D3EBD3E
:108EB000C990FFB910B6BCB4A7AB7DB0A2FB3AAE67
:108EC00015E6FBAACCC0B8A77BDD79A3C660369BAC
:108ED000717DF79FA85BB4921F4675961A1632886B
:108EE000AD0BF38C742DB081C330718599908A5D80
:108EF0002E8D4B59F7AB085440B6C95045E68E4EFF
:108F0000F2FB4F4A2BDD0C479CC0CD43217D827B79
:108F10009660437F4F460072F85BC176FD0B866812
:108F20004A16476C93300461242DC565E94B9B11AB
:108F30005E565A1587701918306DD81C353D9F0242
:108F400082205E065B061D0BEC1BDC0F51A69337DF
:108F5000E6BB52333F9D113E8880D03A8DD0972496
:108F60003ACD5620E3EB152D54F6D4297926A9C520
:108F7000CE3B68C1171D2BCCA000EAC8A550ADD6CA
:108F8000124D6CD2CB6B2FDF7C76EEDBC1CBA1E335
:108F900076D660E7AFF023EA18EDE2EE1DBDA5F04E
:108FA000AAA064F4738627F9C49BE6FD09FDB8897D
:108FB000BEE0798D67C63A80D0DBFB84D58BBC9A46
:108FC00062967D9EBBB03E930CADFF97B110B0AFE3
:108FD000060D71ABDF2B32A66836F3A26D66B4BC0A
:108FE000DA7B75B8035D36B5B440F7B10000000018
:108FF000000000000D0A000000000D0A09028B00AD
:1090000005010080FA09040000020806500807055F
:10901000820240000007050202400000080B000227
:1090200002020104090400000102020104052400F7
:109030001001052401030204240206052406000091
:109040000705830310002009040000020A00000540
:10905000070504021000000705840210000009043F
:109060000000020300000609210001000122210086
:1090700007058103400001070501034000010904C1
:10908000000000FF030007000000000000000000D7
:1090900000000000000000000000000000000000D0
:1090A00000000000000000000000000000000000C0
:1090B00000000000000000000000000000000000B0
:1090C00003000000640000000000000018280020D9
:1090D000040000000000000000000000000000008C
:1090E0000000000000000000000000000000000080
:1090F0000000000000000000000000000000000070
:10910000000000000000000000000000000000005F
:10911000000000004800000050AA01082CAA010825
:1091200014AA01080400000053544D6963726F656E
:109130006C656374726F6E696373004E55434C4582
:109140004F2D463130335242002E2E5C2E2E5C2E97
:109150002E5C736F757263655C6461706C696E6BB5
:109160002F486172644661756C745F48616E646C0F
:1091700065722E63002E2E5C2E2E5C2E2E5C736F7D
:10918000757263655C6461706C696E6B2F63697284
:10919000635F6275662E63004441504C696E6B20BC
:1091A000434D5349532D444150002E2E5C2E2E5CCE
:1091B0002E2E5C736F757263655C6461706C696E92
:1091C0006B5C647261672D6E2D64726F702F6669BF
:1091D0006C655F73747265616D2E630042494E0069
:1091E000484558002E2E5C2E2E5C2E2E5C736F751B
:1091F0007263655C6461706C696E6B5C64726167FC
:109200002D6E2D64726F702F666C6173685F64657C
:10921000636F6465722E63002E2E5C2E2E5C2E2EE4
:109220005C736F757263655C6461706C696E6B5CB6
:10923000647261672D6E2D64726F702F666C61733E
:10924000685F6D616E616765722E63002E2E5C2E05
:109250002E5C2E2E5C736F757263655C6461706C3E
:10926000696E6B5C647261672D6E2D64726F702F16
:109270006961705F666C6173685F696E74662E63A6
:10928000002E2E5C2E2E5C2E2E5C736F7572636525
:109290005C6461706C696E6B5C647261672D6E2DCD
:1092A00064726F702F7666735F6D616E6167657251
:1092B0002E63004120626F6F746C6F616465722071
:1092C0007570646174652077617320737461727462
:1092D00065642062757420756E61626C6520746FC0
:1092E00020636F6D706C6574652E0D0A52656C6F2E
:1092F00061642074686520626F6F746C6F6164656F
:109300007220746F206669782074686973206572B2
:10931000726F72206D6573736167652E0D0A00446C
:1093200041504C494E4B20202020004D42454420C6
:1093300020202048544D0044455441494C5320546A
:109340005854004641494C20202020545854004E87
:109350004545445F424C20545854002E2E5C2E2E1E
:109360005C2E2E5C736F757263655C6461706C69F2
:109370006E6B5C647261672D6E2D64726F702F76F8
:1093800066735F757365722E63004552524F5200CB
:1093900068747470733A2F2F6D6265642E6F7267F4
:1093A0002F6465766963652F3F636F64653D405543
:1093B0003F76657273696F6E3D40563F74617267A8
:1093C00065745F69643D4054003C21646F63747947
:1093D00070652068746D6C3E0D0A3C212D2D206D4A
:1093E00062656420506C6174666F726D20576562AF
:1093F0007369746520616E642041757468656E746C
:1094000069636174696F6E2053686F7274637574F9
:10941000202D2D3E0D0A3C68746D6C3E0D0A3C6893
:109420006561643E0D0A3C6D65746120636861721C
:109430007365743D227574662D38223E0D0A3C74A6
:1094400069746C653E6D626564205765627369740A
:10945000652053686F72746375743C2F7469746C03
:10946000653E0D0A3C2F686561643E0D0A3C626FE3
:1094700064793E0D0A3C7363726970743E0D0A771D
:10948000696E646F772E6C6F636174696F6E2E7294
:1094900065706C61636528220040520022293B0DF3
:1094A0000A3C2F7363726970743E0D0A3C2F626F21
:1094B00064793E0D0A3C2F68746D6C3E0D0A0065A0
:1094C00072726F7200747970653A20002C2000303F
:1094D00000426F6F746C6F61646572004170706CF4
:1094E00069636174696F6E004173736572740D0A0C
:1094F0000046696C65004C696E6500536F75726358
:10950000650048657864756D70730D0A002320440A
:1095100041504C696E6B204669726D7761726520AF
:109520002D207365652068747470733A2F2F646101
:10953000706C696E6B2E696F0D0A4275696C6420E0
:1095400049443A2076303235382D33372D6762352D
:1095500036373833326520286763632C206C6F639D
:10956000616C206D6F6473290D0A00556E69717509
:10957000652049443A2040550D0A00484943204996
:10958000443A2040440D0A004175746F20526573BF
:109590006574004175746F6D6174696F6E20616CE4
:1095A0006C6F776564004F766572666C6F772064C8
:1095B0006574656374696F6E00496E636F6D706189
:1095C0007469626C6520696D6167652064657465A6
:1095D0006374696F6E0050616765206572617369BD
:1095E0006E67004461706C696E6B204D6F64653A04
:1095F00020496E746572666163650D0A00496E7478
:109600006572666163652056657273696F6E3A2094
:1096100040560D0A00426F6F746C6F616465722072
:1096200056657273696F6E3A20004769742053481B
:10963000413A206235363738333265633230316231
:1096400061623736663736643938306137393538D4
:1096500031303538386536613138310D0A4C6F6339
:10966000616C204D6F64733A20310D0A55534220CE
:10967000496E74657266616365733A204D53442C7C
:10968000204344432C204849442C205765625553BD
:10969000420D0A00426F6F746C6F61646572204303
:1096A000524300496E74657266616365204352439C
:1096B0000052656D6F756E7420636F756E74005522
:1096C000524C3A2040520D0A00696E7465726E6108
:1096D0006C007472616E7369656E74007573657287
:1096E0000074617267657400696E746572666163A7
:1096F0006500415353455254202041435400524584
:109700004652455348204143540045524153452059
:109710002020414354004155544F5F525354434617
:109720004700484152445F52535443464700415515
:10973000544F5F4F4E20434647004155544F5F4FB3
:109740004646434647004F56464C5F4F4E204346E1
:1097500047004F56464C5F4F4646434647004D53E1
:10976000445F4F4E2020434647004D53445F4F46D1
:10977000462043464700434F4D505F4F4E204346DF
:109780004700434F4D505F4F4646434647005041C8
:1097900047455F4F4E2041435400504147455F4F7E
:1097A0004646414354002E2E5C2E2E5C2E2E5C73BA
:1097B0006F757263655C6461706C696E6B5C64721A
:1097C00061672D6E2D64726F702F7669727475618A
:1097D0006C5F66732E6300222A2B2C2E2F3A3B3CA3
:1097E0003D3E3F5B5C5D7C002E2E5C2E2E5C2E2E63
:1097F0005C736F757263655C6461706C696E6B2F0E
:109800006572726F722E63004F7065726174696F5A
:109810006E20776173207375636365737366756C0F
:1098200000416E206572726F7220686173206F63F1
:1098300063757272656400416E20696E7465726E44
:10984000616C206572726F7220686173206F636350
:10985000757272656400416E206572726F72206F5E
:109860006363757272656420647572696E672074D3
:109870006865207472616E73666572005468652055
:109880007472616E736665722074696D6564206FB1
:1098900075742E00506F737369626C65206D697307
:1098A0006D61746368206265747765656E206669B2
:1098B0006C652073697A6520616E642073697A65CE
:1098C0002070726F6772616D6D65640046696C65CA
:1098D0002073656E74206F7574206F66206F7264DC
:1098E00065722062792050432E205461726765743E
:1098F000206D69676874206E6F74206265207072D5
:109900006F6772616D6D656420636F7272656374F9
:109910006C792E004661696C656420746F207265F5
:109920007365742F68616C7420746865207461724B
:10993000676574204D4355004661696C6564207409
:109940006F20646F776E6C6F616420666C61736802
:1099500020616C676F726974686D20746F20746128
:1099600072676574204D435500466C6173682061D1
:109970006C676F726974686D206D697373696E6767
:1099800020666F72206120726567696F6E004661A4
:10999000696C656420746F20646F776E6C6F6164AE
:1099A0002074686520666C6173682064617461204E
:1099B000636F6E74656E747320746F2062652070BF
:1099C000726F6772616D6D6564004661696C656494
:1099D00020746F20696E697469616C697A6520749E
:1099E000686520746172676574204D435500466157
:1099F000696C656420746F20756E696E6974696145
:109A00006C697A652074686520746172676574207A
:109A10004D43550050726F6772616D6D696E6720BE
:109A200061626F727465643A20696D616765207761
:109A30006F756C64206C6F636B2074617267657402
:109A4000204D4355004661696C656420746F207534
:109A50006E6C6F636B20746172676574204D435543
:109A600020666F722070726F6772616D6D696E67CC
:109A700000466C61736820616C676F726974686D11
:109A800020657261736520736563746F7220636F04
:109A90006D6D616E64204641494C55524500466CDF
:109AA00061736820616C676F726974686D2065729C
:109AB00061736520616C6C20636F6D6D616E6420F5
:109AC0004641494C55524500466C61736820616CB3
:109AD000676F726974686D20777269746520636F4F
:109AE0006D6D616E64204641494C55524500466C8F
:109AF00061736820616C676F726974686D2077723A
:109B00006974652076657269667920636F6D6D6131
:109B10006E64204641494C55524500456E64206FA5
:109B2000662073747265616D20686173206265657B
:109B30006E207265616368656400456E64206F66BF
:109B40002073747265616D20697320756E6B6E6F22
:109B5000776E00546865206865782066696C6520BA
:109B600063616E6E6F74206265206465636F646507
:109B7000642E20436865636B73756D2063616C634D
:109B8000756C6174696F6E206661696C75726520B1
:109B90006F636375727265642E0054686520686532
:109BA000782066696C652063616E6E6F74206265F3
:109BB000206465636F6465642E2050617273657202
:109BC000206C6F676963206661696C757265206FD0
:109BD000636375727265642E0054686520686578E9
:109BE0002066696C652063616E6E6F74206265200B
:109BF00070726F6772616D6D65642E204C6F67695E
:109C000063206661696C757265206F63637572723B
:109C100065642E00546865206865782066696C6507
:109C200020796F752064726F707065642069736E3F
:109C3000277420636F6D70617469626C6520776949
:109C400074682074686973206D6F6465206F72207A
:109C50006465766963652E2041726520796F752091
:109C6000696E204D41494E54454E414E4345206D4D
:109C70006F64653F205365652048454C5020464140
:109C8000512E48544D0054686520686578206669F7
:109C90006C65206F6666736574206C6F616420610B
:109CA000646472657373206973206E6F7420636FD0
:109CB00072726563742E00546865207374617274E7
:109CC000696E67206164647265737320666F7220C9
:109CD00074686520626F6F746C6F61646572207563
:109CE00070646174652069732077726F6E672E00EF
:109CF000546865207374617274696E67206164646E
:109D00007265737320666F722074686520696E7463
:109D1000657266616365207570646174652069733E
:109D20002077726F6E672E00546865206170706CCA
:109D300069636174696F6E2066696C6520666F7215
:109D40006D617420697320756E6B6E6F776E206124
:109D50006E642063616E6E6F742062652070617244
:109D600073656420616E642F6F722070726F63651B
:109D7000737365642E00546865206170706C69634C
:109D80006174696F6E20696D616765206973206E0B
:109D90006F7420636F6D70617469626C65207769A0
:109DA000746820746865207461726765742E004958
:109DB0006E206170706C69636174696F6E2070727F
:109DC0006F6772616D6D696E6720696E6974696134
:109DD0006C697A6174696F6E206661696C65642E66
:109DE00000496E206170706C69636174696F6E20E8
:109DF00070726F6772616D6D696E6720756E696EE6
:109E00006974206661696C65642E00496E2061701A
:109E1000706C69636174696F6E2070726F677261D4
:109E20006D6D696E67207772697465206661696C13
:109E300065642E00496E206170706C69636174699D
:109E40006F6E2070726F6772616D6D696E672073DF
:109E50006563746F72206572617365206661696CF9
:109E600065642E00496E206170706C69636174696D
:109E70006F6E2070726F6772616D6D696E67206DB5
:109E8000617373206572617365206661696C6564D6
:109E90002E00496E206170706C69636174696F6E29
:109EA0002070726F6772616D6D696E672061626F9D
:109EB000727465642064756520746F20616E206F14
:109EC0007574206F6620626F756E647320616464C0
:109ED000726573732E00496E206170706C696361E6
:109EE00074696F6E2070726F6772616D6D696E67F5
:109EF000206E6F7420737570706F72746564206F5C
:109F00006E2074686973206465766963652E004904
:109F10006E206170706C69636174696F6E2070721D
:109F20006F6772616D6D696E67206661696C6564EB
:109F3000206265636175736520746865207570645F
:109F40006174652073656E742077617320696E6338
:109F50006F6D706C6574652E0054686520626F6F5C
:109F6000746C6F616465722043524320646964209D
:109F70006E6F7420706173732E002E2E5C2E2E5C1B
:109F80002E2E5C736F757263655C6461706C696EB4
:109F90006B5C696E746572666163652F6D61696E75
:109FA0005F696E746572666163652E630033306D40
:109FB00073006D61696E002E2E5C2E2E5C2E2E5C61
:109FC000736F757263655C6461706C696E6B5C69FC
:109FD0006E746572666163652F7461726765745F24
:109FE000666C6173682E630053544D3332463130D2
:109FF0003352420002030405060708090A0B0C0D40
:10A000000E0F1010002E2E5C2E2E5C2E2E5C736F09
:10A01000757263655C6869635F68616C5C73746DBD
:10A0200033325C73746D33326631303378622F664D
:10A030006C6173682E63002E2E5C2E2E5C2E2E5CBF
:10A04000736F757263655C6869635F68616C5C738C
:10A05000746D33325C73746D3332663130337862D1
:10A060002F6770696F2E63002E2E5C2E2E5C2E2EB5
:10A070005C736F757263655C6869635F68616C5C73
:10A0800073746D33325C73746D3332663130337890
:10A09000622F73646B2E63002E2E5C2E2E5C2E2E90
:10A0A0005C736F757263655C6869635F68616C5C43
:10A0B00073746D33325C73746D3332663130337860
:10A0C000622F756172742E63003C4441504C696E7E
:10A0D0006B3A4F766572666C6F773E0A004D42456B
:10A0E00044202020205646532020202020202020BD
:10A0F0002020202020302E31005254582056352E5A
:10A10000352E32002E2E5C2E2E5C2E2E5C736F753B
:10A110007263655C7573625C6869642F75736264F1
:10A120005F757365725F6869642E63002E2E5C2E06
:10A130002E5C2E2E5C736F757263655C7573625C4A
:10A140006D73632F757362645F6D73632E630000BC
:10A150000100010030373030000000000000000036
:10A1600028000020000000000000000000000000A7
:10A1700000000000000000000000000000000000DF
:10A1800000000000000000000000000000000000CF
:10A1900000000000000000000000000000000000BF
:10A1A00000000000000000000000000000000000AF
:10A1B000000000000000000000000000000000009F
:10A1C00000000000000000000000000028910108CD
:10A1D0003B910108322E312E30000000E0A1010831
:10A1E000A1ED000865ED000831EE0008F1EF000870
:10A1F000B9F000084DED0008E9EF000855ED000842
:10A200000000000000000000FFFFFFFFFFFFFFFF56
:10A21000FFFFFFFFFFFFFFFF000000000000000046
:10A22000000000000000000000000003C9960108C3
:10A23000D2960108DC960108E1960108E89601082B
:10A24000CBA2010800000000F29601080100000006
:10A25000FE960108020000000A97010803000000B2
:10A26000169701080400000022970108050000006D
:10A270002E970108060000003A9701080700000029
:10A2800046970108080000005297010809000000E5
:10A290005E9701080A0000006A9701080B000000A1
:10A2A000769701080C000000829701080D0000005D
:10A2B0008E9701080E0000009A9701080F00000019
:10A2C00041535345525420205458545354415254EE
:10A2D0005F424C41435400000000000000000000B9
:10A2E000000100000000764876480000DC837648D4
:10A2F000000000000000000000000000000000005E
:10A30000002800000000000000000000418EBB3269
:10A310000000000000000000790401084104010869
:10A320000002000059040108410401080000000077
:10A3300059040108410401080000000099040108C3
:10A34000B108010800040000EB3C904D5344305329
:10A35000342E310002080100022000501FF80100D5
:10A36000010001000000000000000000000029744E
:10A370001902274441504C494E4B2D444E4446410E
:10A38000543136202020FAB8C0070520018ED0BCF9
:10A390000010B8C0078ED8BE6D00E80B00EBFEB40D
:10A3A0000EB700B307CD10C38A044608C07405E891
:10A3B000EDFFEBF4C3504C454153452052454D4F02
:10A3C0005645205448452041524D204D4245442099
:10A3D0004441504C494E4B20555342204445564928
:10A3E000434520414E44205245424F4F542054484B
:10A3F000452053595354454D2E2E000000000000B7
:10A40000000000000000000000000000000000004C
:10A41000000000000000000000000000000000003C
:10A42000000000000000000000000000000000002C
:10A43000000000000000000000000000000000001C
:10A44000000000000000000000000000000000000C
:10A4500000000000000000000000000000000000FC
:10A4600000000000000000000000000000000000EC
:10A4700000000000000000000000000000000000DC
:10A4800000000000000000000000000000000000CC
:10A4900000000000000000000000000000000000BC
:10A4A00000000000000000000000000000000000AC
:10A4B000000000000000000000000000000000009C
:10A4C000000000000000000000000000000000008C
:10A4D000000000000000000000000000000000007C
:10A4E000000000000000000000000000000000006C
:10A4F000000000000000000000000000000000005C
:10A50000000000000000000000000000000000004B
:10A51000000000000000000000000000000000003B
:10A52000000000000000000000000000000000002B
:10A53000000000000000000000000000000000001B
:10A5400000000000000055AA0001010206020208F6
:10A550000808080808040808080808010106060693
:10A560000404040404041010101010101010101033
:10A5700008980108219801083798010856980108A1
:10A580007C98010894980108CC9801081499010856
:10A5900038990108699901088E990108CA9901083A
:10A5A000EE990108149A0108459A0108719A010868
:10A5B0009E9A0108C89A0108EE9A01081B9B01089F
:10A5C0003A9B0108539B01089A9B0108D99B0108FB
:10A5D000149C0108869C0108B79C0108F09C0108A6
:10A5E000289D0108769D0108AF9D0108E19D0108A5
:10A5F0000B9E0108349E0108649E0108929E01088A
:10A60000D69E01080F9F01086A950108599F01080D
:10A61000AD9F010800000000641A00202000000027
:10A62000B29F010800000000E81D00204400000067
:10A63000881A0020600300001800000000000000DD
:10A640000000000048A60108E12001084D22010891
:10A650001D1F0108AD1E01085D210108212201080E
:10A66000251E0108E91C0108991D010800000000D1
:10A6700000000101010030313233343536373839CA
:10A68000616263646566002100002053000020655C
:10A690000000209F000020DD0000200000000001DD
:10A6A0000000204801002000080020000A002000CF
:10A6B0000000204C010000CCA601080004000000AE
:10A6C00000000000000008000400000000BE0AE0D6
:10A6D0000D782D0668400824400000D35840641EC1
:10A6E000FAD1491C521E002AF2D1704710B5034618
:10A6F0000020444C2060444860604448606020462C
:10A70000C06910F0040F08D145F25550404C20604C
:10A710000620606040F6FF70A060002010BD01467A
:10A720003848006940F08000364A106100207047C8
:10A730003448006940F00400324908610846006965
:10A7400040F04000086103E04AF6AA203049086062
:10A750002C48C06810F0010FF6D12A48006920F09B
:10A760000400284908610020704701462548006917
:10A7700040F00200234A106110464161006940F038
:10A780004000106103E04AF6AA20214A10601D48EB
:10A79000C06810F0010FF6D11A48006920F00200DD
:10A7A000184A10610020704710B50346481C20F07D
:10A7B000010122E01348006940F00100114C2061C2
:10A7C0001088188000BF0F48C06810F0010FFAD140
:10A7D0000C48006920F001000A4C20612046C06846
:10A7E00010F0140F06D02046C06840F01400E0605E
:10A7F000012010BD9B1C921C891E0029DAD100206B
:10A80000F7E700000020024023016745AB89EFCD48
:10A8100000300040000000000000000001020304BE
:10A820000000000000000000010203040607080900
:10A83000040309040803410072006D00240344006E
:10A84000410050004C0069006E006B002000430086
:10A850004D005300490053002D00440041005000BA
:10A860001A03300030003000310041003000300069
:10A870003000300030003000300022036D006200F4
:10A8800065006400200053006500720069006100EB
:10A890006C00200050006F007200740022036D00F5
:10A8A00062006500640020005300650072006900CA
:10A8B00061006C00200050006F00720074001A03E9
:10A8C00043004D005300490053002D004400410057
:10A8D000500020007600310024035700650062001C
:10A8E0005500530042003A00200043004D00530041
:10A8F000490053002D004400410050001003550052
:10A90000530042005F004D0053004300050F390023
:10A91000021810050038B60834A909A0478BFDA01D
:10A92000768815B665000121001C100500DF60DD8A
:10A93000D88945C74C9CD2659D9E648A9F000003C0
:10A9400006AA002000000012011002EF02014028B8
:10A950000D04020001010203010021000600FF09AD
:10A9600001A101150026FF0075089540090181022B
:10A9700095400901910295010901B102C000000052
:10A9800000000000000000008D42010889820108DB
:10A99000C56D0108AD8001081D67010891670108B8
:10A9A00000000000000000000000000000000000A7
:10A9B0000000000000000000000000000000000097
:10A9C0000000000000000000000000000000000087
:10A9D000A1420108000000000000000091420108AF
:10A9E00020211000100040004000040440004000FE
:10A9F000000202024000400001014000400001004E
:10AA000040000101400100000004000000060000B9
:10AA1000000000000000000000000000942600205C
:10AA20003400000044260020500000000000000018
:10AA3000000000009027002044000000C8260020ED
:10AA4000800000002800000000000000000000005E
:10AA50000000000000000000D42700204400000097
:10AA6000482700204800000001000000000000000E
:10AA700000000000000000000000000000000000D6
:10AA800000000000000000000000000000000000C6
:10AA900000000000000000000000000000000000B6
:10AAA00000000000000000000000000000000000A6
:10AAB0000000000000000000000000000000000096
:10AAC0000000000000000000000000000000000086
:10AAD0000000000000000000000000000000000076
:10AAE0000000000000000000000000000000000066
:10AAF0000000000000000000000000000000000056
:10AB00000000000000000000000000000000000045
:10AB10000000000000000000000000000000000035
:10AB20000000000000000000000000000000000025
:10AB30000000000000000000000000000000000015
:10AB40000000000000000000000000000000000005
:10AB500000000000000000000000000000000000F5
:10AB600000000000000000000000000000000000E5
:10AB700000000000000000000000000000000000D5
:10AB800000000000000000000000000000000000C5
:10AB900000000000000000000000000000000000B5
:10ABA00000000000000000000000000000000000A5
:10ABB0000000000000000000000000000000000095
:10ABC0000000000000000000000000000000000085
:10ABD0000000000000000000000000000000000075
:10ABE0000000000000000000000000000000000065
:10ABF0000000000000000000000000000000000055
:10AC00000000000000000000000000000000000044
:10AC10000000000000000000000000000000000034
:10AC20000000000000000000000000000000000024
:10AC30000000000000000000000000000000000014
:10AC40000000000000000000000000000000000004
:10AC500000000000000000000000000000000000F4
:10AC600000000000000000000000000000000000E4
:10AC700000000000000000000000000000000000D4
:10AC800000000000000000000000000000000000C4
:10AC900000000000000000000000000000000000B4
:10ACA00000000000000000000000000000000000A4
:10ACB0000000000000000000000000000000000094
:10ACC0000000000000000000000000000000000084
:10ACD0000000000000000000000000000000000074
:10ACE0000000000000000000000000000000000064
:10ACF0000000000000000000000000000000000054
:10AD0000000000000000000003000200040000003A
:10AD10000000000000000000000000000000000033
:10AD20000000000000000000000000000000000023
:10AD3000000000000200020001000000000000000E
:10AD40000000000000000000000000000000000003
:10AD500000000000000000000000000000000000F3
:10AD600001000100000000000000000000000000E1
:10AD700000000000000000000000000000000000D3
:10AD8000000000000000000000000000F8B500BF57
:10AD9000F8BC08BC9E467047F8B500BFF8BC08BCBC
:10ADA0009E4670475C16FF7F010000001DC600082C
:10ADB000F5C50008EDE20008DBE20008FFE200084C
:10ADC00009E20008DFE20008BDE200080DE2000829
:10ADD000B1E30008010101000400000001000000CF
:10ADE000C3A60108010000000000000800000208DE
:10ADF000010000000000000087A60108000000001C
:10AE00000000000000000000000000000000000042
:10AE10000000000000000000000000000000000032
:10AE20000000000000000000000000000000000022
:10AE30000000000000000000000000000000000012
:10AE40000000000000000000000000000000000002
:10AE500000000000000000000000000000000000F2
:10AE600000000000000000000000000000000000E2
:10AE700000000000000000000000000000000000D2
:10AE800000000000000000000000000000000000C2
:10AE900000000000000000000000000000000000B2
:10AEA00000000000000000000000000000000000A2
:10AEB0000000002000500020000000000000000002
:10AEC0000000000000000000000000000000000082
:10AED0000000000000000000000000000000000072
:10AEE0000000000000000000000000000000000062
:10AEF0000000000000000000000000000000000052
:10AF00000000000000000000000000000000000041
:10AF10000000000000000000000000000000000031
:10AF20000000000000000000000000000000000021
:10AF30000000000000000000000000000000000011
:10AF40000000000000000000000000000000000001
:10AF500000000000000000000000000000000000F1
:10AF600000000000000000000000000000000000E1
:10AF700000000000000000000000000000000000D1
:10AF800028910108E89F010800A24A0480250000DA
:10AF9000080000002C03016F732E6D6265642E6340
:10AFA0006F6D2F7765627573622F6C616E64696E69
:10AFB000672D706167652F3F6269643D0000000086
:10AFC0001303016F732E6D6265642E636F6D2F0026
:10AFD0000000000A00000000000306AA00080002AA
:10AFE000000000A0001400030057494E55534200D2
:10AFF0000000000000000000008400040007002A98
:10B000000044006500760069006300650049006E39
:10B01000007400650072006600610063006500470F
:10B02000005500490044007300000050007B0039C7
:10B030000032004300450036003400360032002D57
:10B040000039004300370037002D00340036004639
:10B050000045002D0039003300330042002D00333D
:10B0600000310043004200390043003500410041F7
:10B07000003300420039007D0000000000006B003A
:10B08000DDA001080500000000600040F9A00108F3
:10B09000D2B3FB020000000000000000000000002E
:10B0A00000000000000000000000000000000000A0
:10B0B0000000000000000000000000000000000090
:10B0C0000000000000000000000000000000000080
:10B0D0000000000000000000000000000000000070
:10B0E0000000000000000000000000000000000060
:10B0F0000000000000000000000000000000000050
:10B10000000000000000000000000000000000003F
:10B11000000000000000000000000000000000002F
:10B12000000000000000000000000000000000001F
:10B1300060AD010834AD010808AD0108DCAC0108C0
:10B14000B0AC010884AC010858AC0108D4AB0108CC
:10B150002CAC010800AC0108A8AB01087CAB0108CD
:10B1600050AB010824AB0108F8AA0108CCAA0108D9
:10B17000A0AA010874AA0108FFFFFFFFFFFFFFFF5D
:10B18000FFFFFFFFFFFFFFFFFFFFFFFFFFFFFFFFCF
:10B19000FFFFFFFFFFFFFFFFFFFFFFFFFFFFFFFFBF
:10B1A000FFFFFFFFFFFFFFFFFFFFFFFFFFFFFFFFAF
:10B1B000FFFFFFFFFFFFFFFFFFFFFFFFFFFFFFFF9F
:10B1C000FFFFFFFFFFFFFFFFFFFFFFFFFFFFFFFF8F
:10B1D000FFFFFFFFFFFFFFFFFFFFFFFFFFFFFFFF7F
:10B1E000FFFFFFFFFFFFFFFFFFFFFFFFFFFFFFFF6F
:10B1F000FFFFFFFFFFFFFFFFFFFFFFFFFFFFFFFF5F
:10B20000FFFFFFFFFFFFFFFFFFFFFFFFFFFFFFFF4E
:10B21000FFFFFFFFFFFFFFFFFFFFFFFFFFFFFFFF3E
:10B22000FFFFFFFFFFFFFFFFFFFFFFFFFFFFFFFF2E
:10B23000FFFFFFFFFFFFFFFFFFFFFFFFFFFFFFFF1E
:10B24000FFFFFFFFFFFFFFFFFFFFFFFFFFFFFFFF0E
:10B25000FFFFFFFFFFFFFFFFFFFFFFFFFFFFFFFFFE
:10B26000FFFFFFFFFFFFFFFFFFFFFFFFFFFFFFFFEE
:10B27000FFFFFFFFFFFFFFFFFFFFFFFFFFFFFFFFDE
:10B28000FFFFFFFFFFFFFFFFFFFFFFFFFFFFFFFFCE
:10B29000FFFFFFFFFFFFFFFFFFFFFFFFFFFFFFFFBE
:10B2A000FFFFFFFFFFFFFFFFFFFFFFFFFFFFFFFFAE
:10B2B000FFFFFFFFFFFFFFFFFFFFFFFFFFFFFFFF9E
:10B2C000FFFFFFFFFFFFFFFFFFFFFFFFFFFFFFFF8E
:10B2D000FFFFFFFFFFFFFFFFFFFFFFFFFFFFFFFF7E
:10B2E000FFFFFFFFFFFFFFFFFFFFFFFFFFFFFFFF6E
:10B2F000FFFFFFFFFFFFFFFFFFFFFFFFFFFFFFFF5E
:10B30000FFFFFFFFFFFFFFFFFFFFFFFFFFFFFFFF4D
:10B31000FFFFFFFFFFFFFFFFFFFFFFFFFFFFFFFF3D
:10B32000FFFFFFFFFFFFFFFFFFFFFFFFFFFFFFFF2D
:10B33000FFFFFFFFFFFFFFFFFFFFFFFFFFFFFFFF1D
:10B34000FFFFFFFFFFFFFFFFFFFFFFFFFFFFFFFF0D
:10B35000FFFFFFFFFFFFFFFFFFFFFFFFFFFFFFFFFD
:10B36000FFFFFFFFFFFFFFFFFFFFFFFFFFFFFFFFED
:10B37000FFFFFFFFFFFFFFFFFFFFFFFFFFFFFFFFDD
:10B38000FFFFFFFFFFFFFFFFFFFFFFFFFFFFFFFFCD
:10B39000FFFFFFFFFFFFFFFFFFFFFFFFFFFFFFFFBD
:10B3A000FFFFFFFFFFFFFFFFFFFFFFFFFFFFFFFFAD
:10B3B000FFFFFFFFFFFFFFFFFFFFFFFFFFFFFFFF9D
:10B3C000FFFFFFFFFFFFFFFFFFFFFFFFFFFFFFFF8D
:10B3D000FFFFFFFFFFFFFFFFFFFFFFFFFFFFFFFF7D
:10B3E000FFFFFFFFFFFFFFFFFFFFFFFFFFFFFFFF6D
:10B3F000FFFFFFFFFFFFFFFFFFFFFFFFFFFFFFFF5D
:10B40000FFFFFFFFFFFFFFFFFFFFFFFFFFFFFFFF4C
:10B41000FFFFFFFFFFFFFFFFFFFFFFFFFFFFFFFF3C
:10B42000FFFFFFFFFFFFFFFFFFFFFFFFFFFFFFFF2C
:10B43000FFFFFFFFFFFFFFFFFFFFFFFFFFFFFFFF1C
:10B44000FFFFFFFFFFFFFFFFFFFFFFFFFFFFFFFF0C
:10B45000FFFFFFFFFFFFFFFFFFFFFFFFFFFFFFFFFC
:10B46000FFFFFFFFFFFFFFFFFFFFFFFFFFFFFFFFEC
:10B47000FFFFFFFFFFFFFFFFFFFFFFFFFFFFFFFFDC
:10B48000FFFFFFFFFFFFFFFFFFFFFFFFFFFFFFFFCC
:10B49000FFFFFFFFFFFFFFFFFFFFFFFFFFFFFFFFBC
:10B4A000FFFFFFFFFFFFFFFFFFFFFFFFFFFFFFFFAC
:10B4B000FFFFFFFFFFFFFFFFFFFFFFFFFFFFFFFF9C
:10B4C000FFFFFFFFFFFFFFFFFFFFFFFFFFFFFFFF8C
:10B4D000FFFFFFFFFFFFFFFFFFFFFFFFFFFFFFFF7C
:10B4E000FFFFFFFFFFFFFFFFFFFFFFFFFFFFFFFF6C
:10B4F000FFFFFFFFFFFFFFFFFFFFFFFFFFFFFFFF5C
:10B50000FFFFFFFFFFFFFFFFFFFFFFFFFFFFFFFF4B
:10B51000FFFFFFFFFFFFFFFFFFFFFFFFFFFFFFFF3B
:10B52000FFFFFFFFFFFFFFFFFFFFFFFFFFFFFFFF2B
:10B53000FFFFFFFFFFFFFFFFFFFFFFFFFFFFFFFF1B
:10B54000FFFFFFFFFFFFFFFFFFFFFFFFFFFFFFFF0B
:10B55000FFFFFFFFFFFFFFFFFFFFFFFFFFFFFFFFFB
:10B56000FFFFFFFFFFFFFFFFFFFFFFFFFFFFFFFFEB
:10B57000FFFFFFFFFFFFFFFFFFFFFFFFFFFFFFFFDB
:10B58000FFFFFFFFFFFFFFFFFFFFFFFFFFFFFFFFCB
:10B59000FFFFFFFFFFFFFFFFFFFFFFFFFFFFFFFFBB
:10B5A000FFFFFFFFFFFFFFFFFFFFFFFFFFFFFFFFAB
:10B5B000FFFFFFFFFFFFFFFFFFFFFFFFFFFFFFFF9B
:10B5C000FFFFFFFFFFFFFFFFFFFFFFFFFFFFFFFF8B
:10B5D000FFFFFFFFFFFFFFFFFFFFFFFFFFFFFFFF7B
:10B5E000FFFFFFFFFFFFFFFFFFFFFFFFFFFFFFFF6B
:10B5F000FFFFFFFFFFFFFFFFFFFFFFFFFFFFFFFF5B
:10B60000FFFFFFFFFFFFFFFFFFFFFFFFFFFFFFFF4A
:10B61000FFFFFFFFFFFFFFFFFFFFFFFFFFFFFFFF3A
:10B62000FFFFFFFFFFFFFFFFFFFFFFFFFFFFFFFF2A
:10B63000FFFFFFFFFFFFFFFFFFFFFFFFFFFFFFFF1A
:10B64000FFFFFFFFFFFFFFFFFFFFFFFFFFFFFFFF0A
:10B65000FFFFFFFFFFFFFFFFFFFFFFFFFFFFFFFFFA
:10B66000FFFFFFFFFFFFFFFFFFFFFFFFFFFFFFFFEA
:10B67000FFFFFFFFFFFFFFFFFFFFFFFFFFFFFFFFDA
:10B68000FFFFFFFFFFFFFFFFFFFFFFFFFFFFFFFFCA
:10B69000FFFFFFFFFFFFFFFFFFFFFFFFFFFFFFFFBA
:10B6A000FFFFFFFFFFFFFFFFFFFFFFFFFFFFFFFFAA
:10B6B000FFFFFFFFFFFFFFFFFFFFFFFFFFFFFFFF9A
:10B6C000FFFFFFFFFFFFFFFFFFFFFFFFFFFFFFFF8A
:10B6D000FFFFFFFFFFFFFFFFFFFFFFFFFFFFFFFF7A
:10B6E000FFFFFFFFFFFFFFFFFFFFFFFFFFFFFFFF6A
:10B6F000FFFFFFFFFFFFFFFFFFFFFFFFFFFFFFFF5A
:10B70000FFFFFFFFFFFFFFFFFFFFFFFFFFFFFFFF49
:10B71000FFFFFFFFFFFFFFFFFFFFFFFFFFFFFFFF39
:10B72000FFFFFFFFFFFFFFFFFFFFFFFFFFFFFFFF29
:10B73000FFFFFFFFFFFFFFFFFFFFFFFFFFFFFFFF19
:10B74000FFFFFFFFFFFFFFFFFFFFFFFFFFFFFFFF09
:10B75000FFFFFFFFFFFFFFFFFFFFFFFFFFFFFFFFF9
:10B76000FFFFFFFFFFFFFFFFFFFFFFFFFFFFFFFFE9
:10B77000FFFFFFFFFFFFFFFFFFFFFFFFFFFFFFFFD9
:10B78000FFFFFFFFFFFFFFFFFFFFFFFFFFFFFFFFC9
:10B79000FFFFFFFFFFFFFFFFFFFFFFFFFFFFFFFFB9
:10B7A000FFFFFFFFFFFFFFFFFFFFFFFFFFFFFFFFA9
:10B7B000FFFFFFFFFFFFFFFFFFFFFFFFFFFFFFFF99
:10B7C000FFFFFFFFFFFFFFFFFFFFFFFFFFFFFFFF89
:10B7D000FFFFFFFFFFFFFFFFFFFFFFFFFFFFFFFF79
:10B7E000FFFFFFFFFFFFFFFFFFFFFFFFFFFFFFFF69
:10B7F000FFFFFFFFFFFFFFFFFFFFFFFFFFFFFFFF59
:10B80000FFFFFFFFFFFFFFFFFFFFFFFFFFFFFFFF48
:10B81000FFFFFFFFFFFFFFFFFFFFFFFFFFFFFFFF38
:10B82000FFFFFFFFFFFFFFFFFFFFFFFFFFFFFFFF28
:10B83000FFFFFFFFFFFFFFFFFFFFFFFFFFFFFFFF18
:10B84000FFFFFFFFFFFFFFFFFFFFFFFFFFFFFFFF08
:10B85000FFFFFFFFFFFFFFFFFFFFFFFFFFFFFFFFF8
:10B86000FFFFFFFFFFFFFFFFFFFFFFFFFFFFFFFFE8
:10B87000FFFFFFFFFFFFFFFFFFFFFFFFFFFFFFFFD8
:10B88000FFFFFFFFFFFFFFFFFFFFFFFFFFFFFFFFC8
:10B89000FFFFFFFFFFFFFFFFFFFFFFFFFFFFFFFFB8
:10B8A000FFFFFFFFFFFFFFFFFFFFFFFFFFFFFFFFA8
:10B8B000FFFFFFFFFFFFFFFFFFFFFFFFFFFFFFFF98
:10B8C000FFFFFFFFFFFFFFFFFFFFFFFFFFFFFFFF88
:10B8D000FFFFFFFFFFFFFFFFFFFFFFFFFFFFFFFF78
:10B8E000FFFFFFFFFFFFFFFFFFFFFFFFFFFFFFFF68
:10B8F000FFFFFFFFFFFFFFFFFFFFFFFFFFFFFFFF58
:10B90000FFFFFFFFFFFFFFFFFFFFFFFFFFFFFFFF47
:10B91000FFFFFFFFFFFFFFFFFFFFFFFFFFFFFFFF37
:10B92000FFFFFFFFFFFFFFFFFFFFFFFFFFFFFFFF27
:10B93000FFFFFFFFFFFFFFFFFFFFFFFFFFFFFFFF17
:10B94000FFFFFFFFFFFFFFFFFFFFFFFFFFFFFFFF07
:10B95000FFFFFFFFFFFFFFFFFFFFFFFFFFFFFFFFF7
:10B96000FFFFFFFFFFFFFFFFFFFFFFFFFFFFFFFFE7
:10B97000FFFFFFFFFFFFFFFFFFFFFFFFFFFFFFFFD7
:10B98000FFFFFFFFFFFFFFFFFFFFFFFFFFFFFFFFC7
:10B99000FFFFFFFFFFFFFFFFFFFFFFFFFFFFFFFFB7
:10B9A000FFFFFFFFFFFFFFFFFFFFFFFFFFFFFFFFA7
:10B9B000FFFFFFFFFFFFFFFFFFFFFFFFFFFFFFFF97
:10B9C000FFFFFFFFFFFFFFFFFFFFFFFFFFFFFFFF87
:10B9D000FFFFFFFFFFFFFFFFFFFFFFFFFFFFFFFF77
:10B9E000FFFFFFFFFFFFFFFFFFFFFFFFFFFFFFFF67
:10B9F000FFFFFFFFFFFFFFFFFFFFFFFFFFFFFFFF57
:10BA0000FFFFFFFFFFFFFFFFFFFFFFFFFFFFFFFF46
:10BA1000FFFFFFFFFFFFFFFFFFFFFFFFFFFFFFFF36
:10BA2000FFFFFFFFFFFFFFFFFFFFFFFFFFFFFFFF26
:10BA3000FFFFFFFFFFFFFFFFFFFFFFFFFFFFFFFF16
:10BA4000FFFFFFFFFFFFFFFFFFFFFFFFFFFFFFFF06
:10BA5000FFFFFFFFFFFFFFFFFFFFFFFFFFFFFFFFF6
:10BA6000FFFFFFFFFFFFFFFFFFFFFFFFFFFFFFFFE6
:10BA7000FFFFFFFFFFFFFFFFFFFFFFFFFFFFFFFFD6
:10BA8000FFFFFFFFFFFFFFFFFFFFFFFFFFFFFFFFC6
:10BA9000FFFFFFFFFFFFFFFFFFFFFFFFFFFFFFFFB6
:10BAA000FFFFFFFFFFFFFFFFFFFFFFFFFFFFFFFFA6
:10BAB000FFFFFFFFFFFFFFFFFFFFFFFFFFFFFFFF96
:10BAC000FFFFFFFFFFFFFFFFFFFFFFFFFFFFFFFF86
:10BAD000FFFFFFFFFFFFFFFFFFFFFFFFFFFFFFFF76
:10BAE000FFFFFFFFFFFFFFFFFFFFFFFFFFFFFFFF66
:10BAF000FFFFFFFFFFFFFFFFFFFFFFFFFFFFFFFF56
:10BB0000FFFFFFFFFFFFFFFFFFFFFFFFFFFFFFFF45
:10BB1000FFFFFFFFFFFFFFFFFFFFFFFFFFFFFFFF35
:10BB2000FFFFFFFFFFFFFFFFFFFFFFFFFFFFFFFF25
:10BB3000FFFFFFFFFFFFFFFFFFFFFFFFFFFFFFFF15
:10BB4000FFFFFFFFFFFFFFFFFFFFFFFFFFFFFFFF05
:10BB5000FFFFFFFFFFFFFFFFFFFFFFFFFFFFFFFFF5
:10BB6000FFFFFFFFFFFFFFFFFFFFFFFFFFFFFFFFE5
:10BB7000FFFFFFFFFFFFFFFFFFFFFFFFFFFFFFFFD5
:10BB8000FFFFFFFFFFFFFFFFFFFFFFFFFFFFFFFFC5
:10BB9000FFFFFFFFFFFFFFFFFFFFFFFFFFFFFFFFB5
:10BBA000FFFFFFFFFFFFFFFFFFFFFFFFFFFFFFFFA5
:10BBB000FFFFFFFFFFFFFFFFFFFFFFFFFFFFFFFF95
:10BBC000FFFFFFFFFFFFFFFFFFFFFFFFFFFFFFFF85
:10BBD000FFFFFFFFFFFFFFFFFFFFFFFFFFFFFFFF75
:10BBE000FFFFFFFFFFFFFFFFFFFFFFFFFFFFFFFF65
:10BBF000FFFFFFFFFFFFFFFFFFFFFFFFFFFFFFFF55
:10BC0000FFFFFFFFFFFFFFFFFFFFFFFFFFFFFFFF44
:10BC1000FFFFFFFFFFFFFFFFFFFFFFFFFFFFFFFF34
:10BC2000FFFFFFFFFFFFFFFFFFFFFFFFFFFFFFFF24
:10BC3000FFFFFFFFFFFFFFFFFFFFFFFFFFFFFFFF14
:10BC4000FFFFFFFFFFFFFFFFFFFFFFFFFFFFFFFF04
:10BC5000FFFFFFFFFFFFFFFFFFFFFFFFFFFFFFFFF4
:10BC6000FFFFFFFFFFFFFFFFFFFFFFFFFFFFFFFFE4
:10BC7000FFFFFFFFFFFFFFFFFFFFFFFFFFFFFFFFD4
:10BC8000FFFFFFFFFFFFFFFFFFFFFFFFFFFFFFFFC4
:10BC9000FFFFFFFFFFFFFFFFFFFFFFFFFFFFFFFFB4
:10BCA000FFFFFFFFFFFFFFFFFFFFFFFFFFFFFFFFA4
:10BCB000FFFFFFFFFFFFFFFFFFFFFFFFFFFFFFFF94
:10BCC000FFFFFFFFFFFFFFFFFFFFFFFFFFFFFFFF84
:10BCD000FFFFFFFFFFFFFFFFFFFFFFFFFFFFFFFF74
:10BCE000FFFFFFFFFFFFFFFFFFFFFFFFFFFFFFFF64
:10BCF000FFFFFFFFFFFFFFFFFFFFFFFFFFFFFFFF54
:10BD0000FFFFFFFFFFFFFFFFFFFFFFFFFFFFFFFF43
:10BD1000FFFFFFFFFFFFFFFFFFFFFFFFFFFFFFFF33
:10BD2000FFFFFFFFFFFFFFFFFFFFFFFFFFFFFFFF23
:10BD3000FFFFFFFFFFFFFFFFFFFFFFFFFFFFFFFF13
:10BD4000FFFFFFFFFFFFFFFFFFFFFFFFFFFFFFFF03
:10BD5000FFFFFFFFFFFFFFFFFFFFFFFFFFFFFFFFF3
:10BD6000FFFFFFFFFFFFFFFFFFFFFFFFFFFFFFFFE3
:10BD7000FFFFFFFFFFFFFFFFFFFFFFFFFFFFFFFFD3
:10BD8000FFFFFFFFFFFFFFFFFFFFFFFFFFFFFFFFC3
:10BD9000FFFFFFFFFFFFFFFFFFFFFFFFFFFFFFFFB3
:10BDA000FFFFFFFFFFFFFFFFFFFFFFFFFFFFFFFFA3
:10BDB000FFFFFFFFFFFFFFFFFFFFFFFFFFFFFFFF93
:10BDC000FFFFFFFFFFFFFFFFFFFFFFFFFFFFFFFF83
:10BDD000FFFFFFFFFFFFFFFFFFFFFFFFFFFFFFFF73
:10BDE000FFFFFFFFFFFFFFFFFFFFFFFFFFFFFFFF63
:10BDF000FFFFFFFFFFFFFFFFFFFFFFFFFFFFFFFF53
:10BE0000FFFFFFFFFFFFFFFFFFFFFFFFFFFFFFFF42
:10BE1000FFFFFFFFFFFFFFFFFFFFFFFFFFFFFFFF32
:10BE2000FFFFFFFFFFFFFFFFFFFFFFFFFFFFFFFF22
:10BE3000FFFFFFFFFFFFFFFFFFFFFFFFFFFFFFFF12
:10BE4000FFFFFFFFFFFFFFFFFFFFFFFFFFFFFFFF02
:10BE5000FFFFFFFFFFFFFFFFFFFFFFFFFFFFFFFFF2
:10BE6000FFFFFFFFFFFFFFFFFFFFFFFFFFFFFFFFE2
:10BE7000FFFFFFFFFFFFFFFFFFFFFFFFFFFFFFFFD2
:10BE8000FFFFFFFFFFFFFFFFFFFFFFFFFFFFFFFFC2
:10BE9000FFFFFFFFFFFFFFFFFFFFFFFFFFFFFFFFB2
:10BEA000FFFFFFFFFFFFFFFFFFFFFFFFFFFFFFFFA2
:10BEB000FFFFFFFFFFFFFFFFFFFFFFFFFFFFFFFF92
:10BEC000FFFFFFFFFFFFFFFFFFFFFFFFFFFFFFFF82
:10BED000FFFFFFFFFFFFFFFFFFFFFFFFFFFFFFFF72
:10BEE000FFFFFFFFFFFFFFFFFFFFFFFFFFFFFFFF62
:10BEF000FFFFFFFFFFFFFFFFFFFFFFFFFFFFFFFF52
:10BF0000FFFFFFFFFFFFFFFFFFFFFFFFFFFFFFFF41
:10BF1000FFFFFFFFFFFFFFFFFFFFFFFFFFFFFFFF31
:10BF2000FFFFFFFFFFFFFFFFFFFFFFFFFFFFFFFF21
:10BF3000FFFFFFFFFFFFFFFFFFFFFFFFFFFFFFFF11
:10BF4000FFFFFFFFFFFFFFFFFFFFFFFFFFFFFFFF01
:10BF5000FFFFFFFFFFFFFFFFFFFFFFFFFFFFFFFFF1
:10BF6000FFFFFFFFFFFFFFFFFFFFFFFFFFFFFFFFE1
:10BF7000FFFFFFFFFFFFFFFFFFFFFFFFFFFFFFFFD1
:10BF8000FFFFFFFFFFFFFFFFFFFFFFFFFFFFFFFFC1
:10BF9000FFFFFFFFFFFFFFFFFFFFFFFFFFFFFFFFB1
:10BFA000FFFFFFFFFFFFFFFFFFFFFFFFFFFFFFFFA1
:10BFB000FFFFFFFFFFFFFFFFFFFFFFFFFFFFFFFF91
:10BFC000FFFFFFFFFFFFFFFFFFFFFFFFFFFFFFFF81
:10BFD000FFFFFFFFFFFFFFFFFFFFFFFFFFFFFFFF71
:10BFE000FFFFFFFFFFFFFFFFFFFFFFFFFFFFFFFF61
:10BFF000FFFFFFFFFFFFFFFFFFFFFFFFFFFFFFFF51
:10C00000FFFFFFFFFFFFFFFFFFFFFFFFFFFFFFFF40
:10C01000FFFFFFFFFFFFFFFFFFFFFFFFFFFFFFFF30
:10C02000FFFFFFFFFFFFFFFFFFFFFFFFFFFFFFFF20
:10C03000FFFFFFFFFFFFFFFFFFFFFFFFFFFFFFFF10
:10C04000FFFFFFFFFFFFFFFFFFFFFFFFFFFFFFFF00
:10C05000FFFFFFFFFFFFFFFFFFFFFFFFFFFFFFFFF0
:10C06000FFFFFFFFFFFFFFFFFFFFFFFFFFFFFFFFE0
:10C07000FFFFFFFFFFFFFFFFFFFFFFFFFFFFFFFFD0
:10C08000FFFFFFFFFFFFFFFFFFFFFFFFFFFFFFFFC0
:10C09000FFFFFFFFFFFFFFFFFFFFFFFFFFFFFFFFB0
:10C0A000FFFFFFFFFFFFFFFFFFFFFFFFFFFFFFFFA0
:10C0B000FFFFFFFFFFFFFFFFFFFFFFFFFFFFFFFF90
:10C0C000FFFFFFFFFFFFFFFFFFFFFFFFFFFFFFFF80
:10C0D000FFFFFFFFFFFFFFFFFFFFFFFFFFFFFFFF70
:10C0E000FFFFFFFFFFFFFFFFFFFFFFFFFFFFFFFF60
:10C0F000FFFFFFFFFFFFFFFFFFFFFFFFFFFFFFFF50
:10C10000FFFFFFFFFFFFFFFFFFFFFFFFFFFFFFFF3F
:10C11000FFFFFFFFFFFFFFFFFFFFFFFFFFFFFFFF2F
:10C12000FFFFFFFFFFFFFFFFFFFFFFFFFFFFFFFF1F
:10C13000FFFFFFFFFFFFFFFFFFFFFFFFFFFFFFFF0F
:10C14000FFFFFFFFFFFFFFFFFFFFFFFFFFFFFFFFFF
:10C15000FFFFFFFFFFFFFFFFFFFFFFFFFFFFFFFFEF
:10C16000FFFFFFFFFFFFFFFFFFFFFFFFFFFFFFFFDF
:10C17000FFFFFFFFFFFFFFFFFFFFFFFFFFFFFFFFCF
:10C18000FFFFFFFFFFFFFFFFFFFFFFFFFFFFFFFFBF
:10C19000FFFFFFFFFFFFFFFFFFFFFFFFFFFFFFFFAF
:10C1A000FFFFFFFFFFFFFFFFFFFFFFFFFFFFFFFF9F
:10C1B000FFFFFFFFFFFFFFFFFFFFFFFFFFFFFFFF8F
:10C1C000FFFFFFFFFFFFFFFFFFFFFFFFFFFFFFFF7F
:10C1D000FFFFFFFFFFFFFFFFFFFFFFFFFFFFFFFF6F
:10C1E000FFFFFFFFFFFFFFFFFFFFFFFFFFFFFFFF5F
:10C1F000FFFFFFFFFFFFFFFFFFFFFFFFFFFFFFFF4F
:10C20000FFFFFFFFFFFFFFFFFFFFFFFFFFFFFFFF3E
:10C21000FFFFFFFFFFFFFFFFFFFFFFFFFFFFFFFF2E
:10C22000FFFFFFFFFFFFFFFFFFFFFFFFFFFFFFFF1E
:10C23000FFFFFFFFFFFFFFFFFFFFFFFFFFFFFFFF0E
:10C24000FFFFFFFFFFFFFFFFFFFFFFFFFFFFFFFFFE
:10C25000FFFFFFFFFFFFFFFFFFFFFFFFFFFFFFFFEE
:10C26000FFFFFFFFFFFFFFFFFFFFFFFFFFFFFFFFDE
:10C27000FFFFFFFFFFFFFFFFFFFFFFFFFFFFFFFFCE
:10C28000FFFFFFFFFFFFFFFFFFFFFFFFFFFFFFFFBE
:10C29000FFFFFFFFFFFFFFFFFFFFFFFFFFFFFFFFAE
:10C2A000FFFFFFFFFFFFFFFFFFFFFFFFFFFFFFFF9E
:10C2B000FFFFFFFFFFFFFFFFFFFFFFFFFFFFFFFF8E
:10C2C000FFFFFFFFFFFFFFFFFFFFFFFFFFFFFFFF7E
:10C2D000FFFFFFFFFFFFFFFFFFFFFFFFFFFFFFFF6E
:10C2E000FFFFFFFFFFFFFFFFFFFFFFFFFFFFFFFF5E
:10C2F000FFFFFFFFFFFFFFFFFFFFFFFFFFFFFFFF4E
:10C30000FFFFFFFFFFFFFFFFFFFFFFFFFFFFFFFF3D
:10C31000FFFFFFFFFFFFFFFFFFFFFFFFFFFFFFFF2D
:10C32000FFFFFFFFFFFFFFFFFFFFFFFFFFFFFFFF1D
:10C33000FFFFFFFFFFFFFFFFFFFFFFFFFFFFFFFF0D
:10C34000FFFFFFFFFFFFFFFFFFFFFFFFFFFFFFFFFD
:10C35000FFFFFFFFFFFFFFFFFFFFFFFFFFFFFFFFED
:10C36000FFFFFFFFFFFFFFFFFFFFFFFFFFFFFFFFDD
:10C37000FFFFFFFFFFFFFFFFFFFFFFFFFFFFFFFFCD
:10C38000FFFFFFFFFFFFFFFFFFFFFFFFFFFFFFFFBD
:10C39000FFFFFFFFFFFFFFFFFFFFFFFFFFFFFFFFAD
:10C3A000FFFFFFFFFFFFFFFFFFFFFFFFFFFFFFFF9D
:10C3B000FFFFFFFFFFFFFFFFFFFFFFFFFFFFFFFF8D
:10C3C000FFFFFFFFFFFFFFFFFFFFFFFFFFFFFFFF7D
:10C3D000FFFFFFFFFFFFFFFFFFFFFFFFFFFFFFFF6D
:10C3E000FFFFFFFFFFFFFFFFFFFFFFFFFFFFFFFF5D
:10C3F000FFFFFFFFFFFFFFFFFFFFFFFFFFFFFFFF4D
:10C40000FFFFFFFFFFFFFFFFFFFFFFFFFFFFFFFF3C
:10C41000FFFFFFFFFFFFFFFFFFFFFFFFFFFFFFFF2C
:10C42000FFFFFFFFFFFFFFFFFFFFFFFFFFFFFFFF1C
:10C43000FFFFFFFFFFFFFFFFFFFFFFFFFFFFFFFF0C
:10C44000FFFFFFFFFFFFFFFFFFFFFFFFFFFFFFFFFC
:10C45000FFFFFFFFFFFFFFFFFFFFFFFFFFFFFFFFEC
:10C46000FFFFFFFFFFFFFFFFFFFFFFFFFFFFFFFFDC
:10C47000FFFFFFFFFFFFFFFFFFFFFFFFFFFFFFFFCC
:10C48000FFFFFFFFFFFFFFFFFFFFFFFFFFFFFFFFBC
:10C49000FFFFFFFFFFFFFFFFFFFFFFFFFFFFFFFFAC
:10C4A000FFFFFFFFFFFFFFFFFFFFFFFFFFFFFFFF9C
:10C4B000FFFFFFFFFFFFFFFFFFFFFFFFFFFFFFFF8C
:10C4C000FFFFFFFFFFFFFFFFFFFFFFFFFFFFFFFF7C
:10C4D000FFFFFFFFFFFFFFFFFFFFFFFFFFFFFFFF6C
:10C4E000FFFFFFFFFFFFFFFFFFFFFFFFFFFFFFFF5C
:10C4F000FFFFFFFFFFFFFFFFFFFFFFFFFFFFFFFF4C
:10C50000FFFFFFFFFFFFFFFFFFFFFFFFFFFFFFFF3B
:10C51000FFFFFFFFFFFFFFFFFFFFFFFFFFFFFFFF2B
:10C52000FFFFFFFFFFFFFFFFFFFFFFFFFFFFFFFF1B
:10C53000FFFFFFFFFFFFFFFFFFFFFFFFFFFFFFFF0B
:10C54000FFFFFFFFFFFFFFFFFFFFFFFFFFFFFFFFFB
:10C55000FFFFFFFFFFFFFFFFFFFFFFFFFFFFFFFFEB
:10C56000FFFFFFFFFFFFFFFFFFFFFFFFFFFFFFFFDB
:10C57000FFFFFFFFFFFFFFFFFFFFFFFFFFFFFFFFCB
:10C58000FFFFFFFFFFFFFFFFFFFFFFFFFFFFFFFFBB
:10C59000FFFFFFFFFFFFFFFFFFFFFFFFFFFFFFFFAB
:10C5A000FFFFFFFFFFFFFFFFFFFFFFFFFFFFFFFF9B
:10C5B000FFFFFFFFFFFFFFFFFFFFFFFFFFFFFFFF8B
:10C5C000FFFFFFFFFFFFFFFFFFFFFFFFFFFFFFFF7B
:10C5D000FFFFFFFFFFFFFFFFFFFFFFFFFFFFFFFF6B
:10C5E000FFFFFFFFFFFFFFFFFFFFFFFFFFFFFFFF5B
:10C5F000FFFFFFFFFFFFFFFFFFFFFFFFFFFFFFFF4B
:10C60000FFFFFFFFFFFFFFFFFFFFFFFFFFFFFFFF3A
:10C61000FFFFFFFFFFFFFFFFFFFFFFFFFFFFFFFF2A
:10C62000FFFFFFFFFFFFFFFFFFFFFFFFFFFFFFFF1A
:10C63000FFFFFFFFFFFFFFFFFFFFFFFFFFFFFFFF0A
:10C64000FFFFFFFFFFFFFFFFFFFFFFFFFFFFFFFFFA
:10C65000FFFFFFFFFFFFFFFFFFFFFFFFFFFFFFFFEA
:10C66000FFFFFFFFFFFFFFFFFFFFFFFFFFFFFFFFDA
:10C67000FFFFFFFFFFFFFFFFFFFFFFFFFFFFFFFFCA
:10C68000FFFFFFFFFFFFFFFFFFFFFFFFFFFFFFFFBA
:10C69000FFFFFFFFFFFFFFFFFFFFFFFFFFFFFFFFAA
:10C6A000FFFFFFFFFFFFFFFFFFFFFFFFFFFFFFFF9A
:10C6B000FFFFFFFFFFFFFFFFFFFFFFFFFFFFFFFF8A
:10C6C000FFFFFFFFFFFFFFFFFFFFFFFFFFFFFFFF7A
:10C6D000FFFFFFFFFFFFFFFFFFFFFFFFFFFFFFFF6A
:10C6E000FFFFFFFFFFFFFFFFFFFFFFFFFFFFFFFF5A
:10C6F000FFFFFFFFFFFFFFFFFFFFFFFFFFFFFFFF4A
:10C70000FFFFFFFFFFFFFFFFFFFFFFFFFFFFFFFF39
:10C71000FFFFFFFFFFFFFFFFFFFFFFFFFFFFFFFF29
:10C72000FFFFFFFFFFFFFFFFFFFFFFFFFFFFFFFF19
:10C73000FFFFFFFFFFFFFFFFFFFFFFFFFFFFFFFF09
:10C74000FFFFFFFFFFFFFFFFFFFFFFFFFFFFFFFFF9
:10C75000FFFFFFFFFFFFFFFFFFFFFFFFFFFFFFFFE9
:10C76000FFFFFFFFFFFFFFFFFFFFFFFFFFFFFFFFD9
:10C77000FFFFFFFFFFFFFFFFFFFFFFFFFFFFFFFFC9
:10C78000FFFFFFFFFFFFFFFFFFFFFFFFFFFFFFFFB9
:10C79000FFFFFFFFFFFFFFFFFFFFFFFFFFFFFFFFA9
:10C7A000FFFFFFFFFFFFFFFFFFFFFFFFFFFFFFFF99
:10C7B000FFFFFFFFFFFFFFFFFFFFFFFFFFFFFFFF89
:10C7C000FFFFFFFFFFFFFFFFFFFFFFFFFFFFFFFF79
:10C7D000FFFFFFFFFFFFFFFFFFFFFFFFFFFFFFFF69
:10C7E000FFFFFFFFFFFFFFFFFFFFFFFFFFFFFFFF59
:10C7F000FFFFFFFFFFFFFFFFFFFFFFFFFFFFFFFF49
:10C80000FFFFFFFFFFFFFFFFFFFFFFFFFFFFFFFF38
:10C81000FFFFFFFFFFFFFFFFFFFFFFFFFFFFFFFF28
:10C82000FFFFFFFFFFFFFFFFFFFFFFFFFFFFFFFF18
:10C83000FFFFFFFFFFFFFFFFFFFFFFFFFFFFFFFF08
:10C84000FFFFFFFFFFFFFFFFFFFFFFFFFFFFFFFFF8
:10C85000FFFFFFFFFFFFFFFFFFFFFFFFFFFFFFFFE8
:10C86000FFFFFFFFFFFFFFFFFFFFFFFFFFFFFFFFD8
:10C87000FFFFFFFFFFFFFFFFFFFFFFFFFFFFFFFFC8
:10C88000FFFFFFFFFFFFFFFFFFFFFFFFFFFFFFFFB8
:10C89000FFFFFFFFFFFFFFFFFFFFFFFFFFFFFFFFA8
:10C8A000FFFFFFFFFFFFFFFFFFFFFFFFFFFFFFFF98
:10C8B000FFFFFFFFFFFFFFFFFFFFFFFFFFFFFFFF88
:10C8C000FFFFFFFFFFFFFFFFFFFFFFFFFFFFFFFF78
:10C8D000FFFFFFFFFFFFFFFFFFFFFFFFFFFFFFFF68
:10C8E000FFFFFFFFFFFFFFFFFFFFFFFFFFFFFFFF58
:10C8F000FFFFFFFFFFFFFFFFFFFFFFFFFFFFFFFF48
:10C90000FFFFFFFFFFFFFFFFFFFFFFFFFFFFFFFF37
:10C91000FFFFFFFFFFFFFFFFFFFFFFFFFFFFFFFF27
:10C92000FFFFFFFFFFFFFFFFFFFFFFFFFFFFFFFF17
:10C93000FFFFFFFFFFFFFFFFFFFFFFFFFFFFFFFF07
:10C94000FFFFFFFFFFFFFFFFFFFFFFFFFFFFFFFFF7
:10C95000FFFFFFFFFFFFFFFFFFFFFFFFFFFFFFFFE7
:10C96000FFFFFFFFFFFFFFFFFFFFFFFFFFFFFFFFD7
:10C97000FFFFFFFFFFFFFFFFFFFFFFFFFFFFFFFFC7
:10C98000FFFFFFFFFFFFFFFFFFFFFFFFFFFFFFFFB7
:10C99000FFFFFFFFFFFFFFFFFFFFFFFFFFFFFFFFA7
:10C9A000FFFFFFFFFFFFFFFFFFFFFFFFFFFFFFFF97
:10C9B000FFFFFFFFFFFFFFFFFFFFFFFFFFFFFFFF87
:10C9C000FFFFFFFFFFFFFFFFFFFFFFFFFFFFFFFF77
:10C9D000FFFFFFFFFFFFFFFFFFFFFFFFFFFFFFFF67
:10C9E000FFFFFFFFFFFFFFFFFFFFFFFFFFFFFFFF57
:10C9F000FFFFFFFFFFFFFFFFFFFFFFFFFFFFFFFF47
:10CA0000FFFFFFFFFFFFFFFFFFFFFFFFFFFFFFFF36
:10CA1000FFFFFFFFFFFFFFFFFFFFFFFFFFFFFFFF26
:10CA2000FFFFFFFFFFFFFFFFFFFFFFFFFFFFFFFF16
:10CA3000FFFFFFFFFFFFFFFFFFFFFFFFFFFFFFFF06
:10CA4000FFFFFFFFFFFFFFFFFFFFFFFFFFFFFFFFF6
:10CA5000FFFFFFFFFFFFFFFFFFFFFFFFFFFFFFFFE6
:10CA6000FFFFFFFFFFFFFFFFFFFFFFFFFFFFFFFFD6
:10CA7000FFFFFFFFFFFFFFFFFFFFFFFFFFFFFFFFC6
:10CA8000FFFFFFFFFFFFFFFFFFFFFFFFFFFFFFFFB6
:10CA9000FFFFFFFFFFFFFFFFFFFFFFFFFFFFFFFFA6
:10CAA000FFFFFFFFFFFFFFFFFFFFFFFFFFFFFFFF96
:10CAB000FFFFFFFFFFFFFFFFFFFFFFFFFFFFFFFF86
:10CAC000FFFFFFFFFFFFFFFFFFFFFFFFFFFFFFFF76
:10CAD000FFFFFFFFFFFFFFFFFFFFFFFFFFFFFFFF66
:10CAE000FFFFFFFFFFFFFFFFFFFFFFFFFFFFFFFF56
:10CAF000FFFFFFFFFFFFFFFFFFFFFFFFFFFFFFFF46
:10CB0000FFFFFFFFFFFFFFFFFFFFFFFFFFFFFFFF35
:10CB1000FFFFFFFFFFFFFFFFFFFFFFFFFFFFFFFF25
:10CB2000FFFFFFFFFFFFFFFFFFFFFFFFFFFFFFFF15
:10CB3000FFFFFFFFFFFFFFFFFFFFFFFFFFFFFFFF05
:10CB4000FFFFFFFFFFFFFFFFFFFFFFFFFFFFFFFFF5
:10CB5000FFFFFFFFFFFFFFFFFFFFFFFFFFFFFFFFE5
:10CB6000FFFFFFFFFFFFFFFFFFFFFFFFFFFFFFFFD5
:10CB7000FFFFFFFFFFFFFFFFFFFFFFFFFFFFFFFFC5
:10CB8000FFFFFFFFFFFFFFFFFFFFFFFFFFFFFFFFB5
:10CB9000FFFFFFFFFFFFFFFFFFFFFFFFFFFFFFFFA5
:10CBA000FFFFFFFFFFFFFFFFFFFFFFFFFFFFFFFF95
:10CBB000FFFFFFFFFFFFFFFFFFFFFFFFFFFFFFFF85
:10CBC000FFFFFFFFFFFFFFFFFFFFFFFFFFFFFFFF75
:10CBD000FFFFFFFFFFFFFFFFFFFFFFFFFFFFFFFF65
:10CBE000FFFFFFFFFFFFFFFFFFFFFFFFFFFFFFFF55
:10CBF000FFFFFFFFFFFFFFFFFFFFFFFFFFFFFFFF45
:10CC0000FFFFFFFFFFFFFFFFFFFFFFFFFFFFFFFF34
:10CC1000FFFFFFFFFFFFFFFFFFFFFFFFFFFFFFFF24
:10CC2000FFFFFFFFFFFFFFFFFFFFFFFFFFFFFFFF14
:10CC3000FFFFFFFFFFFFFFFFFFFFFFFFFFFFFFFF04
:10CC4000FFFFFFFFFFFFFFFFFFFFFFFFFFFFFFFFF4
:10CC5000FFFFFFFFFFFFFFFFFFFFFFFFFFFFFFFFE4
:10CC6000FFFFFFFFFFFFFFFFFFFFFFFFFFFFFFFFD4
:10CC7000FFFFFFFFFFFFFFFFFFFFFFFFFFFFFFFFC4
:10CC8000FFFFFFFFFFFFFFFFFFFFFFFFFFFFFFFFB4
:10CC9000FFFFFFFFFFFFFFFFFFFFFFFFFFFFFFFFA4
:10CCA000FFFFFFFFFFFFFFFFFFFFFFFFFFFFFFFF94
:10CCB000FFFFFFFFFFFFFFFFFFFFFFFFFFFFFFFF84
:10CCC000FFFFFFFFFFFFFFFFFFFFFFFFFFFFFFFF74
:10CCD000FFFFFFFFFFFFFFFFFFFFFFFFFFFFFFFF64
:10CCE000FFFFFFFFFFFFFFFFFFFFFFFFFFFFFFFF54
:10CCF000FFFFFFFFFFFFFFFFFFFFFFFFFFFFFFFF44
:10CD0000FFFFFFFFFFFFFFFFFFFFFFFFFFFFFFFF33
:10CD1000FFFFFFFFFFFFFFFFFFFFFFFFFFFFFFFF23
:10CD2000FFFFFFFFFFFFFFFFFFFFFFFFFFFFFFFF13
:10CD3000FFFFFFFFFFFFFFFFFFFFFFFFFFFFFFFF03
:10CD4000FFFFFFFFFFFFFFFFFFFFFFFFFFFFFFFFF3
:10CD5000FFFFFFFFFFFFFFFFFFFFFFFFFFFFFFFFE3
:10CD6000FFFFFFFFFFFFFFFFFFFFFFFFFFFFFFFFD3
:10CD7000FFFFFFFFFFFFFFFFFFFFFFFFFFFFFFFFC3
:10CD8000FFFFFFFFFFFFFFFFFFFFFFFFFFFFFFFFB3
:10CD9000FFFFFFFFFFFFFFFFFFFFFFFFFFFFFFFFA3
:10CDA000FFFFFFFFFFFFFFFFFFFFFFFFFFFFFFFF93
:10CDB000FFFFFFFFFFFFFFFFFFFFFFFFFFFFFFFF83
:10CDC000FFFFFFFFFFFFFFFFFFFFFFFFFFFFFFFF73
:10CDD000FFFFFFFFFFFFFFFFFFFFFFFFFFFFFFFF63
:10CDE000FFFFFFFFFFFFFFFFFFFFFFFFFFFFFFFF53
:10CDF000FFFFFFFFFFFFFFFFFFFFFFFFFFFFFFFF43
:10CE0000FFFFFFFFFFFFFFFFFFFFFFFFFFFFFFFF32
:10CE1000FFFFFFFFFFFFFFFFFFFFFFFFFFFFFFFF22
:10CE2000FFFFFFFFFFFFFFFFFFFFFFFFFFFFFFFF12
:10CE3000FFFFFFFFFFFFFFFFFFFFFFFFFFFFFFFF02
:10CE4000FFFFFFFFFFFFFFFFFFFFFFFFFFFFFFFFF2
:10CE5000FFFFFFFFFFFFFFFFFFFFFFFFFFFFFFFFE2
:10CE6000FFFFFFFFFFFFFFFFFFFFFFFFFFFFFFFFD2
:10CE7000FFFFFFFFFFFFFFFFFFFFFFFFFFFFFFFFC2
:10CE8000FFFFFFFFFFFFFFFFFFFFFFFFFFFFFFFFB2
:10CE9000FFFFFFFFFFFFFFFFFFFFFFFFFFFFFFFFA2
:10CEA000FFFFFFFFFFFFFFFFFFFFFFFFFFFFFFFF92
:10CEB000FFFFFFFFFFFFFFFFFFFFFFFFFFFFFFFF82
:10CEC000FFFFFFFFFFFFFFFFFFFFFFFFFFFFFFFF72
:10CED000FFFFFFFFFFFFFFFFFFFFFFFFFFFFFFFF62
:10CEE000FFFFFFFFFFFFFFFFFFFFFFFFFFFFFFFF52
:10CEF000FFFFFFFFFFFFFFFFFFFFFFFFFFFFFFFF42
:10CF0000FFFFFFFFFFFFFFFFFFFFFFFFFFFFFFFF31
:10CF1000FFFFFFFFFFFFFFFFFFFFFFFFFFFFFFFF21
:10CF2000FFFFFFFFFFFFFFFFFFFFFFFFFFFFFFFF11
:10CF3000FFFFFFFFFFFFFFFFFFFFFFFFFFFFFFFF01
:10CF4000FFFFFFFFFFFFFFFFFFFFFFFFFFFFFFFFF1
:10CF5000FFFFFFFFFFFFFFFFFFFFFFFFFFFFFFFFE1
:10CF6000FFFFFFFFFFFFFFFFFFFFFFFFFFFFFFFFD1
:10CF7000FFFFFFFFFFFFFFFFFFFFFFFFFFFFFFFFC1
:10CF8000FFFFFFFFFFFFFFFFFFFFFFFFFFFFFFFFB1
:10CF9000FFFFFFFFFFFFFFFFFFFFFFFFFFFFFFFFA1
:10CFA000FFFFFFFFFFFFFFFFFFFFFFFFFFFFFFFF91
:10CFB000FFFFFFFFFFFFFFFFFFFFFFFFFFFFFFFF81
:10CFC000FFFFFFFFFFFFFFFFFFFFFFFFFFFFFFFF71
:10CFD000FFFFFFFFFFFFFFFFFFFFFFFFFFFFFFFF61
:10CFE000FFFFFFFFFFFFFFFFFFFFFFFFFFFFFFFF51
:10CFF000FFFFFFFFFFFFFFFFFFFFFFFFFFFFFFFF41
:10D00000FFFFFFFFFFFFFFFFFFFFFFFFFFFFFFFF30
:10D01000FFFFFFFFFFFFFFFFFFFFFFFFFFFFFFFF20
:10D02000FFFFFFFFFFFFFFFFFFFFFFFFFFFFFFFF10
:10D03000FFFFFFFFFFFFFFFFFFFFFFFFFFFFFFFF00
:10D04000FFFFFFFFFFFFFFFFFFFFFFFFFFFFFFFFF0
:10D05000FFFFFFFFFFFFFFFFFFFFFFFFFFFFFFFFE0
:10D06000FFFFFFFFFFFFFFFFFFFFFFFFFFFFFFFFD0
:10D07000FFFFFFFFFFFFFFFFFFFFFFFFFFFFFFFFC0
:10D08000FFFFFFFFFFFFFFFFFFFFFFFFFFFFFFFFB0
:10D09000FFFFFFFFFFFFFFFFFFFFFFFFFFFFFFFFA0
:10D0A000FFFFFFFFFFFFFFFFFFFFFFFFFFFFFFFF90
:10D0B000FFFFFFFFFFFFFFFFFFFFFFFFFFFFFFFF80
:10D0C000FFFFFFFFFFFFFFFFFFFFFFFFFFFFFFFF70
:10D0D000FFFFFFFFFFFFFFFFFFFFFFFFFFFFFFFF60
:10D0E000FFFFFFFFFFFFFFFFFFFFFFFFFFFFFFFF50
:10D0F000FFFFFFFFFFFFFFFFFFFFFFFFFFFFFFFF40
:10D10000FFFFFFFFFFFFFFFFFFFFFFFFFFFFFFFF2F
:10D11000FFFFFFFFFFFFFFFFFFFFFFFFFFFFFFFF1F
:10D12000FFFFFFFFFFFFFFFFFFFFFFFFFFFFFFFF0F
:10D13000FFFFFFFFFFFFFFFFFFFFFFFFFFFFFFFFFF
:10D14000FFFFFFFFFFFFFFFFFFFFFFFFFFFFFFFFEF
:10D15000FFFFFFFFFFFFFFFFFFFFFFFFFFFFFFFFDF
:10D16000FFFFFFFFFFFFFFFFFFFFFFFFFFFFFFFFCF
:10D17000FFFFFFFFFFFFFFFFFFFFFFFFFFFFFFFFBF
:10D18000FFFFFFFFFFFFFFFFFFFFFFFFFFFFFFFFAF
:10D19000FFFFFFFFFFFFFFFFFFFFFFFFFFFFFFFF9F
:10D1A000FFFFFFFFFFFFFFFFFFFFFFFFFFFFFFFF8F
:10D1B000FFFFFFFFFFFFFFFFFFFFFFFFFFFFFFFF7F
:10D1C000FFFFFFFFFFFFFFFFFFFFFFFFFFFFFFFF6F
:10D1D000FFFFFFFFFFFFFFFFFFFFFFFFFFFFFFFF5F
:10D1E000FFFFFFFFFFFFFFFFFFFFFFFFFFFFFFFF4F
:10D1F000FFFFFFFFFFFFFFFFFFFFFFFFFFFFFFFF3F
:10D20000FFFFFFFFFFFFFFFFFFFFFFFFFFFFFFFF2E
:10D21000FFFFFFFFFFFFFFFFFFFFFFFFFFFFFFFF1E
:10D22000FFFFFFFFFFFFFFFFFFFFFFFFFFFFFFFF0E
:10D23000FFFFFFFFFFFFFFFFFFFFFFFFFFFFFFFFFE
:10D24000FFFFFFFFFFFFFFFFFFFFFFFFFFFFFFFFEE
:10D25000FFFFFFFFFFFFFFFFFFFFFFFFFFFFFFFFDE
:10D26000FFFFFFFFFFFFFFFFFFFFFFFFFFFFFFFFCE
:10D27000FFFFFFFFFFFFFFFFFFFFFFFFFFFFFFFFBE
:10D28000FFFFFFFFFFFFFFFFFFFFFFFFFFFFFFFFAE
:10D29000FFFFFFFFFFFFFFFFFFFFFFFFFFFFFFFF9E
:10D2A000FFFFFFFFFFFFFFFFFFFFFFFFFFFFFFFF8E
:10D2B000FFFFFFFFFFFFFFFFFFFFFFFFFFFFFFFF7E
:10D2C000FFFFFFFFFFFFFFFFFFFFFFFFFFFFFFFF6E
:10D2D000FFFFFFFFFFFFFFFFFFFFFFFFFFFFFFFF5E
:10D2E000FFFFFFFFFFFFFFFFFFFFFFFFFFFFFFFF4E
:10D2F000FFFFFFFFFFFFFFFFFFFFFFFFFFFFFFFF3E
:10D30000FFFFFFFFFFFFFFFFFFFFFFFFFFFFFFFF2D
:10D31000FFFFFFFFFFFFFFFFFFFFFFFFFFFFFFFF1D
:10D32000FFFFFFFFFFFFFFFFFFFFFFFFFFFFFFFF0D
:10D33000FFFFFFFFFFFFFFFFFFFFFFFFFFFFFFFFFD
:10D34000FFFFFFFFFFFFFFFFFFFFFFFFFFFFFFFFED
:10D35000FFFFFFFFFFFFFFFFFFFFFFFFFFFFFFFFDD
:10D36000FFFFFFFFFFFFFFFFFFFFFFFFFFFFFFFFCD
:10D37000FFFFFFFFFFFFFFFFFFFFFFFFFFFFFFFFBD
:10D38000FFFFFFFFFFFFFFFFFFFFFFFFFFFFFFFFAD
:10D39000FFFFFFFFFFFFFFFFFFFFFFFFFFFFFFFF9D
:10D3A000FFFFFFFFFFFFFFFFFFFFFFFFFFFFFFFF8D
:10D3B000FFFFFFFFFFFFFFFFFFFFFFFFFFFFFFFF7D
:10D3C000FFFFFFFFFFFFFFFFFFFFFFFFFFFFFFFF6D
:10D3D000FFFFFFFFFFFFFFFFFFFFFFFFFFFFFFFF5D
:10D3E000FFFFFFFFFFFFFFFFFFFFFFFFFFFFFFFF4D
:10D3F000FFFFFFFFFFFFFFFFFFFFFFFFFFFFFFFF3D
:10D40000FFFFFFFFFFFFFFFFFFFFFFFFFFFFFFFF2C
:10D41000FFFFFFFFFFFFFFFFFFFFFFFFFFFFFFFF1C
:10D42000FFFFFFFFFFFFFFFFFFFFFFFFFFFFFFFF0C
:10D43000FFFFFFFFFFFFFFFFFFFFFFFFFFFFFFFFFC
:10D44000FFFFFFFFFFFFFFFFFFFFFFFFFFFFFFFFEC
:10D45000FFFFFFFFFFFFFFFFFFFFFFFFFFFFFFFFDC
:10D46000FFFFFFFFFFFFFFFFFFFFFFFFFFFFFFFFCC
:10D47000FFFFFFFFFFFFFFFFFFFFFFFFFFFFFFFFBC
:10D48000FFFFFFFFFFFFFFFFFFFFFFFFFFFFFFFFAC
:10D49000FFFFFFFFFFFFFFFFFFFFFFFFFFFFFFFF9C
:10D4A000FFFFFFFFFFFFFFFFFFFFFFFFFFFFFFFF8C
:10D4B000FFFFFFFFFFFFFFFFFFFFFFFFFFFFFFFF7C
:10D4C000FFFFFFFFFFFFFFFFFFFFFFFFFFFFFFFF6C
:10D4D000FFFFFFFFFFFFFFFFFFFFFFFFFFFFFFFF5C
:10D4E000FFFFFFFFFFFFFFFFFFFFFFFFFFFFFFFF4C
:10D4F000FFFFFFFFFFFFFFFFFFFFFFFFFFFFFFFF3C
:10D50000FFFFFFFFFFFFFFFFFFFFFFFFFFFFFFFF2B
:10D51000FFFFFFFFFFFFFFFFFFFFFFFFFFFFFFFF1B
:10D52000FFFFFFFFFFFFFFFFFFFFFFFFFFFFFFFF0B
:10D53000FFFFFFFFFFFFFFFFFFFFFFFFFFFFFFFFFB
:10D54000FFFFFFFFFFFFFFFFFFFFFFFFFFFFFFFFEB
:10D55000FFFFFFFFFFFFFFFFFFFFFFFFFFFFFFFFDB
:10D56000FFFFFFFFFFFFFFFFFFFFFFFFFFFFFFFFCB
:10D57000FFFFFFFFFFFFFFFFFFFFFFFFFFFFFFFFBB
:10D58000FFFFFFFFFFFFFFFFFFFFFFFFFFFFFFFFAB
:10D59000FFFFFFFFFFFFFFFFFFFFFFFFFFFFFFFF9B
:10D5A000FFFFFFFFFFFFFFFFFFFFFFFFFFFFFFFF8B
:10D5B000FFFFFFFFFFFFFFFFFFFFFFFFFFFFFFFF7B
:10D5C000FFFFFFFFFFFFFFFFFFFFFFFFFFFFFFFF6B
:10D5D000FFFFFFFFFFFFFFFFFFFFFFFFFFFFFFFF5B
:10D5E000FFFFFFFFFFFFFFFFFFFFFFFFFFFFFFFF4B
:10D5F000FFFFFFFFFFFFFFFFFFFFFFFFFFFFFFFF3B
:10D60000FFFFFFFFFFFFFFFFFFFFFFFFFFFFFFFF2A
:10D61000FFFFFFFFFFFFFFFFFFFFFFFFFFFFFFFF1A
:10D62000FFFFFFFFFFFFFFFFFFFFFFFFFFFFFFFF0A
:10D63000FFFFFFFFFFFFFFFFFFFFFFFFFFFFFFFFFA
:10D64000FFFFFFFFFFFFFFFFFFFFFFFFFFFFFFFFEA
:10D65000FFFFFFFFFFFFFFFFFFFFFFFFFFFFFFFFDA
:10D66000FFFFFFFFFFFFFFFFFFFFFFFFFFFFFFFFCA
:10D67000FFFFFFFFFFFFFFFFFFFFFFFFFFFFFFFFBA
:10D68000FFFFFFFFFFFFFFFFFFFFFFFFFFFFFFFFAA
:10D69000FFFFFFFFFFFFFFFFFFFFFFFFFFFFFFFF9A
:10D6A000FFFFFFFFFFFFFFFFFFFFFFFFFFFFFFFF8A
:10D6B000FFFFFFFFFFFFFFFFFFFFFFFFFFFFFFFF7A
:10D6C000FFFFFFFFFFFFFFFFFFFFFFFFFFFFFFFF6A
:10D6D000FFFFFFFFFFFFFFFFFFFFFFFFFFFFFFFF5A
:10D6E000FFFFFFFFFFFFFFFFFFFFFFFFFFFFFFFF4A
:10D6F000FFFFFFFFFFFFFFFFFFFFFFFFFFFFFFFF3A
:10D70000FFFFFFFFFFFFFFFFFFFFFFFFFFFFFFFF29
:10D71000FFFFFFFFFFFFFFFFFFFFFFFFFFFFFFFF19
:10D72000FFFFFFFFFFFFFFFFFFFFFFFFFFFFFFFF09
:10D73000FFFFFFFFFFFFFFFFFFFFFFFFFFFFFFFFF9
:10D74000FFFFFFFFFFFFFFFFFFFFFFFFFFFFFFFFE9
:10D75000FFFFFFFFFFFFFFFFFFFFFFFFFFFFFFFFD9
:10D76000FFFFFFFFFFFFFFFFFFFFFFFFFFFFFFFFC9
:10D77000FFFFFFFFFFFFFFFFFFFFFFFFFFFFFFFFB9
:10D78000FFFFFFFFFFFFFFFFFFFFFFFFFFFFFFFFA9
:10D79000FFFFFFFFFFFFFFFFFFFFFFFFFFFFFFFF99
:10D7A000FFFFFFFFFFFFFFFFFFFFFFFFFFFFFFFF89
:10D7B000FFFFFFFFFFFFFFFFFFFFFFFFFFFFFFFF79
:10D7C000FFFFFFFFFFFFFFFFFFFFFFFFFFFFFFFF69
:10D7D000FFFFFFFFFFFFFFFFFFFFFFFFFFFFFFFF59
:10D7E000FFFFFFFFFFFFFFFFFFFFFFFFFFFFFFFF49
:10D7F000FFFFFFFFFFFFFFFFFFFFFFFFFFFFFFFF39
:10D80000FFFFFFFFFFFFFFFFFFFFFFFFFFFFFFFF28
:10D81000FFFFFFFFFFFFFFFFFFFFFFFFFFFFFFFF18
:10D82000FFFFFFFFFFFFFFFFFFFFFFFFFFFFFFFF08
:10D83000FFFFFFFFFFFFFFFFFFFFFFFFFFFFFFFFF8
:10D84000FFFFFFFFFFFFFFFFFFFFFFFFFFFFFFFFE8
:10D85000FFFFFFFFFFFFFFFFFFFFFFFFFFFFFFFFD8
:10D86000FFFFFFFFFFFFFFFFFFFFFFFFFFFFFFFFC8
:10D87000FFFFFFFFFFFFFFFFFFFFFFFFFFFFFFFFB8
:10D88000FFFFFFFFFFFFFFFFFFFFFFFFFFFFFFFFA8
:10D89000FFFFFFFFFFFFFFFFFFFFFFFFFFFFFFFF98
:10D8A000FFFFFFFFFFFFFFFFFFFFFFFFFFFFFFFF88
:10D8B000FFFFFFFFFFFFFFFFFFFFFFFFFFFFFFFF78
:10D8C000FFFFFFFFFFFFFFFFFFFFFFFFFFFFFFFF68
:10D8D000FFFFFFFFFFFFFFFFFFFFFFFFFFFFFFFF58
:10D8E000FFFFFFFFFFFFFFFFFFFFFFFFFFFFFFFF48
:10D8F000FFFFFFFFFFFFFFFFFFFFFFFFFFFFFFFF38
:10D90000FFFFFFFFFFFFFFFFFFFFFFFFFFFFFFFF27
:10D91000FFFFFFFFFFFFFFFFFFFFFFFFFFFFFFFF17
:10D92000FFFFFFFFFFFFFFFFFFFFFFFFFFFFFFFF07
:10D93000FFFFFFFFFFFFFFFFFFFFFFFFFFFFFFFFF7
:10D94000FFFFFFFFFFFFFFFFFFFFFFFFFFFFFFFFE7
:10D95000FFFFFFFFFFFFFFFFFFFFFFFFFFFFFFFFD7
:10D96000FFFFFFFFFFFFFFFFFFFFFFFFFFFFFFFFC7
:10D97000FFFFFFFFFFFFFFFFFFFFFFFFFFFFFFFFB7
:10D98000FFFFFFFFFFFFFFFFFFFFFFFFFFFFFFFFA7
:10D99000FFFFFFFFFFFFFFFFFFFFFFFFFFFFFFFF97
:10D9A000FFFFFFFFFFFFFFFFFFFFFFFFFFFFFFFF87
:10D9B000FFFFFFFFFFFFFFFFFFFFFFFFFFFFFFFF77
:10D9C000FFFFFFFFFFFFFFFFFFFFFFFFFFFFFFFF67
:10D9D000FFFFFFFFFFFFFFFFFFFFFFFFFFFFFFFF57
:10D9E000FFFFFFFFFFFFFFFFFFFFFFFFFFFFFFFF47
:10D9F000FFFFFFFFFFFFFFFFFFFFFFFFFFFFFFFF37
:10DA0000FFFFFFFFFFFFFFFFFFFFFFFFFFFFFFFF26
:10DA1000FFFFFFFFFFFFFFFFFFFFFFFFFFFFFFFF16
:10DA2000FFFFFFFFFFFFFFFFFFFFFFFFFFFFFFFF06
:10DA3000FFFFFFFFFFFFFFFFFFFFFFFFFFFFFFFFF6
:10DA4000FFFFFFFFFFFFFFFFFFFFFFFFFFFFFFFFE6
:10DA5000FFFFFFFFFFFFFFFFFFFFFFFFFFFFFFFFD6
:10DA6000FFFFFFFFFFFFFFFFFFFFFFFFFFFFFFFFC6
:10DA7000FFFFFFFFFFFFFFFFFFFFFFFFFFFFFFFFB6
:10DA8000FFFFFFFFFFFFFFFFFFFFFFFFFFFFFFFFA6
:10DA9000FFFFFFFFFFFFFFFFFFFFFFFFFFFFFFFF96
:10DAA000FFFFFFFFFFFFFFFFFFFFFFFFFFFFFFFF86
:10DAB000FFFFFFFFFFFFFFFFFFFFFFFFFFFFFFFF76
:10DAC000FFFFFFFFFFFFFFFFFFFFFFFFFFFFFFFF66
:10DAD000FFFFFFFFFFFFFFFFFFFFFFFFFFFFFFFF56
:10DAE000FFFFFFFFFFFFFFFFFFFFFFFFFFFFFFFF46
:10DAF000FFFFFFFFFFFFFFFFFFFFFFFFFFFFFFFF36
:10DB0000FFFFFFFFFFFFFFFFFFFFFFFFFFFFFFFF25
:10DB1000FFFFFFFFFFFFFFFFFFFFFFFFFFFFFFFF15
:10DB2000FFFFFFFFFFFFFFFFFFFFFFFFFFFFFFFF05
:10DB3000FFFFFFFFFFFFFFFFFFFFFFFFFFFFFFFFF5
:10DB4000FFFFFFFFFFFFFFFFFFFFFFFFFFFFFFFFE5
:10DB5000FFFFFFFFFFFFFFFFFFFFFFFFFFFFFFFFD5
:10DB6000FFFFFFFFFFFFFFFFFFFFFFFFFFFFFFFFC5
:10DB7000FFFFFFFFFFFFFFFFFFFFFFFFFFFFFFFFB5
:10DB8000FFFFFFFFFFFFFFFFFFFFFFFFFFFFFFFFA5
:10DB9000FFFFFFFFFFFFFFFFFFFFFFFFFFFFFFFF95
:10DBA000FFFFFFFFFFFFFFFFFFFFFFFFFFFFFFFF85
:10DBB000FFFFFFFFFFFFFFFFFFFFFFFFFFFFFFFF75
:10DBC000FFFFFFFFFFFFFFFFFFFFFFFFFFFFFFFF65
:10DBD000FFFFFFFFFFFFFFFFFFFFFFFFFFFFFFFF55
:10DBE000FFFFFFFFFFFFFFFFFFFFFFFFFFFFFFFF45
:10DBF000FFFFFFFFFFFFFFFFFFFFFFFFFFFFFFFF35
:10DC0000FFFFFFFFFFFFFFFFFFFFFFFFFFFFFFFF24
:10DC1000FFFFFFFFFFFFFFFFFFFFFFFFFFFFFFFF14
:10DC2000FFFFFFFFFFFFFFFFFFFFFFFFFFFFFFFF04
:10DC3000FFFFFFFFFFFFFFFFFFFFFFFFFFFFFFFFF4
:10DC4000FFFFFFFFFFFFFFFFFFFFFFFFFFFFFFFFE4
:10DC5000FFFFFFFFFFFFFFFFFFFFFFFFFFFFFFFFD4
:10DC6000FFFFFFFFFFFFFFFFFFFFFFFFFFFFFFFFC4
:10DC7000FFFFFFFFFFFFFFFFFFFFFFFFFFFFFFFFB4
:10DC8000FFFFFFFFFFFFFFFFFFFFFFFFFFFFFFFFA4
:10DC9000FFFFFFFFFFFFFFFFFFFFFFFFFFFFFFFF94
:10DCA000FFFFFFFFFFFFFFFFFFFFFFFFFFFFFFFF84
:10DCB000FFFFFFFFFFFFFFFFFFFFFFFFFFFFFFFF74
:10DCC000FFFFFFFFFFFFFFFFFFFFFFFFFFFFFFFF64
:10DCD000FFFFFFFFFFFFFFFFFFFFFFFFFFFFFFFF54
:10DCE000FFFFFFFFFFFFFFFFFFFFFFFFFFFFFFFF44
:10DCF000FFFFFFFFFFFFFFFFFFFFFFFFFFFFFFFF34
:10DD0000FFFFFFFFFFFFFFFFFFFFFFFFFFFFFFFF23
:10DD1000FFFFFFFFFFFFFFFFFFFFFFFFFFFFFFFF13
:10DD2000FFFFFFFFFFFFFFFFFFFFFFFFFFFFFFFF03
:10DD3000FFFFFFFFFFFFFFFFFFFFFFFFFFFFFFFFF3
:10DD4000FFFFFFFFFFFFFFFFFFFFFFFFFFFFFFFFE3
:10DD5000FFFFFFFFFFFFFFFFFFFFFFFFFFFFFFFFD3
:10DD6000FFFFFFFFFFFFFFFFFFFFFFFFFFFFFFFFC3
:10DD7000FFFFFFFFFFFFFFFFFFFFFFFFFFFFFFFFB3
:10DD8000FFFFFFFFFFFFFFFFFFFFFFFFFFFFFFFFA3
:10DD9000FFFFFFFFFFFFFFFFFFFFFFFFFFFFFFFF93
:10DDA000FFFFFFFFFFFFFFFFFFFFFFFFFFFFFFFF83
:10DDB000FFFFFFFFFFFFFFFFFFFFFFFFFFFFFFFF73
:10DDC000FFFFFFFFFFFFFFFFFFFFFFFFFFFFFFFF63
:10DDD000FFFFFFFFFFFFFFFFFFFFFFFFFFFFFFFF53
:10DDE000FFFFFFFFFFFFFFFFFFFFFFFFFFFFFFFF43
:10DDF000FFFFFFFFFFFFFFFFFFFFFFFFFFFFFFFF33
:10DE0000FFFFFFFFFFFFFFFFFFFFFFFFFFFFFFFF22
:10DE1000FFFFFFFFFFFFFFFFFFFFFFFFFFFFFFFF12
:10DE2000FFFFFFFFFFFFFFFFFFFFFFFFFFFFFFFF02
:10DE3000FFFFFFFFFFFFFFFFFFFFFFFFFFFFFFFFF2
:10DE4000FFFFFFFFFFFFFFFFFFFFFFFFFFFFFFFFE2
:10DE5000FFFFFFFFFFFFFFFFFFFFFFFFFFFFFFFFD2
:10DE6000FFFFFFFFFFFFFFFFFFFFFFFFFFFFFFFFC2
:10DE7000FFFFFFFFFFFFFFFFFFFFFFFFFFFFFFFFB2
:10DE8000FFFFFFFFFFFFFFFFFFFFFFFFFFFFFFFFA2
:10DE9000FFFFFFFFFFFFFFFFFFFFFFFFFFFFFFFF92
:10DEA000FFFFFFFFFFFFFFFFFFFFFFFFFFFFFFFF82
:10DEB000FFFFFFFFFFFFFFFFFFFFFFFFFFFFFFFF72
:10DEC000FFFFFFFFFFFFFFFFFFFFFFFFFFFFFFFF62
:10DED000FFFFFFFFFFFFFFFFFFFFFFFFFFFFFFFF52
:10DEE000FFFFFFFFFFFFFFFFFFFFFFFFFFFFFFFF42
:10DEF000FFFFFFFFFFFFFFFFFFFFFFFFFFFFFFFF32
:10DF0000FFFFFFFFFFFFFFFFFFFFFFFFFFFFFFFF21
:10DF1000FFFFFFFFFFFFFFFFFFFFFFFFFFFFFFFF11
:10DF2000FFFFFFFFFFFFFFFFFFFFFFFFFFFFFFFF01
:10DF3000FFFFFFFFFFFFFFFFFFFFFFFFFFFFFFFFF1
:10DF4000FFFFFFFFFFFFFFFFFFFFFFFFFFFFFFFFE1
:10DF5000FFFFFFFFFFFFFFFFFFFFFFFFFFFFFFFFD1
:10DF6000FFFFFFFFFFFFFFFFFFFFFFFFFFFFFFFFC1
:10DF7000FFFFFFFFFFFFFFFFFFFFFFFFFFFFFFFFB1
:10DF8000FFFFFFFFFFFFFFFFFFFFFFFFFFFFFFFFA1
:10DF9000FFFFFFFFFFFFFFFFFFFFFFFFFFFFFFFF91
:10DFA000FFFFFFFFFFFFFFFFFFFFFFFFFFFFFFFF81
:10DFB000FFFFFFFFFFFFFFFFFFFFFFFFFFFFFFFF71
:10DFC000FFFFFFFFFFFFFFFFFFFFFFFFFFFFFFFF61
:10DFD000FFFFFFFFFFFFFFFFFFFFFFFFFFFFFFFF51
:10DFE000FFFFFFFFFFFFFFFFFFFFFFFFFFFFFFFF41
:10DFF000FFFFFFFFFFFFFFFFFFFFFFFFFFFFFFFF31
:10E00000FFFFFFFFFFFFFFFFFFFFFFFFFFFFFFFF20
:10E01000FFFFFFFFFFFFFFFFFFFFFFFFFFFFFFFF10
:10E02000FFFFFFFFFFFFFFFFFFFFFFFFFFFFFFFF00
:10E03000FFFFFFFFFFFFFFFFFFFFFFFFFFFFFFFFF0
:10E04000FFFFFFFFFFFFFFFFFFFFFFFFFFFFFFFFE0
:10E05000FFFFFFFFFFFFFFFFFFFFFFFFFFFFFFFFD0
:10E06000FFFFFFFFFFFFFFFFFFFFFFFFFFFFFFFFC0
:10E07000FFFFFFFFFFFFFFFFFFFFFFFFFFFFFFFFB0
:10E08000FFFFFFFFFFFFFFFFFFFFFFFFFFFFFFFFA0
:10E09000FFFFFFFFFFFFFFFFFFFFFFFFFFFFFFFF90
:10E0A000FFFFFFFFFFFFFFFFFFFFFFFFFFFFFFFF80
:10E0B000FFFFFFFFFFFFFFFFFFFFFFFFFFFFFFFF70
:10E0C000FFFFFFFFFFFFFFFFFFFFFFFFFFFFFFFF60
:10E0D000FFFFFFFFFFFFFFFFFFFFFFFFFFFFFFFF50
:10E0E000FFFFFFFFFFFFFFFFFFFFFFFFFFFFFFFF40
:10E0F000FFFFFFFFFFFFFFFFFFFFFFFFFFFFFFFF30
:10E10000FFFFFFFFFFFFFFFFFFFFFFFFFFFFFFFF1F
:10E11000FFFFFFFFFFFFFFFFFFFFFFFFFFFFFFFF0F
:10E12000FFFFFFFFFFFFFFFFFFFFFFFFFFFFFFFFFF
:10E13000FFFFFFFFFFFFFFFFFFFFFFFFFFFFFFFFEF
:10E14000FFFFFFFFFFFFFFFFFFFFFFFFFFFFFFFFDF
:10E15000FFFFFFFFFFFFFFFFFFFFFFFFFFFFFFFFCF
:10E16000FFFFFFFFFFFFFFFFFFFFFFFFFFFFFFFFBF
:10E17000FFFFFFFFFFFFFFFFFFFFFFFFFFFFFFFFAF
:10E18000FFFFFFFFFFFFFFFFFFFFFFFFFFFFFFFF9F
:10E19000FFFFFFFFFFFFFFFFFFFFFFFFFFFFFFFF8F
:10E1A000FFFFFFFFFFFFFFFFFFFFFFFFFFFFFFFF7F
:10E1B000FFFFFFFFFFFFFFFFFFFFFFFFFFFFFFFF6F
:10E1C000FFFFFFFFFFFFFFFFFFFFFFFFFFFFFFFF5F
:10E1D000FFFFFFFFFFFFFFFFFFFFFFFFFFFFFFFF4F
:10E1E000FFFFFFFFFFFFFFFFFFFFFFFFFFFFFFFF3F
:10E1F000FFFFFFFFFFFFFFFFFFFFFFFFFFFFFFFF2F
:10E20000FFFFFFFFFFFFFFFFFFFFFFFFFFFFFFFF1E
:10E21000FFFFFFFFFFFFFFFFFFFFFFFFFFFFFFFF0E
:10E22000FFFFFFFFFFFFFFFFFFFFFFFFFFFFFFFFFE
:10E23000FFFFFFFFFFFFFFFFFFFFFFFFFFFFFFFFEE
:10E24000FFFFFFFFFFFFFFFFFFFFFFFFFFFFFFFFDE
:10E25000FFFFFFFFFFFFFFFFFFFFFFFFFFFFFFFFCE
:10E26000FFFFFFFFFFFFFFFFFFFFFFFFFFFFFFFFBE
:10E27000FFFFFFFFFFFFFFFFFFFFFFFFFFFFFFFFAE
:10E28000FFFFFFFFFFFFFFFFFFFFFFFFFFFFFFFF9E
:10E29000FFFFFFFFFFFFFFFFFFFFFFFFFFFFFFFF8E
:10E2A000FFFFFFFFFFFFFFFFFFFFFFFFFFFFFFFF7E
:10E2B000FFFFFFFFFFFFFFFFFFFFFFFFFFFFFFFF6E
:10E2C000FFFFFFFFFFFFFFFFFFFFFFFFFFFFFFFF5E
:10E2D000FFFFFFFFFFFFFFFFFFFFFFFFFFFFFFFF4E
:10E2E000FFFFFFFFFFFFFFFFFFFFFFFFFFFFFFFF3E
:10E2F000FFFFFFFFFFFFFFFFFFFFFFFFFFFFFFFF2E
:10E30000FFFFFFFFFFFFFFFFFFFFFFFFFFFFFFFF1D
:10E31000FFFFFFFFFFFFFFFFFFFFFFFFFFFFFFFF0D
:10E32000FFFFFFFFFFFFFFFFFFFFFFFFFFFFFFFFFD
:10E33000FFFFFFFFFFFFFFFFFFFFFFFFFFFFFFFFED
:10E34000FFFFFFFFFFFFFFFFFFFFFFFFFFFFFFFFDD
:10E35000FFFFFFFFFFFFFFFFFFFFFFFFFFFFFFFFCD
:10E36000FFFFFFFFFFFFFFFFFFFFFFFFFFFFFFFFBD
:10E37000FFFFFFFFFFFFFFFFFFFFFFFFFFFFFFFFAD
:10E38000FFFFFFFFFFFFFFFFFFFFFFFFFFFFFFFF9D
:10E39000FFFFFFFFFFFFFFFFFFFFFFFFFFFFFFFF8D
:10E3A000FFFFFFFFFFFFFFFFFFFFFFFFFFFFFFFF7D
:10E3B000FFFFFFFFFFFFFFFFFFFFFFFFFFFFFFFF6D
:10E3C000FFFFFFFFFFFFFFFFFFFFFFFFFFFFFFFF5D
:10E3D000FFFFFFFFFFFFFFFFFFFFFFFFFFFFFFFF4D
:10E3E000FFFFFFFFFFFFFFFFFFFFFFFFFFFFFFFF3D
:10E3F000FFFFFFFFFFFFFFFFFFFFFFFFFFFFFFFF2D
:10E40000FFFFFFFFFFFFFFFFFFFFFFFFFFFFFFFF1C
:10E41000FFFFFFFFFFFFFFFFFFFFFFFFFFFFFFFF0C
:10E42000FFFFFFFFFFFFFFFFFFFFFFFFFFFFFFFFFC
:10E43000FFFFFFFFFFFFFFFFFFFFFFFFFFFFFFFFEC
:10E44000FFFFFFFFFFFFFFFFFFFFFFFFFFFFFFFFDC
:10E45000FFFFFFFFFFFFFFFFFFFFFFFFFFFFFFFFCC
:10E46000FFFFFFFFFFFFFFFFFFFFFFFFFFFFFFFFBC
:10E47000FFFFFFFFFFFFFFFFFFFFFFFFFFFFFFFFAC
:10E48000FFFFFFFFFFFFFFFFFFFFFFFFFFFFFFFF9C
:10E49000FFFFFFFFFFFFFFFFFFFFFFFFFFFFFFFF8C
:10E4A000FFFFFFFFFFFFFFFFFFFFFFFFFFFFFFFF7C
:10E4B000FFFFFFFFFFFFFFFFFFFFFFFFFFFFFFFF6C
:10E4C000FFFFFFFFFFFFFFFFFFFFFFFFFFFFFFFF5C
:10E4D000FFFFFFFFFFFFFFFFFFFFFFFFFFFFFFFF4C
:10E4E000FFFFFFFFFFFFFFFFFFFFFFFFFFFFFFFF3C
:10E4F000FFFFFFFFFFFFFFFFFFFFFFFFFFFFFFFF2C
:10E50000FFFFFFFFFFFFFFFFFFFFFFFFFFFFFFFF1B
:10E51000FFFFFFFFFFFFFFFFFFFFFFFFFFFFFFFF0B
:10E52000FFFFFFFFFFFFFFFFFFFFFFFFFFFFFFFFFB
:10E53000FFFFFFFFFFFFFFFFFFFFFFFFFFFFFFFFEB
:10E54000FFFFFFFFFFFFFFFFFFFFFFFFFFFFFFFFDB
:10E55000FFFFFFFFFFFFFFFFFFFFFFFFFFFFFFFFCB
:10E56000FFFFFFFFFFFFFFFFFFFFFFFFFFFFFFFFBB
:10E57000FFFFFFFFFFFFFFFFFFFFFFFFFFFFFFFFAB
:10E58000FFFFFFFFFFFFFFFFFFFFFFFFFFFFFFFF9B
:10E59000FFFFFFFFFFFFFFFFFFFFFFFFFFFFFFFF8B
:10E5A000FFFFFFFFFFFFFFFFFFFFFFFFFFFFFFFF7B
:10E5B000FFFFFFFFFFFFFFFFFFFFFFFFFFFFFFFF6B
:10E5C000FFFFFFFFFFFFFFFFFFFFFFFFFFFFFFFF5B
:10E5D000FFFFFFFFFFFFFFFFFFFFFFFFFFFFFFFF4B
:10E5E000FFFFFFFFFFFFFFFFFFFFFFFFFFFFFFFF3B
:10E5F000FFFFFFFFFFFFFFFFFFFFFFFFFFFFFFFF2B
:10E60000FFFFFFFFFFFFFFFFFFFFFFFFFFFFFFFF1A
:10E61000FFFFFFFFFFFFFFFFFFFFFFFFFFFFFFFF0A
:10E62000FFFFFFFFFFFFFFFFFFFFFFFFFFFFFFFFFA
:10E63000FFFFFFFFFFFFFFFFFFFFFFFFFFFFFFFFEA
:10E64000FFFFFFFFFFFFFFFFFFFFFFFFFFFFFFFFDA
:10E65000FFFFFFFFFFFFFFFFFFFFFFFFFFFFFFFFCA
:10E66000FFFFFFFFFFFFFFFFFFFFFFFFFFFFFFFFBA
:10E67000FFFFFFFFFFFFFFFFFFFFFFFFFFFFFFFFAA
:10E68000FFFFFFFFFFFFFFFFFFFFFFFFFFFFFFFF9A
:10E69000FFFFFFFFFFFFFFFFFFFFFFFFFFFFFFFF8A
:10E6A000FFFFFFFFFFFFFFFFFFFFFFFFFFFFFFFF7A
:10E6B000FFFFFFFFFFFFFFFFFFFFFFFFFFFFFFFF6A
:10E6C000FFFFFFFFFFFFFFFFFFFFFFFFFFFFFFFF5A
:10E6D000FFFFFFFFFFFFFFFFFFFFFFFFFFFFFFFF4A
:10E6E000FFFFFFFFFFFFFFFFFFFFFFFFFFFFFFFF3A
:10E6F000FFFFFFFFFFFFFFFFFFFFFFFFFFFFFFFF2A
:10E70000FFFFFFFFFFFFFFFFFFFFFFFFFFFFFFFF19
:10E71000FFFFFFFFFFFFFFFFFFFFFFFFFFFFFFFF09
:10E72000FFFFFFFFFFFFFFFFFFFFFFFFFFFFFFFFF9
:10E73000FFFFFFFFFFFFFFFFFFFFFFFFFFFFFFFFE9
:10E74000FFFFFFFFFFFFFFFFFFFFFFFFFFFFFFFFD9
:10E75000FFFFFFFFFFFFFFFFFFFFFFFFFFFFFFFFC9
:10E76000FFFFFFFFFFFFFFFFFFFFFFFFFFFFFFFFB9
:10E77000FFFFFFFFFFFFFFFFFFFFFFFFFFFFFFFFA9
:10E78000FFFFFFFFFFFFFFFFFFFFFFFFFFFFFFFF99
:10E79000FFFFFFFFFFFFFFFFFFFFFFFFFFFFFFFF89
:10E7A000FFFFFFFFFFFFFFFFFFFFFFFFFFFFFFFF79
:10E7B000FFFFFFFFFFFFFFFFFFFFFFFFFFFFFFFF69
:10E7C000FFFFFFFFFFFFFFFFFFFFFFFFFFFFFFFF59
:10E7D000FFFFFFFFFFFFFFFFFFFFFFFFFFFFFFFF49
:10E7E000FFFFFFFFFFFFFFFFFFFFFFFFFFFFFFFF39
:10E7F000FFFFFFFFFFFFFFFFFFFFFFFFFFFFFFFF29
:10E80000FFFFFFFFFFFFFFFFFFFFFFFFFFFFFFFF18
:10E81000FFFFFFFFFFFFFFFFFFFFFFFFFFFFFFFF08
:10E82000FFFFFFFFFFFFFFFFFFFFFFFFFFFFFFFFF8
:10E83000FFFFFFFFFFFFFFFFFFFFFFFFFFFFFFFFE8
:10E84000FFFFFFFFFFFFFFFFFFFFFFFFFFFFFFFFD8
:10E85000FFFFFFFFFFFFFFFFFFFFFFFFFFFFFFFFC8
:10E86000FFFFFFFFFFFFFFFFFFFFFFFFFFFFFFFFB8
:10E87000FFFFFFFFFFFFFFFFFFFFFFFFFFFFFFFFA8
:10E88000FFFFFFFFFFFFFFFFFFFFFFFFFFFFFFFF98
:10E89000FFFFFFFFFFFFFFFFFFFFFFFFFFFFFFFF88
:10E8A000FFFFFFFFFFFFFFFFFFFFFFFFFFFFFFFF78
:10E8B000FFFFFFFFFFFFFFFFFFFFFFFFFFFFFFFF68
:10E8C000FFFFFFFFFFFFFFFFFFFFFFFFFFFFFFFF58
:10E8D000FFFFFFFFFFFFFFFFFFFFFFFFFFFFFFFF48
:10E8E000FFFFFFFFFFFFFFFFFFFFFFFFFFFFFFFF38
:10E8F000FFFFFFFFFFFFFFFFFFFFFFFFFFFFFFFF28
:10E90000FFFFFFFFFFFFFFFFFFFFFFFFFFFFFFFF17
:10E91000FFFFFFFFFFFFFFFFFFFFFFFFFFFFFFFF07
:10E92000FFFFFFFFFFFFFFFFFFFFFFFFFFFFFFFFF7
:10E93000FFFFFFFFFFFFFFFFFFFFFFFFFFFFFFFFE7
:10E94000FFFFFFFFFFFFFFFFFFFFFFFFFFFFFFFFD7
:10E95000FFFFFFFFFFFFFFFFFFFFFFFFFFFFFFFFC7
:10E96000FFFFFFFFFFFFFFFFFFFFFFFFFFFFFFFFB7
:10E97000FFFFFFFFFFFFFFFFFFFFFFFFFFFFFFFFA7
:10E98000FFFFFFFFFFFFFFFFFFFFFFFFFFFFFFFF97
:10E99000FFFFFFFFFFFFFFFFFFFFFFFFFFFFFFFF87
:10E9A000FFFFFFFFFFFFFFFFFFFFFFFFFFFFFFFF77
:10E9B000FFFFFFFFFFFFFFFFFFFFFFFFFFFFFFFF67
:10E9C000FFFFFFFFFFFFFFFFFFFFFFFFFFFFFFFF57
:10E9D000FFFFFFFFFFFFFFFFFFFFFFFFFFFFFFFF47
:10E9E000FFFFFFFFFFFFFFFFFFFFFFFFFFFFFFFF37
:10E9F000FFFFFFFFFFFFFFFFFFFFFFFFFFFFFFFF27
:10EA0000FFFFFFFFFFFFFFFFFFFFFFFFFFFFFFFF16
:10EA1000FFFFFFFFFFFFFFFFFFFFFFFFFFFFFFFF06
:10EA2000FFFFFFFFFFFFFFFFFFFFFFFFFFFFFFFFF6
:10EA3000FFFFFFFFFFFFFFFFFFFFFFFFFFFFFFFFE6
:10EA4000FFFFFFFFFFFFFFFFFFFFFFFFFFFFFFFFD6
:10EA5000FFFFFFFFFFFFFFFFFFFFFFFFFFFFFFFFC6
:10EA6000FFFFFFFFFFFFFFFFFFFFFFFFFFFFFFFFB6
:10EA7000FFFFFFFFFFFFFFFFFFFFFFFFFFFFFFFFA6
:10EA8000FFFFFFFFFFFFFFFFFFFFFFFFFFFFFFFF96
:10EA9000FFFFFFFFFFFFFFFFFFFFFFFFFFFFFFFF86
:10EAA000FFFFFFFFFFFFFFFFFFFFFFFFFFFFFFFF76
:10EAB000FFFFFFFFFFFFFFFFFFFFFFFFFFFFFFFF66
:10EAC000FFFFFFFFFFFFFFFFFFFFFFFFFFFFFFFF56
:10EAD000FFFFFFFFFFFFFFFFFFFFFFFFFFFFFFFF46
:10EAE000FFFFFFFFFFFFFFFFFFFFFFFFFFFFFFFF36
:10EAF000FFFFFFFFFFFFFFFFFFFFFFFFFFFFFFFF26
:10EB0000FFFFFFFFFFFFFFFFFFFFFFFFFFFFFFFF15
:10EB1000FFFFFFFFFFFFFFFFFFFFFFFFFFFFFFFF05
:10EB2000FFFFFFFFFFFFFFFFFFFFFFFFFFFFFFFFF5
:10EB3000FFFFFFFFFFFFFFFFFFFFFFFFFFFFFFFFE5
:10EB4000FFFFFFFFFFFFFFFFFFFFFFFFFFFFFFFFD5
:10EB5000FFFFFFFFFFFFFFFFFFFFFFFFFFFFFFFFC5
:10EB6000FFFFFFFFFFFFFFFFFFFFFFFFFFFFFFFFB5
:10EB7000FFFFFFFFFFFFFFFFFFFFFFFFFFFFFFFFA5
:10EB8000FFFFFFFFFFFFFFFFFFFFFFFFFFFFFFFF95
:10EB9000FFFFFFFFFFFFFFFFFFFFFFFFFFFFFFFF85
:10EBA000FFFFFFFFFFFFFFFFFFFFFFFFFFFFFFFF75
:10EBB000FFFFFFFFFFFFFFFFFFFFFFFFFFFFFFFF65
:10EBC000FFFFFFFFFFFFFFFFFFFFFFFFFFFFFFFF55
:10EBD000FFFFFFFFFFFFFFFFFFFFFFFFFFFFFFFF45
:10EBE000FFFFFFFFFFFFFFFFFFFFFFFFFFFFFFFF35
:10EBF000FFFFFFFFFFFFFFFFFFFFFFFFFFFFFFFF25
:10EC0000FFFFFFFFFFFFFFFFFFFFFFFFFFFFFFFF14
:10EC1000FFFFFFFFFFFFFFFFFFFFFFFFFFFFFFFF04
:10EC2000FFFFFFFFFFFFFFFFFFFFFFFFFFFFFFFFF4
:10EC3000FFFFFFFFFFFFFFFFFFFFFFFFFFFFFFFFE4
:10EC4000FFFFFFFFFFFFFFFFFFFFFFFFFFFFFFFFD4
:10EC5000FFFFFFFFFFFFFFFFFFFFFFFFFFFFFFFFC4
:10EC6000FFFFFFFFFFFFFFFFFFFFFFFFFFFFFFFFB4
:10EC7000FFFFFFFFFFFFFFFFFFFFFFFFFFFFFFFFA4
:10EC8000FFFFFFFFFFFFFFFFFFFFFFFFFFFFFFFF94
:10EC9000FFFFFFFFFFFFFFFFFFFFFFFFFFFFFFFF84
:10ECA000FFFFFFFFFFFFFFFFFFFFFFFFFFFFFFFF74
:10ECB000FFFFFFFFFFFFFFFFFFFFFFFFFFFFFFFF64
:10ECC000FFFFFFFFFFFFFFFFFFFFFFFFFFFFFFFF54
:10ECD000FFFFFFFFFFFFFFFFFFFFFFFFFFFFFFFF44
:10ECE000FFFFFFFFFFFFFFFFFFFFFFFFFFFFFFFF34
:10ECF000FFFFFFFFFFFFFFFFFFFFFFFFFFFFFFFF24
:10ED0000FFFFFFFFFFFFFFFFFFFFFFFFFFFFFFFF13
:10ED1000FFFFFFFFFFFFFFFFFFFFFFFFFFFFFFFF03
:10ED2000FFFFFFFFFFFFFFFFFFFFFFFFFFFFFFFFF3
:10ED3000FFFFFFFFFFFFFFFFFFFFFFFFFFFFFFFFE3
:10ED4000FFFFFFFFFFFFFFFFFFFFFFFFFFFFFFFFD3
:10ED5000FFFFFFFFFFFFFFFFFFFFFFFFFFFFFFFFC3
:10ED6000FFFFFFFFFFFFFFFFFFFFFFFFFFFFFFFFB3
:10ED7000FFFFFFFFFFFFFFFFFFFFFFFFFFFFFFFFA3
:10ED8000FFFFFFFFFFFFFFFFFFFFFFFFFFFFFFFF93
:10ED9000FFFFFFFFFFFFFFFFFFFFFFFFFFFFFFFF83
:10EDA000FFFFFFFFFFFFFFFFFFFFFFFFFFFFFFFF73
:10EDB000FFFFFFFFFFFFFFFFFFFFFFFFFFFFFFFF63
:10EDC000FFFFFFFFFFFFFFFFFFFFFFFFFFFFFFFF53
:10EDD000FFFFFFFFFFFFFFFFFFFFFFFFFFFFFFFF43
:10EDE000FFFFFFFFFFFFFFFFFFFFFFFFFFFFFFFF33
:10EDF000FFFFFFFFFFFFFFFFFFFFFFFFFFFFFFFF23
:10EE0000FFFFFFFFFFFFFFFFFFFFFFFFFFFFFFFF12
:10EE1000FFFFFFFFFFFFFFFFFFFFFFFFFFFFFFFF02
:10EE2000FFFFFFFFFFFFFFFFFFFFFFFFFFFFFFFFF2
:10EE3000FFFFFFFFFFFFFFFFFFFFFFFFFFFFFFFFE2
:10EE4000FFFFFFFFFFFFFFFFFFFFFFFFFFFFFFFFD2
:10EE5000FFFFFFFFFFFFFFFFFFFFFFFFFFFFFFFFC2
:10EE6000FFFFFFFFFFFFFFFFFFFFFFFFFFFFFFFFB2
:10EE7000FFFFFFFFFFFFFFFFFFFFFFFFFFFFFFFFA2
:10EE8000FFFFFFFFFFFFFFFFFFFFFFFFFFFFFFFF92
:10EE9000FFFFFFFFFFFFFFFFFFFFFFFFFFFFFFFF82
:10EEA000FFFFFFFFFFFFFFFFFFFFFFFFFFFFFFFF72
:10EEB000FFFFFFFFFFFFFFFFFFFFFFFFFFFFFFFF62
:10EEC000FFFFFFFFFFFFFFFFFFFFFFFFFFFFFFFF52
:10EED000FFFFFFFFFFFFFFFFFFFFFFFFFFFFFFFF42
:10EEE000FFFFFFFFFFFFFFFFFFFFFFFFFFFFFFFF32
:10EEF000FFFFFFFFFFFFFFFFFFFFFFFFFFFFFFFF22
:10EF0000FFFFFFFFFFFFFFFFFFFFFFFFFFFFFFFF11
:10EF1000FFFFFFFFFFFFFFFFFFFFFFFFFFFFFFFF01
:10EF2000FFFFFFFFFFFFFFFFFFFFFFFFFFFFFFFFF1
:10EF3000FFFFFFFFFFFFFFFFFFFFFFFFFFFFFFFFE1
:10EF4000FFFFFFFFFFFFFFFFFFFFFFFFFFFFFFFFD1
:10EF5000FFFFFFFFFFFFFFFFFFFFFFFFFFFFFFFFC1
:10EF6000FFFFFFFFFFFFFFFFFFFFFFFFFFFFFFFFB1
:10EF7000FFFFFFFFFFFFFFFFFFFFFFFFFFFFFFFFA1
:10EF8000FFFFFFFFFFFFFFFFFFFFFFFFFFFFFFFF91
:10EF9000FFFFFFFFFFFFFFFFFFFFFFFFFFFFFFFF81
:10EFA000FFFFFFFFFFFFFFFFFFFFFFFFFFFFFFFF71
:10EFB000FFFFFFFFFFFFFFFFFFFFFFFFFFFFFFFF61
:10EFC000FFFFFFFFFFFFFFFFFFFFFFFFFFFFFFFF51
:10EFD000FFFFFFFFFFFFFFFFFFFFFFFFFFFFFFFF41
:10EFE000FFFFFFFFFFFFFFFFFFFFFFFFFFFFFFFF31
:10EFF000FFFFFFFFFFFFFFFFFFFFFFFFFFFFFFFF21
:10F00000FFFFFFFFFFFFFFFFFFFFFFFFFFFFFFFF10
:10F01000FFFFFFFFFFFFFFFFFFFFFFFFFFFFFFFF00
:10F02000FFFFFFFFFFFFFFFFFFFFFFFFFFFFFFFFF0
:10F03000FFFFFFFFFFFFFFFFFFFFFFFFFFFFFFFFE0
:10F04000FFFFFFFFFFFFFFFFFFFFFFFFFFFFFFFFD0
:10F05000FFFFFFFFFFFFFFFFFFFFFFFFFFFFFFFFC0
:10F06000FFFFFFFFFFFFFFFFFFFFFFFFFFFFFFFFB0
:10F07000FFFFFFFFFFFFFFFFFFFFFFFFFFFFFFFFA0
:10F08000FFFFFFFFFFFFFFFFFFFFFFFFFFFFFFFF90
:10F09000FFFFFFFFFFFFFFFFFFFFFFFFFFFFFFFF80
:10F0A000FFFFFFFFFFFFFFFFFFFFFFFFFFFFFFFF70
:10F0B000FFFFFFFFFFFFFFFFFFFFFFFFFFFFFFFF60
:10F0C000FFFFFFFFFFFFFFFFFFFFFFFFFFFFFFFF50
:10F0D000FFFFFFFFFFFFFFFFFFFFFFFFFFFFFFFF40
:10F0E000FFFFFFFFFFFFFFFFFFFFFFFFFFFFFFFF30
:10F0F000FFFFFFFFFFFFFFFFFFFFFFFFFFFFFFFF20
:10F10000FFFFFFFFFFFFFFFFFFFFFFFFFFFFFFFF0F
:10F11000FFFFFFFFFFFFFFFFFFFFFFFFFFFFFFFFFF
:10F12000FFFFFFFFFFFFFFFFFFFFFFFFFFFFFFFFEF
:10F13000FFFFFFFFFFFFFFFFFFFFFFFFFFFFFFFFDF
:10F14000FFFFFFFFFFFFFFFFFFFFFFFFFFFFFFFFCF
:10F15000FFFFFFFFFFFFFFFFFFFFFFFFFFFFFFFFBF
:10F16000FFFFFFFFFFFFFFFFFFFFFFFFFFFFFFFFAF
:10F17000FFFFFFFFFFFFFFFFFFFFFFFFFFFFFFFF9F
:10F18000FFFFFFFFFFFFFFFFFFFFFFFFFFFFFFFF8F
:10F19000FFFFFFFFFFFFFFFFFFFFFFFFFFFFFFFF7F
:10F1A000FFFFFFFFFFFFFFFFFFFFFFFFFFFFFFFF6F
:10F1B000FFFFFFFFFFFFFFFFFFFFFFFFFFFFFFFF5F
:10F1C000FFFFFFFFFFFFFFFFFFFFFFFFFFFFFFFF4F
:10F1D000FFFFFFFFFFFFFFFFFFFFFFFFFFFFFFFF3F
:10F1E000FFFFFFFFFFFFFFFFFFFFFFFFFFFFFFFF2F
:10F1F000FFFFFFFFFFFFFFFFFFFFFFFFFFFFFFFF1F
:10F20000FFFFFFFFFFFFFFFFFFFFFFFFFFFFFFFF0E
:10F21000FFFFFFFFFFFFFFFFFFFFFFFFFFFFFFFFFE
:10F22000FFFFFFFFFFFFFFFFFFFFFFFFFFFFFFFFEE
:10F23000FFFFFFFFFFFFFFFFFFFFFFFFFFFFFFFFDE
:10F24000FFFFFFFFFFFFFFFFFFFFFFFFFFFFFFFFCE
:10F25000FFFFFFFFFFFFFFFFFFFFFFFFFFFFFFFFBE
:10F26000FFFFFFFFFFFFFFFFFFFFFFFFFFFFFFFFAE
:10F27000FFFFFFFFFFFFFFFFFFFFFFFFFFFFFFFF9E
:10F28000FFFFFFFFFFFFFFFFFFFFFFFFFFFFFFFF8E
:10F29000FFFFFFFFFFFFFFFFFFFFFFFFFFFFFFFF7E
:10F2A000FFFFFFFFFFFFFFFFFFFFFFFFFFFFFFFF6E
:10F2B000FFFFFFFFFFFFFFFFFFFFFFFFFFFFFFFF5E
:10F2C000FFFFFFFFFFFFFFFFFFFFFFFFFFFFFFFF4E
:10F2D000FFFFFFFFFFFFFFFFFFFFFFFFFFFFFFFF3E
:10F2E000FFFFFFFFFFFFFFFFFFFFFFFFFFFFFFFF2E
:10F2F000FFFFFFFFFFFFFFFFFFFFFFFFFFFFFFFF1E
:10F30000FFFFFFFFFFFFFFFFFFFFFFFFFFFFFFFF0D
:10F31000FFFFFFFFFFFFFFFFFFFFFFFFFFFFFFFFFD
:10F32000FFFFFFFFFFFFFFFFFFFFFFFFFFFFFFFFED
:10F33000FFFFFFFFFFFFFFFFFFFFFFFFFFFFFFFFDD
:10F34000FFFFFFFFFFFFFFFFFFFFFFFFFFFFFFFFCD
:10F35000FFFFFFFFFFFFFFFFFFFFFFFFFFFFFFFFBD
:10F36000FFFFFFFFFFFFFFFFFFFFFFFFFFFFFFFFAD
:10F37000FFFFFFFFFFFFFFFFFFFFFFFFFFFFFFFF9D
:10F38000FFFFFFFFFFFFFFFFFFFFFFFFFFFFFFFF8D
:10F39000FFFFFFFFFFFFFFFFFFFFFFFFFFFFFFFF7D
:10F3A000FFFFFFFFFFFFFFFFFFFFFFFFFFFFFFFF6D
:10F3B000FFFFFFFFFFFFFFFFFFFFFFFFFFFFFFFF5D
:10F3C000FFFFFFFFFFFFFFFFFFFFFFFFFFFFFFFF4D
:10F3D000FFFFFFFFFFFFFFFFFFFFFFFFFFFFFFFF3D
:10F3E000FFFFFFFFFFFFFFFFFFFFFFFFFFFFFFFF2D
:10F3F000FFFFFFFFFFFFFFFFFFFFFFFFFFFFFFFF1D
:10F40000FFFFFFFFFFFFFFFFFFFFFFFFFFFFFFFF0C
:10F41000FFFFFFFFFFFFFFFFFFFFFFFFFFFFFFFFFC
:10F42000FFFFFFFFFFFFFFFFFFFFFFFFFFFFFFFFEC
:10F43000FFFFFFFFFFFFFFFFFFFFFFFFFFFFFFFFDC
:10F44000FFFFFFFFFFFFFFFFFFFFFFFFFFFFFFFFCC
:10F45000FFFFFFFFFFFFFFFFFFFFFFFFFFFFFFFFBC
:10F46000FFFFFFFFFFFFFFFFFFFFFFFFFFFFFFFFAC
:10F47000FFFFFFFFFFFFFFFFFFFFFFFFFFFFFFFF9C
:10F48000FFFFFFFFFFFFFFFFFFFFFFFFFFFFFFFF8C
:10F49000FFFFFFFFFFFFFFFFFFFFFFFFFFFFFFFF7C
:10F4A000FFFFFFFFFFFFFFFFFFFFFFFFFFFFFFFF6C
:10F4B000FFFFFFFFFFFFFFFFFFFFFFFFFFFFFFFF5C
:10F4C000FFFFFFFFFFFFFFFFFFFFFFFFFFFFFFFF4C
:10F4D000FFFFFFFFFFFFFFFFFFFFFFFFFFFFFFFF3C
:10F4E000FFFFFFFFFFFFFFFFFFFFFFFFFFFFFFFF2C
:10F4F000FFFFFFFFFFFFFFFFFFFFFFFFFFFFFFFF1C
:10F50000FFFFFFFFFFFFFFFFFFFFFFFFFFFFFFFF0B
:10F51000FFFFFFFFFFFFFFFFFFFFFFFFFFFFFFFFFB
:10F52000FFFFFFFFFFFFFFFFFFFFFFFFFFFFFFFFEB
:10F53000FFFFFFFFFFFFFFFFFFFFFFFFFFFFFFFFDB
:10F54000FFFFFFFFFFFFFFFFFFFFFFFFFFFFFFFFCB
:10F55000FFFFFFFFFFFFFFFFFFFFFFFFFFFFFFFFBB
:10F56000FFFFFFFFFFFFFFFFFFFFFFFFFFFFFFFFAB
:10F57000FFFFFFFFFFFFFFFFFFFFFFFFFFFFFFFF9B
:10F58000FFFFFFFFFFFFFFFFFFFFFFFFFFFFFFFF8B
:10F59000FFFFFFFFFFFFFFFFFFFFFFFFFFFFFFFF7B
:10F5A000FFFFFFFFFFFFFFFFFFFFFFFFFFFFFFFF6B
:10F5B000FFFFFFFFFFFFFFFFFFFFFFFFFFFFFFFF5B
:10F5C000FFFFFFFFFFFFFFFFFFFFFFFFFFFFFFFF4B
:10F5D000FFFFFFFFFFFFFFFFFFFFFFFFFFFFFFFF3B
:10F5E000FFFFFFFFFFFFFFFFFFFFFFFFFFFFFFFF2B
:10F5F000FFFFFFFFFFFFFFFFFFFFFFFFFFFFFFFF1B
:10F60000FFFFFFFFFFFFFFFFFFFFFFFFFFFFFFFF0A
:10F61000FFFFFFFFFFFFFFFFFFFFFFFFFFFFFFFFFA
:10F62000FFFFFFFFFFFFFFFFFFFFFFFFFFFFFFFFEA
:10F63000FFFFFFFFFFFFFFFFFFFFFFFFFFFFFFFFDA
:10F64000FFFFFFFFFFFFFFFFFFFFFFFFFFFFFFFFCA
:10F65000FFFFFFFFFFFFFFFFFFFFFFFFFFFFFFFFBA
:10F66000FFFFFFFFFFFFFFFFFFFFFFFFFFFFFFFFAA
:10F67000FFFFFFFFFFFFFFFFFFFFFFFFFFFFFFFF9A
:10F68000FFFFFFFFFFFFFFFFFFFFFFFFFFFFFFFF8A
:10F69000FFFFFFFFFFFFFFFFFFFFFFFFFFFFFFFF7A
:10F6A000FFFFFFFFFFFFFFFFFFFFFFFFFFFFFFFF6A
:10F6B000FFFFFFFFFFFFFFFFFFFFFFFFFFFFFFFF5A
:10F6C000FFFFFFFFFFFFFFFFFFFFFFFFFFFFFFFF4A
:10F6D000FFFFFFFFFFFFFFFFFFFFFFFFFFFFFFFF3A
:10F6E000FFFFFFFFFFFFFFFFFFFFFFFFFFFFFFFF2A
:10F6F000FFFFFFFFFFFFFFFFFFFFFFFFFFFFFFFF1A
:10F70000FFFFFFFFFFFFFFFFFFFFFFFFFFFFFFFF09
:10F71000FFFFFFFFFFFFFFFFFFFFFFFFFFFFFFFFF9
:10F72000FFFFFFFFFFFFFFFFFFFFFFFFFFFFFFFFE9
:10F73000FFFFFFFFFFFFFFFFFFFFFFFFFFFFFFFFD9
:10F74000FFFFFFFFFFFFFFFFFFFFFFFFFFFFFFFFC9
:10F75000FFFFFFFFFFFFFFFFFFFFFFFFFFFFFFFFB9
:10F76000FFFFFFFFFFFFFFFFFFFFFFFFFFFFFFFFA9
:10F77000FFFFFFFFFFFFFFFFFFFFFFFFFFFFFFFF99
:10F78000FFFFFFFFFFFFFFFFFFFFFFFFFFFFFFFF89
:10F79000FFFFFFFFFFFFFFFFFFFFFFFFFFFFFFFF79
:10F7A000FFFFFFFFFFFFFFFFFFFFFFFFFFFFFFFF69
:10F7B000FFFFFFFFFFFFFFFFFFFFFFFFFFFFFFFF59
:10F7C000FFFFFFFFFFFFFFFFFFFFFFFFFFFFFFFF49
:10F7D000FFFFFFFFFFFFFFFFFFFFFFFFFFFFFFFF39
:10F7E000FFFFFFFFFFFFFFFFFFFFFFFFFFFFFFFF29
:10F7F000FFFFFFFFFFFFFFFFFFFFFFFFFFFFFFFF19
:10F80000FFFFFFFFFFFFFFFFFFFFFFFFFFFFFFFF08
:10F81000FFFFFFFFFFFFFFFFFFFFFFFFFFFFFFFFF8
:10F82000FFFFFFFFFFFFFFFFFFFFFFFFFFFFFFFFE8
:10F83000FFFFFFFFFFFFFFFFFFFFFFFFFFFFFFFFD8
:10F84000FFFFFFFFFFFFFFFFFFFFFFFFFFFFFFFFC8
:10F85000FFFFFFFFFFFFFFFFFFFFFFFFFFFFFFFFB8
:10F86000FFFFFFFFFFFFFFFFFFFFFFFFFFFFFFFFA8
:10F87000FFFFFFFFFFFFFFFFFFFFFFFFFFFFFFFF98
:10F88000FFFFFFFFFFFFFFFFFFFFFFFFFFFFFFFF88
:10F89000FFFFFFFFFFFFFFFFFFFFFFFFFFFFFFFF78
:10F8A000FFFFFFFFFFFFFFFFFFFFFFFFFFFFFFFF68
:10F8B000FFFFFFFFFFFFFFFFFFFFFFFFFFFFFFFF58
:10F8C000FFFFFFFFFFFFFFFFFFFFFFFFFFFFFFFF48
:10F8D000FFFFFFFFFFFFFFFFFFFFFFFFFFFFFFFF38
:10F8E000FFFFFFFFFFFFFFFFFFFFFFFFFFFFFFFF28
:10F8F000FFFFFFFFFFFFFFFFFFFFFFFFFFFFFFFF18
:10F90000FFFFFFFFFFFFFFFFFFFFFFFFFFFFFFFF07
:10F91000FFFFFFFFFFFFFFFFFFFFFFFFFFFFFFFFF7
:10F92000FFFFFFFFFFFFFFFFFFFFFFFFFFFFFFFFE7
:10F93000FFFFFFFFFFFFFFFFFFFFFFFFFFFFFFFFD7
:10F94000FFFFFFFFFFFFFFFFFFFFFFFFFFFFFFFFC7
:10F95000FFFFFFFFFFFFFFFFFFFFFFFFFFFFFFFFB7
:10F96000FFFFFFFFFFFFFFFFFFFFFFFFFFFFFFFFA7
:10F97000FFFFFFFFFFFFFFFFFFFFFFFFFFFFFFFF97
:10F98000FFFFFFFFFFFFFFFFFFFFFFFFFFFFFFFF87
:10F99000FFFFFFFFFFFFFFFFFFFFFFFFFFFFFFFF77
:10F9A000FFFFFFFFFFFFFFFFFFFFFFFFFFFFFFFF67
:10F9B000FFFFFFFFFFFFFFFFFFFFFFFFFFFFFFFF57
:10F9C000FFFFFFFFFFFFFFFFFFFFFFFFFFFFFFFF47
:10F9D000FFFFFFFFFFFFFFFFFFFFFFFFFFFFFFFF37
:10F9E000FFFFFFFFFFFFFFFFFFFFFFFFFFFFFFFF27
:10F9F000FFFFFFFFFFFFFFFFFFFFFFFFFFFFFFFF17
:10FA0000FFFFFFFFFFFFFFFFFFFFFFFFFFFFFFFF06
:10FA1000FFFFFFFFFFFFFFFFFFFFFFFFFFFFFFFFF6
:10FA2000FFFFFFFFFFFFFFFFFFFFFFFFFFFFFFFFE6
:10FA3000FFFFFFFFFFFFFFFFFFFFFFFFFFFFFFFFD6
:10FA4000FFFFFFFFFFFFFFFFFFFFFFFFFFFFFFFFC6
:10FA5000FFFFFFFFFFFFFFFFFFFFFFFFFFFFFFFFB6
:10FA6000FFFFFFFFFFFFFFFFFFFFFFFFFFFFFFFFA6
:10FA7000FFFFFFFFFFFFFFFFFFFFFFFFFFFFFFFF96
:10FA8000FFFFFFFFFFFFFFFFFFFFFFFFFFFFFFFF86
:10FA9000FFFFFFFFFFFFFFFFFFFFFFFFFFFFFFFF76
:10FAA000FFFFFFFFFFFFFFFFFFFFFFFFFFFFFFFF66
:10FAB000FFFFFFFFFFFFFFFFFFFFFFFFFFFFFFFF56
:10FAC000FFFFFFFFFFFFFFFFFFFFFFFFFFFFFFFF46
:10FAD000FFFFFFFFFFFFFFFFFFFFFFFFFFFFFFFF36
:10FAE000FFFFFFFFFFFFFFFFFFFFFFFFFFFFFFFF26
:10FAF000FFFFFFFFFFFFFFFFFFFFFFFFFFFFFFFF16
:10FB0000FFFFFFFFFFFFFFFFFFFFFFFFFFFFFFFF05
:10FB1000FFFFFFFFFFFFFFFFFFFFFFFFFFFFFFFFF5
:10FB2000FFFFFFFFFFFFFFFFFFFFFFFFFFFFFFFFE5
:10FB3000FFFFFFFFFFFFFFFFFFFFFFFFFFFFFFFFD5
:10FB4000FFFFFFFFFFFFFFFFFFFFFFFFFFFFFFFFC5
:10FB5000FFFFFFFFFFFFFFFFFFFFFFFFFFFFFFFFB5
:10FB6000FFFFFFFFFFFFFFFFFFFFFFFFFFFFFFFFA5
:10FB7000FFFFFFFFFFFFFFFFFFFFFFFFFFFFFFFF95
:10FB8000FFFFFFFFFFFFFFFFFFFFFFFFFFFFFFFF85
:10FB9000FFFFFFFFFFFFFFFFFFFFFFFFFFFFFFFF75
:10FBA000FFFFFFFFFFFFFFFFFFFFFFFFFFFFFFFF65
:10FBB000FFFFFFFFFFFFFFFFFFFFFFFFFFFFFFFF55
:10FBC000FFFFFFFFFFFFFFFFFFFFFFFFFFFFFFFF45
:10FBD000FFFFFFFFFFFFFFFFFFFFFFFFFFFFFFFF35
:10FBE000FFFFFFFFFFFFFFFFFFFFFFFFFFFFFFFF25
:10FBF000FFFFFFFFFFFFFFFFFFFFFFFF988A31E4DA
:00000001FF
