:020000040800F2
:10000000004F00207D040008C904000845060008D0
:10001000D1040008D5040008D9040008000000003D
:10002000939D939B0899969703010000DD040008B7
:10003000E10400080C730008E504000809530008F7
:10004000C5040008C5040008C5040008C50400086C
:10005000C5040008C5040008C5040008C50400085C
:10006000C5040008C5040008C5040008C50400084C
:10007000C5040008C5040008C5040008C50400083C
:10008000C5040008C5040008C5040008C50400082C
:10009000ED500008C5040008C5040008C5040008A8
:1000A000C5040008C5040008C5040008C50400080C
:1000B000C5040008C5040008C5040008C5040008FC
:1000C000C5040008C5040008C5040008C5040008EC
:1000D000C5040008C5040008B54C0008C5040008A4
:1000E000C5040008C5040008C5040008FFFFFFFFA1
:1000F000FFFFFFFFFFFFFFFFFFFFFFFFFFFFFFFF10
:10010000FFFFFFFFFFFFFFFFFFFFFFFFFFFFFFFFFF
:10011000FFFFFFFFFFFFFFFFFFFFFFFFFFFFFFFFEF
:10012000FFFFFFFFFFFFFFFFFFFFFFFFFFFFFFFFDF
:10013000FFFFFFFFFFFFFFFFFFFFFFFFFFFFFFFFCF
:10014000FFFFFFFFFFFFFFFFFFFFFFFFFFFFFFFFBF
:10015000FFFFFFFFFFFFFFFFFFFFFFFFFFFFFFFFAF
:10016000FFFFFFFFFFFFFFFFFFFFFFFFFFFFFFFF9F
:10017000FFFFFFFFFFFFFFFFFFFFFFFFFFFFFFFF8F
:10018000FFFFFFFFFFFFFFFFFFFFFFFFFFFFFFFF7F
:10019000FFFFFFFFFFFFFFFFFFFFFFFFFFFFFFFF6F
:1001A000FFFFFFFFFFFFFFFFFFFFFFFFFFFFFFFF5F
:1001B000FFFFFFFFFFFFFFFFFFFFFFFFFFFFFFFF4F
:1001C000FFFFFFFFFFFFFFFFFFFFFFFFFFFFFFFF3F
:1001D000FFFFFFFFFFFFFFFFFFFFFFFFFFFFFFFF2F
:1001E000FFFFFFFFFFFFFFFFFFFFFFFFFFFFFFFF1F
:1001F000FFFFFFFFFFFFFFFFFFFFFFFFFFFFFFFF0F
:10020000FFFFFFFFFFFFFFFFFFFFFFFFFFFFFFFFFE
:10021000FFFFFFFFFFFFFFFFFFFFFFFFFFFFFFFFEE
:10022000FFFFFFFFFFFFFFFFFFFFFFFFFFFFFFFFDE
:10023000FFFFFFFFFFFFFFFFFFFFFFFFFFFFFFFFCE
:10024000FFFFFFFFFFFFFFFFFFFFFFFFFFFFFFFFBE
:10025000FFFFFFFFFFFFFFFFFFFFFFFFFFFFFFFFAE
:10026000FFFFFFFFFFFFFFFFFFFFFFFFFFFFFFFF9E
:10027000FFFFFFFFFFFFFFFFFFFFFFFFFFFFFFFF8E
:10028000FFFFFFFFFFFFFFFFFFFFFFFFFFFFFFFF7E
:10029000FFFFFFFFFFFFFFFFFFFFFFFFFFFFFFFF6E
:1002A000FFFFFFFFFFFFFFFFFFFFFFFFFFFFFFFF5E
:1002B000FFFFFFFFFFFFFFFFFFFFFFFFFFFFFFFF4E
:1002C000FFFFFFFFFFFFFFFFFFFFFFFFFFFFFFFF3E
:1002D000FFFFFFFFFFFFFFFFFFFFFFFFFFFFFFFF2E
:1002E000FFFFFFFFFFFFFFFFFFFFFFFFFFFFFFFF1E
:1002F000FFFFFFFFFFFFFFFFFFFFFFFFFFFFFFFF0E
:10030000FFFFFFFFFFFFFFFFFFFFFFFFFFFFFFFFFD
:10031000FFFFFFFFFFFFFFFFFFFFFFFFFFFFFFFFED
:10032000FFFFFFFFFFFFFFFFFFFFFFFFFFFFFFFFDD
:10033000FFFFFFFFFFFFFFFFFFFFFFFFFFFFFFFFCD
:10034000FFFFFFFFFFFFFFFFFFFFFFFFFFFFFFFFBD
:10035000FFFFFFFFFFFFFFFFFFFFFFFFFFFFFFFFAD
:10036000FFFFFFFFFFFFFFFFFFFFFFFFFFFFFFFF9D
:10037000FFFFFFFFFFFFFFFFFFFFFFFFFFFFFFFF8D
:10038000FFFFFFFFFFFFFFFFFFFFFFFFFFFFFFFF7D
:10039000FFFFFFFFFFFFFFFFFFFFFFFFFFFFFFFF6D
:1003A000FFFFFFFFFFFFFFFFFFFFFFFFFFFFFFFF5D
:1003B000FFFFFFFFFFFFFFFFFFFFFFFFFFFFFFFF4D
:1003C000FFFFFFFFFFFFFFFFFFFFFFFFFFFFFFFF3D
:1003D000FFFFFFFFFFFFFFFFFFFFFFFFFFFFFFFF2D
:1003E000FFFFFFFFFFFFFFFFFFFFFFFFFFFFFFFF1D
:1003F000FFFFFFFFFFFFFFFFFFFFFFFFFFFFFFFF0D
:10040000A3F5803A704700BF174B002B08BF134B72
:100410009D46FFF7F5FF00218B460F461348144A0F
:10042000121A06F022FD0E4B002B00D098470D4B00
:10043000002B00D098470020002104000D000D483B
:10044000002802D00C48AFF3008000F0C3F9200070
:10045000290000F0E7F906F0CDFC00BF000008001D
:100460000000000000000000004F0020E00100201C
:10047000C81B0020000000000000000072B60A48FF
:100480000A4901600A6882F30888094880470949D7
:10049000094A0A4B9A42BEBF51F8040B42F8040BBA
:1004A000F8E762B60648804708ED00E00000000863
:1004B000914700081085000800000020E00100209E
:1004C00009040008FFF7FEBF084800470848004736
:1004D00008480047084800470848004708480047C0
:1004E000084800470848004708480047C904000872
:1004F00045060008D1040008D5040008D904000806
:10050000DD040008E1040008E504000809530008C0
:10051000034613F8012B002AFBD1181A0138704743
:100520000348044B834202D0034B03B11847704782
:10053000E0010020E0010020000000000548064B1B
:100540001B1AD90F01EBA301491002D0034B03B1D1
:1005500018477047E0010020E00100200000000083
:1005600010B5064C237843B9FFF7DAFF044B13B1FB
:100570000448AFF300800123237010BDE001002088
:1005800000000000E884000808B5054B1BB10549D0
:100590000548AFF30080BDE80840FFF7CFBF00BFBC
:1005A00000000000E4010020E884000808B5EFF333
:1005B000088400F00F030D2B01D1EFF30984E369E8
:1005C0009A0554BF04F1200504F12405C30658BF61
:1005D000483503F005F8EFF3098003F001F8EFF375
:1005E000088002F0FDFFEFF3148002F0F9FF2846C7
:1005F00002F0F6FF606902F0F3FFA06902F0F0FF7D
:10060000E0690E4C02F0ECFFE06A02F0E9FFA06A3C
:1006100002F0E6FF206B02F0E3FFE06B02F0E0FF88
:10062000606B02F0DDFFA06B02F0DAFF43220020D6
:10063000034903F0B7F800F0ADF9FEE700ED00E084
:10064000987300087046FFF7B1FF70472DE9F74F28
:1006500002F080FF10B1642004F0C8FE04F0DEFE5A
:10066000474B01241860002004F04CFA002004F0ED
:1006700053FA012004F052FA02F0F8FD05F07EFF73
:10068000012001F0D3FB002005F086FF00233D4E42
:10069000DFF8F4803D4F1A4621463D483370C8F8D4
:1006A00000303C7004F0A7FE032104F0A9FE0B25E6
:1006B000DFF8E090DFF8E0B04FF0FF32002140F2C9
:1006C000032004F0A3FE10F4007F824601D004F062
:1006D00069FD1AF0010F23D05A2001F0C1FB3378D5
:1006E000012B03D1D8F8003043B933703B78042B89
:1006F00016D8DFE803F03C2D15350900013BC8F89A
:100700000030002BF1D0F1E733784BB90DB1013D4A
:1007100006D10020019305F03FFF019B00253B70AF
:100720001AF0020FC8D099F80030002BC4D09BF803
:1007300000305A1E012A1DD804BB012B03D189F8B1
:1007400000408BF800400124204604F0E7F9B3E7AD
:100750000DB1013DE4D1012005F01EFF0323DDE7CB
:1007600005F03CFF0028DBD002233B70D8E700F007
:1007700011F9D5E7002389F80030E4E70024E3E726
:100780000C020020080200200402002010020020B9
:100790009D07000809020020AC01002010B50A4C9A
:1007A0000221206804F01BFE084A1368591C1160DE
:1007B000074A5343B3F1553F05D820680121BDE8EE
:1007C000104004F00CBE10BD0C02002000020020FE
:1007D000ABAAAAAA7047002383F31488BFF36F8FD4
:1007E00085460847704708B504F09AF928B904F01F
:1007F0009FF9003818BF012008BD0120FCE77047B1
:100800000122024B1A70024B187070470902002037
:10081000AC010020024B4FF40071186804F0DFBDFA
:100820000C02002008B504F091F904F049F802F038
:10083000EBFDFFF7E4FFFFF7D6FF10BB164B1C697B
:10084000FCB1627B237BE07B43EA0223A27B43EA89
:10085000024343EA006003F02DF890B102F07AFE03
:1008600078B9627B237B43EA0223A27B43EA0243FB
:10087000E27B43EA0263094A9360D3E90001FFF790
:10088000AAFF04F09DFD00220548114604F09DFDDD
:1008900004F0A0FDFEE700BF0C73000800ED00E0CF
:1008A0004D06000838B50446EFF3108572B643686C
:1008B000C268D1544068A36801309842606008D390
:1008C0000CBF012000203022074902F06BFF0020FE
:1008D000606023683522181A18BF0120024902F00F
:1008E00061FF85F3108838BD9873000870B5044621
:1008F000EFF3108672B609C8C01A4FF0420218BF53
:1009000001200C4902F04EFF2368E268D55CA26822
:1009100001339342236009D34FF047020CBF0120FB
:100920000020044902F03EFF0023236086F3108874
:10093000284670BD98730008EFF3108172B64268C4
:1009400003689A423CBF80681218D01A81F310885D
:10095000704738B5EFF3108572B68468FFF7ECFF87
:1009600085F31088013C201A38BDF8B515460C46B1
:100970000746FFF7EEFF854228BF05466619B442D9
:1009800001D12846F8BD384614F8011BFFF78AFF4D
:10099000F5E70000BFF34F8F0549064BCA6802F424
:1009A000E0621343CB60BFF34F8F00BFFDE700BF92
:1009B00000ED00E00400FA0500224FF0FF334FF095
:1009C000010CF0B5DFF83CE08A4203DB93FAA3F0B8
:1009D000C043F0BD07250024865C0CFA05F716F02D
:1009E000010F47EA040718BF3C46013D4FEA56068F
:1009F000F3D283EA04631C0E5EF82440013284EAD9
:100A00000323E1E7DC6E000800F024BB0023F0B50F
:100A10000D46164689B0CDE906330593441C06AF52
:100A200005AB01934FF4807331460093284623466B
:100A3000029707AA00F0C0FE0628F1D801A353F8D8
:100A400020F000BF610A00088B0A0008710A000844
:100A5000210A0008B50A0008A10A0008A10A000836
:100A6000069A1AB12146059800F004FA09B0F0BDC3
:100A7000069A1AB9079BF61A1D44D1E72146059834
:100A800000F0F8F90028F5D0F0E7069A0AB913202B
:100A9000ECE72146059800F0EDF90028E6D1F6E7ED
:100AA000053818BF01204FF4B072034902F07AFEF6
:100AB0001620DBE71520D9E79873000810B540F23F
:100AC00001120021044606F0D0F900F04FFE002389
:100AD0002370BDE8104000F09BB900F099B908B54B
:100AE00002F0FCFE431E5842584108BD08B50023E1
:100AF0001A4600F013F9003818BF012008BDF0B500
:100B0000044690F830000F462F28154685B02DD8A2
:100B1000C0F13006964228BF16462044324606F001
:100B2000CDF994F830103144C9B22F2984F830102F
:100B300027D9002320461A4600F0F0F820B30022FF
:100B400003AB0093114602AB00F026F9D0B902982E
:100B5000214694F83020606300F08CF990B9636B03
:100B600094F8302037441344AD1B63632A4639465A
:100B7000606B00F07FF928B9636B14202B4463632A
:100B800000E0002005B0F0BD1C20FBE708B504F034
:100B900045FC054B62221B6804491B1A5842584108
:100BA000BDE8084002F0FEBD140200209873000862
:100BB00000F050BAF8B506460F460024074D230151
:100BC00039463046EB58984730B9631C022B4FF03A
:100BD0000104F4D10320F8BDE0B2FCE7B00100202D
:100BE00010B500F1080403222146074806F054F925
:100BF00040B103222146054806F04EF9002814BFF3
:100C00000320012010BD00BF9F730008A3730008DC
:100C100070B5144C0646257835B18522002012495E
:100C200002F0C0FD022070BD012801D98B22F5E73A
:100C300004F0F4FB0D4B4FF48272186029460C4807
:100C400006F013F901230B4823700B4B00EB061041
:100C500018604368064898470028E4D003232370AF
:100C6000E1E700BF1C020020987300081402002076
:100C700020020020B00100201802002070B5154DA0
:100C800004462B780E46012B07D0A42200201249DF
:100C900002F088FD0224204670BDFFF777FF0F4B5E
:100CA00021461B6832469B680D4898471328044626
:100CB00002D102232B70EEE7142800D040B9287827
:100CC000B222431E58420449584102F06BFDE2E74C
:100CD0000323EFE71C02002098730008180200208D
:100CE0002002002010B5094C207828B9C0220849FC
:100CF00002F058FD022010BDFFF748FF054B0648E3
:100D00001B68DB68984700232370F4E71C0200206F
:100D100098730008180200202002002030B5054614
:100D20001C462F2994BF0020012085B04722174977
:100D300002F038FD0C2205F1200101A806F0BEF8F2
:100D40000CB9134B1C70134B029A9A420ED103F14B
:100D50007F73019803F5823303F28713984212D010
:100D6000FC3BC31A5842584105B030BD284602F03A
:100D7000A1FD28B114B90122054B1A700320F3E735
:100D8000002CF1D0FAE70220EEE700BF98730008CC
:100D900024030020089996972DE9F843089F81467F
:100DA000984603B147B971220020164902F0FAFCB7
:100DB00002252846BDE8F883002402281C603C6018
:100DC00012D112B1104B994213D100250F4B0E4E88
:100DD0001C6802F04AFC10B9B9F1010F10D0002DC7
:100DE000E7D14CB9B822DFE70328EAD026461C2514
:100DF000EFE726461B25ECE7C8F800603C60D8E723
:100E00001C25D6E79873000800C00008AC7F0008D6
:100E100038B50F4D2C783CB1DA2200200D4902F094
:100E2000C1FC0224204638BD3022FF210A4806F0CA
:100E30001CF801232B70094B1C70094B1C60094BDB
:100E40001C60094B1C60094B1C70094B1C70E9E7C6
:100E50003503002098730008360300203403002077
:100E6000300300202C03002028030020260300204C
:100E7000250300202DE9FF47694E154632780446C8
:100E8000012A0F4608D00020EF22664902F08AFCB2
:100E9000022004B0BDE8F087634B197821B963499B
:100EA0001A70086062490860DFF8888198F800309D
:100EB000002B5ED15E4A13685919A342116052D1CA
:100EC000DFF874A15D4BDAF800003946C0F1300953
:100ED000A94528BFA94618444A4605F0EFFFDAF8AD
:100EE00000004F4448442F28CAF80000A5EB09052C
:100EF0004C443AD9A0F130035842584140F2111203
:100F0000484902F04FFC494A01231268DAF8001000
:100F10004A48FFF703FF4A4B4449187002AB00935D
:100F20000122096803ABFFF737FFC8B902F0A1FB44
:100F300098F800004FF49A7280F00100394902F0ED
:100F400031FC029800F05AF950B9012388F80030BA
:100F5000394B3A491A68354B186800F0B3F940B17B
:100F60000323337095E70320D5E798F80030002B72
:100F7000EED198F8003033B12A463946204600F0C9
:100F8000A1F90028ECD12E4B1B78022B43D0032B68
:100F900003D0012B41D000207BE72A4B1878002892
:100FA0003FF477AF284B186900283FF472AF00F187
:100FB0000C025178137843EA0123917843EA014304
:100FC000D17853EA01630BD15179137943EA0123B4
:100FD000917943EA0143D17953EA016002D158E79C
:100FE0009C420CD35379107940EA0320937940EA6C
:100FF0000340D37940EA03608442034601D91432A6
:10100000D7E700283FF445AF2C449C42C3D30223CA
:10101000132033703DE70D4BF6E70D4BF4E700BFAF
:101020003503002098730008250300202C030020BE
:101030002803002026030020300300203603002070
:1010400034030020240300200C73000800FC010876
:1010500000C0000810B50E4B1C783CB9204640F289
:101060006B120C4902F09EFB022010BD00221A7088
:10107000094B187808B100F0BDF9022CF5D0074BE8
:101080001B78032BF1D0002808BF2520EDE700BF17
:101090003503002098730008260300203403002045
:1010A0002DE9F041DFF84080044698F800300F4EFB
:1010B0000F4FBBB90F4B32681B680F499B683868EC
:1010C00098470123054688F80030FF2132680A4816
:1010D00005F0CBFE33682846B4FBF3F45C433C6078
:1010E000BDE8F0810025F0E78203002078030020AE
:1010F0007C0300206803002084030020F8B5374EED
:10110000054633685B699847336807469B692846FC
:101110009847044607B140B940F2351200203049E3
:1011200002F040FB02242046F8BDB7F5806F8CBF6B
:10113000002001204FF49D72294902F033FB4FF447
:101140008060B0FBF7F07843A0F5806358425841C7
:1011500040F23B12224902F025FBA7428CBF00203F
:1011600001204FF49E721E4902F01CFBB4FBF7F005
:1011700007FB1040B0FA80F040F23D1240091849D8
:1011800002F010FBB5FBF4F0164BB4F5806F04FBD6
:1011900000F01C6028BF4FF48064134B134F18609D
:1011A0003368134D1B6A38602C6033B1984704468E
:1011B00018B133685B689847B5E70E4B1B7833B1BD
:1011C00033683868DB68984704460028F1D1FF216E
:1011D0002A68094805F049FE0024A4E768030020B6
:1011E00098730008700300207C0300207403002023
:1011F000780300208003002084030020F8B5254EEA
:101200000446357835B147220020234902F0CAFA56
:1012100002242AE000282AD0436843B3836833B30A
:10122000C36823B3036913B3436903B38369F3B199
:10123000C369E3B14FF48062FF21184805F015FE41
:101240000122174B1A70174B1D70174B1D60174B5F
:101250001D60174B1D60174B1D60174B1D60174D10
:1012600023682C609847044618B12046F8BD4D22EB
:10127000CAE7134B1B784BB92B681B699847074685
:1012800020B12B683C465B689847EEE7012333703A
:10129000EBE700BF6603002098730008840300207A
:1012A00082030020810300207C03002078030020BB
:1012B00074030020700300206C03002068030020EA
:1012C000800300202DE9F74F404D834695F80080BC
:1012D0000E46B8F1010F144608D000207B223C498D
:1012E00002F060FA022003B0BDE8F08F394F3A787F
:1012F00052B9FFF703FF10B102232B70F3E7364A10
:1013000087F80080C2F800B0DFF8D080324FD8F8FC
:1013100000103A68BBFBF1F0B2FBF1F248434A43DC
:10132000904204D05846FFF7BBFE0028E4D1DFF816
:10133000B0A03A68DAF80010BBFBF1F0B2FBF1F2B2
:1013400048434A43904236D1DFF89890D9F80020BC
:10135000D8F800100A445A4504D85846FFF7A0FEB2
:101360000028C9D16CB3204BDAF800101A680A447F
:101370005A4504D85846FFF7C1FE0028BCD1D9F819
:101380000000D8F80020194B0244A2EB0B02A24245
:1013900028BF2246ABEB000031461844019205F00D
:1013A0008DFD019A1248B2FA82F149090170934405
:1013B0001644A41ACAE75846FFF7A0FE0028C3D077
:1013C0009AE72046C7F800B08DE700BF660300200B
:1013D00098730008810300206C030020780300202C
:1013E000700300207C03002074030020840300208D
:1013F0008203002070B5194E307828B9CC221849E4
:1014000002F0D0F9022070BD012824D10020FFF79E
:1014100047FE0446134B1B685B6898474FF4806295
:101420000546FF21104805F020FD01220F4B1A70E0
:1014300000230F4A9D4214BF2846204613700D4AD0
:10144000337013600C4A13600C4A13600C4A13602B
:101450000C4A1360D7E70024DCE700BF66030020D6
:101460009873000868030020840300208203002092
:10147000810300207C0300207803002074030020F7
:10148000700300206C0300204FF480607047000060
:10149000024B1878431E5842584170479A0B00205F
:1014A00038B5214C2378012B06D0FF2200201F499C
:1014B00002F078F9022038BDC0F3090545B140F2C9
:1014C00007120020194902F06DF902232370F1E799
:1014D000174A13784BB1174B17491B6809680B441F
:1014E000834202D04FF48772EBE700F17843B3F503
:1014F000404F03D2022321202370DCE70121117029
:101500004FF480610B4AA3F5404310600A4AB3F5DB
:101510009E3F116004D201F0E9FD0028CBD0E9E73D
:10152000022323202370C6E79A0B0020987300083B
:10153000980B0020940B0020900B0020F8B5144D60
:101540002B78012B07D040F237120020114902F00E
:1015500029F90220F8BD104E337843B140F23D1214
:1015600000200C4902F01EF902232B70F1E70B4C0E
:101570000B4F2046FFF794FF18B1022322202B7057
:10158000E8E704F58064BC42F3D101233370E1E75E
:101590009A0B002098730008990B002000C00008E7
:1015A00000FC010808B5094B187828B983220849BE
:1015B00002F0F8F8022008BD0020187003F03AF994
:1015C000002814BF1F200020F5E700BF9A0B002061
:1015D0009873000838B5154D2C783CB16222002074
:1015E000134902F0DFF80224204638BD2246214686
:1015F000204603F01DF9B0B90E4B4FF480621C7009
:101600000D4B21461C700D4B0D481C600D4B1C6092
:101610000D4B1C700D4B1C600D4B1C6005F025FC28
:1016200001232B70E0E71E24DEE700BF9A0B0020A9
:1016300098730008990B0020980B0020940B002051
:1016400084070020900B00208C0B0020880B0020CA
:10165000840B002070B5394D04462B780E46012BC3
:1016600006D0A2220020364902F09CF8022042E077
:10167000C0F309033BB1AB220020314902F092F8DC
:1016800002232B70F2E7B2F5806F02D3C2F3090098
:1016900008B1B222F0E7B2F5806F02D0B922284932
:1016A000ECE7284B1B787BB9274B187808B9C12287
:1016B000F5E7264B1B68A34204D8254A1268134459
:1016C000A34201D8C722D7E7224A137843B1224B5D
:1016D00022491B6809680B44A34201D0CF22CBE703
:1016E0004CF2FE3104F1784303F2FF30884203D814
:1016F000022320202B7070BD012111704FF48061F6
:10170000154AA3F540431460144AB3F59E3F116097
:101710000CD23246204601F0F2FC0028E8D1104BF2
:1017200004F580649C4205D20020E4E702232320D4
:101730002B70E0E701F060FDF6E700BF9A0B002098
:1017400098730008990B0020980B0020940B002040
:10175000900B00208C0B0020880B0020840B0020B5
:1017600000FC01084FF480607047000038B5252266
:101770000021094805F079FB0023084A0849137045
:10178000084C0948094D0A4A0B600A492B7023701E
:10179000037013700B8038BDAC0B0020A60B00202B
:1017A000A80B0020A50B0020A40B0020A30B0020F9
:1017B000A20B0020A00B00202DE9F04F85B0894638
:1017C00002920022B24DDDF840A029780446019330
:1017D000CAF8002000EB0906E9B103783A2B19D0CA
:1017E0001346DFF8B0B2FF210E9A0198039305F07B
:1017F0003CFBDAF80000DBF800100F9B091A1960B7
:10180000361B029BA9EB06061E60039B184605B01B
:10181000BDE8F08F2A70A04B1B78002B40F094801D
:10182000DFF870B2B4423DD09C4D9D4FDFF874821A
:1018300023E00A2B1ED0397898F80020B9B313F0B2
:10184000100F03F00F0303F1090000F00F0008BFB1
:101850000346A85C0343AB5495F800C00132D2B2F2
:101860000CF1040E964588F800202DDBB1FA81F1C9
:10187000490939700134A64212D023780D2BF9D0D2
:101880003A2BD6D125220021284605F0EEFA002376
:10189000854A0134A64213703B7088F80030ECD1C1
:1018A000DAF800300E9AD31A0E9300239BE7242A0D
:1018B000DCD813F0100F03F00F0303F1090008BF89
:1018C00003461B01AB54D1E7012362461846285C4E
:1018D0000133DBB210449E45C2B21846F7DA002A43
:1018E00040F0CF80704B1A78002ABFD101221A70C5
:1018F000AB786A7842EA032252BA92B2EB78100AC5
:101900006A70A8700D2BB1D801A050F823F000BF69
:101910008D190008E7190008AD1900086D180008B6
:10192000031A00086D1800086D1800086D180008EB
:101930006D1800086D180008F31900086D180008EC
:101940006D1800088D190008544D00232946019F89
:10195000514A3846137011F8042B05F0AFFA297874
:10196000DAF80030DFF82CB10F440B440197CAF8C5
:101970000030DBF800206878AD786FF30F0240EAA2
:10198000052002430A44CBF800204BE7474B1B8855
:10199000002B50D04649098899424CD045490988C6
:1019A000994248D001233A4A137079E70E9BDAF83E
:1019B0000020FF219A1A019805F057FADAF8001072
:1019C000DBF80020331B521A0F99A9EB03030A60BE
:1019D000029A13606A792B79120142EA03320223D8
:1019E000CBF8002012E70E99DAF800208A1A0E923E
:1019F000F9E66A792B7943EA02232C4A5BBA138011
:101A000034E70E9BDAF80020FF219A1A019805F0BE
:101A10002CFADAF80010DBF80020331B521A0F9969
:101A2000A9EB03030A60029A13606A792B79120406
:101A300042EA0362D3E7DBF800100B0C1B041343EC
:101A400099423BD10023144962460B7001981A4910
:101A500005F034FA2A78019B697813440193DAF887
:101A600000301344CAF80030A878DBF8003041EAAF
:101A700000216FF30F030B4313443978CBF8003088
:101A8000F4E60E9ADAF80030D31A0E930423AAE68D
:101A9000A20B0020A80B0020A30B0020AC0B002001
:101AA000A60B0020A50B0020A40B0020A00B0020FB
:101AB0009C0B00209E0B0020B00B00200123054A48
:101AC000013413700E9ADAF80030D31A0E93022301
:101AD00089E600BFA30B0020024B0021186803F029
:101AE00099BC00BFD80B0020014B186803F094BCD0
:101AF000D80B002008B503F091FC064B40F26912A8
:101B00001B6805491B1A58425841BDE8084001F0BE
:101B100049BE00BFD40B00209873000838B5104CA4
:101B2000104D0FCD0FC40FCD0FC495E8030084E80E
:101B3000030000F01FFB0C4801F026F901F0C0F88B
:101B40004FF40072094B1860094B400A1A600122D9
:101B5000084B1A60084B094A1860094B1A6038BDD7
:101B6000E40B0020D47F00084D1D0008941B0020CA
:101B7000901B00208C1B0020881B0020100C0020D4
:101B8000841B00207047000008B5FFF7A5FF074B36
:101B90001978074B1A788A4203D1022A04BF01221E
:101BA0001A70BDE80840FFF79FBF00BFE10B00209F
:101BB000E00B00202DE9F047064613380128444C7D
:101BC00094BF002001204FF43A72424901F0EAFD2F
:101BD00094F82030032B07D1BDE8F0474FF43B7257
:101BE00000203C4901F0DEBD2368002B4CD0A569E4
:101BF000E269AA4248D325B16568A268AA1A55428B
:101C0000554194F8268084F82550002B3ED194F855
:101C10002790B9F1030918BF4FF00109002D38D002
:101C200094F82470236994F823A0013333D06068BA
:101C300040F20A32013018BF0120264901F0B2FDFE
:101C4000626823699B1A6269B2EB432F8CBF012340
:101C5000002316B3032384F8203094F82030032B9C
:101C60000BD194F821302BB1FFF73CF8002384F816
:101C7000213006B13046184B1870B8F1000F25D14D
:101C8000BDE8F047FFF780BF0025BAE74FF0010934
:101C9000C4E72F46C6E70023DBE7B8F1000F0AD000
:101CA0003BB987F00107BF00FFB2994518BF3E4618
:101CB000D0E70626CEE71AEA050FCBD10FB10223F3
:101CC000C9E7B9F1000FC8D00123C4E7BDE8F08728
:101CD000E40B0020987300080C0C002030B4194C61
:101CE00094F82050032D06D130BC40F2352200205C
:101CF000154901F057BD256805B92060A06801307D
:101D000094F8270008BFA1600328A06908BF84F8E1
:101D10002730904207D9E069904204D91AB10320D4
:101D200030BCFFF747BF481C02D0A0688842F6D1FC
:101D3000032B03D094F827109942F0D10020A26120
:101D4000EEE700BFE40B0020987300082DE9F04196
:101D5000324C1D4680460F46164600F077FA94F83E
:101D60002030032B40D0022F15D12468B4423BD140
:101D7000284600F0FBFF0646284600F0D1FF054646
:101D80004046FEF72DFF3246034629462046BDE871
:101D9000F041FFF7A3BFCFB94046FEF721FF03286C
:101DA00022D0284600F0EDFF83071DD44046FEF701
:101DB00017FF0746284600F0D9FF0446284600F0E2
:101DC000AFFF3B46014622463046E0E7012F0BD1EC
:101DD0002368B34208D194F822303BB100234FF07E
:101DE000FF322360A260A361BDE8F0810C4D0FCDEE
:101DF0000FC40FCD0FC495E8030084E80300FFF77C
:101E00006BFE084B1A78012A04D1074A1278022A7D
:101E100008BF1A70BDE8F041FFF766BEE40B002072
:101E2000D47F0008E00B0020E10B002010B5044631
:101E3000FFF760FEFFF772FE44B920462346054ACD
:101E40001070054A1070054A136010BD022001236E
:101E5000F5E700BFE10B0020E00B00209C1B0020F9
:101E6000F8B5404E404C0546FFF744FEFFF734FE00
:101E7000327823789A4203D1BDE8F840FFF734BEA8
:101E800040F2F9120120394901F08CFC3378022B21
:101E900045D1374B93F82030012B54D008D9023B61
:101EA000012B05D940F20B220020304901F07AFCC9
:101EB0004FF4FA734EF65F202E4A1168814203D820
:101EC0000D4499421560D7D925783778012D08BF80
:101ED000022335704FF0000608BF23701660FFF72D
:101EE00003FE022F16D1224C94F82030032B05D08C
:101EF0000123304684F82630FFF75CFE94F820007A
:101F000040F21112C31E58421849584101F04AFCD0
:101F100000F038FA012D1CD9022D1ED0F8BD23B9CE
:101F20002378022B08D10023C4E7012B04D12378A6
:101F3000022B0BD0002BF6D040F21B2200200B49C5
:101F400001F030FCEFE744F62063B3E740F6C4133A
:101F5000B0E70022084B1A60E0E7FFF7DFFD01223F
:101F6000054BF8E7E10B0020E00B00209873000818
:101F7000E40B0020DC0B00209C1B002008B5FFF7C1
:101F8000B9FD014B187808BD0C0C002008B503F012
:101F900045FA094B1860002003F03AFA074B186025
:101FA000FFF7BCFD0023064A1370064A1370064A69
:101FB0001360064A136008BDD40B0020D80B002024
:101FC000E10B0020E00B0020DC0B00209C1B00201C
:101FD00070B504460D461646FFF78CFD064B1B6890
:101FE0004BB10120FEF70CFC324629462046BDE8E5
:101FF000704000F0CFBE70BD9C1B00202DE9F04169
:10200000054688461646FFF775FD534B1B68CBB156
:102010000022524B524C1A6094F82030032B11D0FE
:102020000120FEF7EDFB32464146284600F0DEFE79
:1020300094F82030032B05D094F8223023B1636844
:102040009D423DD2BDE8F08140467102FEF7B2FDEF
:10205000032807462DD094F8210040F285224149FB
:1020600080F0010001F09EFB681C40F2862218BF40
:1020700001203C4901F096FB63685A1C94F8272024
:1020800004BF2B466560032A0ED184F827709D4259
:102090000CD13846FEF7BCFD48B90123E56084F851
:1020A000213084F8223002E09D4207D00320FFF760
:1020B00081FD94F82230002BC4D0C0E7BA42E7E794
:1020C000E3689D420AD0BDD22369B3F1FF3F08BF48
:1020D0002B469D4294BF25612361B3E7E3697702F4
:1020E00003EB46232E44E66094F82360E36126B1B7
:1020F0000020BDE8F041FFF75DBD4FF431720120D3
:10210000184901F04FFB40F2C522164994F821000E
:1021100001F048FB39464046FEF7B0FD132805465E
:1021200010D1FEF7DFFD0123054684F8216084F815
:10213000233084F82430FFF725FD636928463B44AB
:102140006361D6E7142803BF0123354684F82430A1
:1021500084F82460F1E700BF9C1B0020DC0B00200A
:10216000E40B002098730008002203461146104635
:102170001847704737B5264C264B204610F81F2FBE
:102180004FF08061002A08BF184600F0C1FC2248C9
:10219000FFF7EAFF0022034614F8145F1F481E49A8
:1021A000954218BF204600F0DDFE1D48FFF7DCFF1A
:1021B000002203461A491B4800F0D4FEFFF7DEFE5A
:1021C00040B11948FFF7D0FF0022034616491748CF
:1021D00000F0C8FE4121164B164A174801F0C2F91B
:1021E00058B11648FFF7C0FF1449034600221448AF
:1021F00000F0B8FE002100F091FD4FF00063009365
:1022000003F540430193FFF7B4FF03B030BD00BFB7
:102210000C730008A7730008F1240008B3730008CA
:1022200055280008BF730008B5250008CB730008C7
:10223000140E0020160E0020180E0020ED260008B7
:10224000908000080020704700207047F7B50746CF
:102250000C46FFF7F7FF20B902F062FC18B1022C20
:102260000AD103B0F0BD02F063FC0028F7D101F001
:10227000FCF90028F3D1F4E7002C69D1012338469A
:102280000DF107018DF80730FFF7DEFF00282DD193
:102290004FF0FF35374E0B223846316804F0BCFD55
:1022A00000B935790134102C06F10806F3D16B1C06
:1022B00010D00F2D45D8DFE805F01908191120249A
:1022C000262A2C303236383C3E42E22200202A496F
:1022D00001F068FA00238DF8073007E0274B1C68EF
:1022E0002368984723699847636898479DF80730A3
:1022F000002BB6D0FFF748FCB3E7012001F0AFF99F
:10230000F4E70020FAE7012001F0AAF9EEE7002047
:10231000FAE7012001F0A5F9E8E70020FAE700203C
:1023200001F086F9E2E70120FAE7012001F09AF9CD
:10233000DCE70020FAE7012001F080F9D6E7002071
:10234000FAE74FF4887200200B4901F02BFACDE731
:10235000012C86D10B223846094904F05DFD002886
:102360007FF47FAF01F03BFA03B0BDE8F040FFF728
:102370000BBC00BF1080000898730008A87F0008FD
:102380009080000808B5FFF7F9FD08B9FEF702FBD9
:10239000024A13680133136008BD00BF100E00200D
:1023A0002DE9F04FA5B004AE039088469146002178
:1023B000802230462E9C9A4604F057FD3146631E1B
:1023C0007E3413F8012F1AB1A34201F8012BF8D182
:1023D00035462B78402B0ED05BB9AD1B53464A4691
:1023E000414603980195009601F0A8F925B0BDE893
:1023F000F08F0135EDE76B78562B33D8412B01D8A0
:10240000384C37E0423B142BFAD801A252F823F0A3
:10241000B324000801240008C52400080124000892
:102420000124000801240008B92400080124000840
:102430000124000801240008012400086F2400087A
:1024400001240008012400080124000801240008D8
:10245000D124000801240008BF240008AD2400088E
:10246000CB240008623BDAB2142ACCD9C8E700F0CA
:1024700079FE04462846FEF74BF807462046FEF74D
:1024800047F83B18023B2B4424AA9A42834627D99B
:10249000BA1EA91C281804F0CFFC5A46214628462B
:1024A00004F00CFD2B78002B93D196E700F042FE50
:1024B000DFE700F043FEDCE700F044FED9E700F080
:1024C00045FED6E700F046FED3E700F047FED0E732
:1024D000054B064C13F82A2F002A18BF1C46C9E7E3
:1024E0003D447AE7D77300080C730008DD730008D9
:1024F000F7B50F46F0B9114B4502560231462A4650
:1025000000933846002301F038F90D4B04462A4663
:102510003146009303463846FFF742FF094B044417
:1025200000932A4623463146384601F026F92044D6
:1025300003B0F0BD0029DED00020F9E716740008D2
:10254000E6740008E97400082DE9F7430A9C9846F0
:10255000009405460E4617464FF0020901F00DF9AA
:10256000124B3A4631460093044608EB0003CDF87F
:102570000490284601F0E2F80B9B04443A463146A9
:102580000093284608EB040301F0F7F8084B0444D5
:1025900000933A4631462846CDF8049008EB0403F0
:1025A00001F0CCF8204403B0BDE8F08316750008B4
:1025B000B57500082DE9F74F0E4615460446FFF79E
:1025C000DDFC074600F076FD8046384600F086FDCB
:1025D000074654BB284B64026D0222462946CDF8BB
:1025E0000480009330460023FFF7AEFF234B834661
:1025F0000093224603462946304601F0BEF84FF0CC
:102600000109DFF87C80834408F1140A8FB90222A3
:1026100001921C4A5B46009229462246304601F050
:102620008DF8584403B0BDE8F08F002ED2D00020C2
:10263000F8E7D045EBD0B9F1000F0AD1022301939E
:10264000114B2246009329465B46304601F076F84E
:102650008344FB070BD5D8F800205B46009229463F
:102660002246304601F089F84FF000098344C7F351
:10267000470708F10408C9E70C750008127500083F
:10268000FC7F0008B57500081975000870B4049E39
:10269000044D054C002E18BF2C46049470BCFFF767
:1026A00053BF00BFA47F00081C7500082DE9F0414E
:1026B00086B003AC05460E4620460D99984617464F
:1026C00000F0FCFF00F118030DEB0300002300F8FD
:1026D0000C3C0C9B3A4600933146434628460194F5
:1026E000FFF732FF06B0BDE8F08100002DE9F04FA2
:1026F000002487B08846029438B9394B46021B78CB
:102700005702012B07D1374D09E00029F5D02046AB
:1027100007B0BDE8F08F022B334D18BF0025334BB7
:102720003246394600934046002301F026F8304BEC
:10273000044601932F4B32463946009303464046E8
:10274000FFF702FF2C4B04441B88324601932B4BAE
:102750003946009340462346FFF7A8FF04444DB195
:10276000274B324600933946234640460195FFF7F2
:10277000EBFE044402A800F04DFF82460028C6D0BC
:10278000029B002BC3D01F4B324600933946234691
:10279000404600F0F2FF00254FF00A0B04440DF113
:1027A0000C0904F10A03B3F5007FB0D20A221649DE
:1027B000484604F083FB029B484653F8251000F07E
:1027C00067FF2346324639464046CDE9009B00F07C
:1027D000B5FF0135EBB29A450444E2D897E700BF54
:1027E000140E00201E7500082975000835750008B4
:1027F000180E00203E750008160E002043750008D4
:10280000487500084F750008DC7200082DE9F0419A
:102810000024984647F6300305460E46174686B014
:102820000D990DF10E0003930494ADF814408DF84A
:10283000164000F02DFF03AB01930C9B3A4600932A
:102840003146434628468DF81640FFF77DFE06B018
:10285000BDE8F0812DE9F0460F46664B85B0550284
:1028600046023246294600933846002300F085FF91
:10287000614B044632462946009303463846FFF72B
:102880008FFD5E4B0444324629460093384623466A
:10289000FFF786FD044400F0E6FE594B3246294618
:1028A0000190009338462346FFF7F0FE044400F001
:1028B000DCFE544B324629460190009338462346AD
:1028C000FFF7E4FE044400F0D2FE4F4B32462946A7
:1028D0000190009338462346FFF7D8FE044400F0E9
:1028E000C8FE4A4B3246294601900093384623469B
:1028F000FFF7CCFE044400F0A7FE454B32462946C4
:102900000190009338462346FFF7C0FE414B044434
:102910003246294600933846234600F02EFF3E4BB0
:10292000044400933246234629463846FFF738FDD3
:10293000044400F039FC08B34FF0060A0DF1080911
:1029400052463649484604F0B9FA354B32462946D4
:1029500000933846234600F010FF044400F04AFD7F
:1029600004220146484600F0D3FE2346324629465B
:102970003846CDE9009A00F0E1FE0444294B324686
:10298000009329462346384600F0F7FE044400F041
:10299000F1FB58B100F024FC234B01900093324628
:1029A000234629463846FFF731FF044400F01EFC59
:1029B0001E4B324629460190009338462346FFF7C6
:1029C00025FF1B4B04441B6832460193194B2946D3
:1029D000009338462346FFF769FE174B04440093E3
:1029E0003246234629463846FFF7DAFC204405B034
:1029F000BDE8F0865A750008B8750008C87500086B
:102A0000D5750008E0750008F37500080676000823
:102A100023760008307600084B760008E67200083E
:102A20006476000878760008D0760008DF76000823
:102A3000100E0020ED760008FB7600087047704706
:102A400010B5540208462246002104F00EFA204632
:102A500010BD000008B540B908464FF400720449A3
:102A600004F02CFA4FF4007008BD0020FCE700BF12
:102A70003413002008B540B908464FF400720449E9
:102A800004F01CFA4FF4007008BD0020FCE700BF02
:102A90003415002083185B02B3F5806F70B50646CD
:102AA0000D46144607D9002040F263220A4900F07F
:102AB00079FE002070BD4FF400720021284604F01A
:102AC000D4F936B9054B28461A680549520104F075
:102AD000F5F96002EEE700BF98730008600E002071
:102AE000710E002043000133B3F5007F05D340F29F
:102AF00039120020044900F055BE044A02F81010B3
:102B0000090AD154704700BF98730008341300209D
:102B10002DE9F84F4FF0000A8B46DFF868914FF42B
:102B2000007200218046484604F09FF9564F4FF44A
:102B300000720021554804F098F9C02251465448CB
:102B4000C7F800A004F091F94FF480625146514853
:102B500004F08BF9504B514A83F800A0504B514E72
:102B6000514D524C1A6052494FF400724846C6F813
:102B700000A0C5F800A0C4F800A004F09FF90BF570
:102B8000803141F25A0B99F80C2099F80B3043EA46
:102B90000223B1FBF3F199F80D300BFB03F28A42EB
:102BA00067D94FF4AB724349504600F0FBFD99F8EA
:102BB0000D300BFB03F1B1F5803F2CBF0A460846F0
:102BC000B1FBF3F12CBF00200022490089F813006B
:102BD00001F2FF11000ADFF8B8A089F81400490AD1
:102BE000100A89F8202089F8210089F81610100CA5
:102BF000090A120E89F8220089F8232089F8171093
:102C000030222D49504604F059F999F8172099F8C7
:102C10001630012043EA022304222A60DAF8082051
:102C20005B02CAF81430CAF8203002EB4302DAF82B
:102C30002C304FF6FF711A442260F822134B386093
:102C40001A70FF225A70FFF74DFF3B6820220133B4
:102C50003B60002319490F48336004F02FF90B2221
:102C600041460C4804F02AF9336801333360BDE86B
:102C7000F88F4FF6917B0BFB03F28A429BD240F216
:102C8000591290E734150020640E00203413002000
:102C900074120020710E0020700E00203F2A0008E0
:102CA0006C0E0020600E0020680E00205C0E0020DC
:102CB0001881000898730008E8800008C6800008A2
:102CC00010B5144BDA7C197D52EA012206D0DC7A69
:102CD0001B7B44EA03245443204610BD93F8212073
:102CE00093F8204044EA022493F8222044EA024464
:102CF00093F8232054EA026405D0DA7A1B7B42EA77
:102D000003235C43E8E740F289122046024900F0C1
:102D100049FDE1E73415002098730008C17270473F
:102D200010B5427F037F43EA0223827F43EA0243D6
:102D3000C27F53EA026311D0C27E0A49837E4C7B74
:102D400043EA0223CA7A097B023B42EA012206498E
:102D50000868B0FBF2F004FB030010BD4FF0FF3039
:102D6000FBE700BF341500205C0E0020427F037F8C
:102D700043EA0223827FC07F43EA024343EA0060C2
:102D80007047C07A70470000014B1860704700BF61
:102D90006C0E00202DE9F0478946044615460021B7
:102DA0004846520204F061F800270F4E06F1C00AAF
:102DB0003846B368844207EB53270ED3A7420CD999
:102DC000A7EB0408A84528BFA846201A4246494652
:102DD000336898474444A5EB080515B10C36B24555
:102DE000E6D1BDE8F08700BF741200202DE9F74F4F
:102DF000002704468B46154638464FF00C0ADFF88C
:102E00004C80DFF84C90D8F80020FBB29A4202D8F0
:102E100003B0BDE8F08F0AFB03939E68844200EB89
:102E200056260DD3B4420BD2321BAA4228BF2A46E3
:102E3000201A59465B6801929847019A1444AD1ACA
:102E40000137002DE4D03046DDE700BF680E0020DA
:102E5000741200207FB50378E52B10D07BB1202BB6
:102E60000DD0461E00F10A0416F8015F10226846D4
:102E70000D4904F023F8A5F16103192B02D80020B5
:102E800004B070BD1F2D01D8052DF8D16A4600236E
:102E90001178A942F3D00133102B02F10102F7D1CE
:102EA000A642E1D10120EBE7E27700082DE9F84FD7
:102EB00083185B02B3F5806F894607D9BDE8F84FE8
:102EC0004FF41F720020244900F06CBCB0FA80F46B
:102ED000224B640903EB402B214F4FEA422A0BEBB4
:102EE000441601EB4415B4EB5A1F06D3524649462B
:102EF0005846BDE8F84F03F0E1BF2022294630468E
:102F000003F08AFFB0B10B222946304603F084FF5C
:102F10002B468046324602212846D7F800C0E047BB
:102F20002B78E52B0AD12B46324601213046D7F8C3
:102F300000C0E047013420362035D4E7B8F1000F57
:102F4000F8D02846FFF786FF0028F3D02B463246FC
:102F500000212846EBE700BF98730008710E00209F
:102F60006C0E00202DE9F74F1D46DFF81C818A46C4
:102F700091460090FFF76EFF40F29512434900F032
:102F800011FC98F80C2098F80B3043EA022398F8CB
:102F90000D2053435F1E2F44B7FBF3F74DB33C4C5A
:102FA0004FF0000B26687A1E30465A4515D84FF66A
:102FB000FF71FFF797FD236801332360354A1368DB
:102FC0001F2B18D94FF4D5720020304900F0EAFBCE
:102FD0000024204603B0BDE8F08F411C89B2019265
:102FE000FFF780FD2068019A013020600BF1010B92
:102FF000DBE72E46E2E7284C284904EB4314013373
:1030000013602046202203F059FF0B22204600992E
:1030100003F054FF22482B0A026863772B0CA37736
:10302000330C257723752D0E1B0AA6760F2A4FEA3F
:103030001626E5776375E67602D94FF4DC72C3E7AE
:10304000184B1949BAF1000F14BF55461D460C2301
:103050005343CD50154D1944B9F1000F18BF4D46DB
:103060004D6098F80C5098F80B30013243EA052374
:1030700098F80D5002606B437B430D4A8B601378C8
:1030800001331370A5E700BF3415002098730008C2
:10309000640E0020600E0020710E0020A680000843
:1030A000680E0020412A0008741200203D2A000802
:1030B000700E0020272808B503D8054B53F82000D0
:1030C00028B90020F722034900F06CFB024808BD34
:1030D0004083000898730008B775000827289ABF36
:1030E000014B185C012070471883000810B5EFF3FE
:1030F000108472B601F0A0FB84F3108810BD10B5E7
:10310000EFF3108472B601F0B3FB84F3108810BDA6
:1031100000F17843B3F5003F09D201F1784101395C
:103120000144B1F5003F2CBF002001207047002072
:103130007047000000487047FF17002000487047A4
:10314000ED17002000487047C7170020004870475F
:10315000A6170020004870479D17002000487047C0
:103160009817002000487047F21700200048704769
:103170003417002008B50C210848FFF7C9FF50B1EB
:103180004FF00063064A196A914205D1586A054B0F
:10319000C31A5842584108BD0020FCE7200000082F
:1031A000939D939B0899969708B50C210848FFF7C3
:1031B000AFFF48B1074B084A196A914205D1586AD6
:1031C000064BC31A5842584108BD0020FCE700BF17
:1031D00020C0000800C000088F9E939B0899969716
:1031E000014B1868704700BF38180020014B186861
:1031F000704700BF34180020002370B5154E164DDF
:10320000164C4BF6FC714FF0006033602B6023606E
:10321000FFF77EFF30B14BF6FC714FF00060FDF719
:10322000CBFB30600E490F48FFF772FF20B10C490D
:103230000C48FDF7C1FB28604FF480610A48FFF796
:1032400067FF28B14FF480610748FDF7B5FB2060A8
:1032500070BD00BF3818002034180020301800203E
:10326000FC3B010000C0000800FC01082DE9F04112
:10327000FFF7C2FF544801F05DFC02F003F905229C
:1032800000210446514803F0F0FD2122002150485E
:1032900003F0EBFD212200214E4803F0E6FD092258
:1032A00000214D4803F0E1FD05220021474803F0CD
:1032B000DCFD04250026DFF81081454FB81958F8C9
:1032C000041B00F0E5F9013D064415F0FF05F6B2D8
:1032D000F4D1BD552E46414FDFF8F88008EB0500CC
:1032E00057F8041B00F0D4F90136F6B22844042E36
:1032F000C5B2F3D100273A49374808F8057000F005
:10330000C7F9354BC0B21F5402F08AF83246014665
:103310002E4803F0D3FD2D4B324A1F71C4F30F33F7
:10332000092B8CBF573330331370C4F30323092B9D
:103330008CBF573330335370C4F30313092B04F09D
:103340000F048CBF57333033092C8CBF57343034C3
:10335000D4700024937014713022234B21461A70CC
:1033600032225A7035229A7039222048DA7031227E
:103370001C7103F07AFD15491C4803F07EFD1949C4
:103380001A4803F07AFD1249184803F076FD1249F5
:10339000164803F072FD1548FDF7BAF8C0B2144B99
:1033A000421C52001A70032225465A700F4AE1B29D
:1033B000884201D8BDE8F08112F8011BDD709970D8
:1033C00001340233F3E700BF4C180020ED17002052
:1033D000C7170020A61700209D1700203C180020CA
:1033E00008999697E817002098170020FF170020EB
:1033F0003417002008B5FFF7D7FE08B1014B986AD3
:1034000008BD00BF00C0000870B5304D304C8E22A2
:103410000021284603F029FD6278237843EA02233D
:10342000A27843EA0243E27843EA0263294A9342DC
:103430004AD163792279214642EA03228E2A16462E
:1034400038BF8E268E2A28BF8E22284603F036FDEE
:10345000002385F847308E2200211D4803F005FD2A
:10346000642323706C2363707623A3706B2326710F
:1034700041221949360A1948E370667103F01EFDAE
:1034800095F8492095F84830154943EA022384F815
:10349000483095F84B201B0A84F8493095F84A309B
:1034A00084F84B200F48920084F84A3003F006FD60
:1034B00095F88C3084F88C3095F88D3084F88D3008
:1034C000BDE8704000F0CAB88E26C4E75C18002042
:1034D000004F0020646C766B63180020074F0020BB
:1034E000A81800204C4F0020F8B50D460446FDF703
:1034F0000FF84122471C064600210B4803F0B5FC9B
:10350000412F82BF4127403EA4193A462146064832
:1035100003F0D4FC0122054B83F8485083F84A207D
:103520002D0A83F84950F8BD074F0020004F0020B6
:10353000412208B50021064803F097FC0023044A05
:1035400082F8443082F8413082F8423008BD00BF32
:10355000074F0020024B9879003818BF01207047B0
:103560005C1800202DE9F84306461B48884617469C
:103570001D46FCF7CDFF814626B14246002130466C
:1035800003F073FC0FB100233B800DB100232B70BF
:10359000124CE079D0B109F1010290453FBFC8F16A
:1035A000070189180919424628BFE11D56B194F850
:1035B000483094F8490043EA00233B80304603F04A
:1035C0007DFC01E0002FF9D115B90120BDE8F88399
:1035D00094F84A302B70F8E7074F0020004F002086
:1035E0000B4B024693F84B100F290ED8481CC0B263
:1035F000123183F84B0003EB8103110A1A715971E0
:10360000110C120E9971DA7170470020704700BFDB
:10361000004F0020054A92F84B3023B102F14C03D1
:10362000036092F84B301846704700BF004F0020EF
:10363000014B83F88C007047004F0020014B83F84A
:103640008D007047004F0020034B93F88D00003829
:1036500018BF0120704700BF004F0020704770471F
:103660007047704770470020704701207047002066
:103670007047002070470000044B0A0901F00F0159
:103680009A5C5B5C0270437002207047E083000824
:1036900038B505460C46090EFFF7EEFFC4F30741A7
:1036A000A81CFFF7E9FFC4F30721281DFFF7E4FF7B
:1036B000E1B2A81DFFF7E0FF082038BD0023F0B5F8
:1036C0000A4605461C460A20E2B91846234650EA37
:1036D000030404BF012013460A274FF0000C2C18E6
:1036E000B1FBF7F6C4F1010207FB16112A440244AC
:1036F000824201F130017CEB030204F8011D3146E6
:10370000EED3F0BD0133B2FBF0F244F10004DBE78D
:10371000F8B5154606460F46FFF7D0FF854204462A
:103720000AD92A463021304603F09FFB281B394630
:103730003044FFF7C3FF2C462046F8BDF8B5079D7F
:10374000C8B15F19974216D354189C4213D39342C1
:1037500027BF9B1A2A46D11AAA1A36BFD2180021AF
:103760000023E61B1644A74288BF3246069C184435
:10377000214403F0A3FB2846F8BD2DE9F341089C42
:10378000054620460E4617469846FCF7C1FE4346BE
:1037900001903A46314628460094FFF7CFFF02B029
:1037A000BDE8F08170B503460D46164648B9EFF303
:1037B000108472B602460146FFF7D4FE10B184F3BE
:1037C000108870BD31462846FFF78EFE84F31088BE
:1037D000EFF30383DB06F4D1FEF7D6F9F1E710B57A
:1037E000EFF3108472B6FFF7A3FE84F3108810BDC8
:1037F0002F4BF7B51C690546002C56D00422002338
:1038000001460DEB0200019303F058FB019804F10F
:10381000D4035A7819785E7941EA02219A7841EA0C
:103820000241DA7841EA02611A7942EA06229E7977
:1038300042EA0642DE7942EA066251EA020602D113
:10384000002003B0F0BD884201D3904201D9143367
:10385000DFE704260422A9190DEB020003F02EFB7A
:10386000019804F10C035A7819785F7941EA022132
:103870009A7841EA0241DA7841EA02611A7942EA29
:1038800007229F7942EA0742DF7942EA076251EA5A
:103890000207D5D0884201D3904201D91433E2E720
:1038A0000436102ED6D10120CBE72046C9E700BF51
:1038B0000C73000808B5084B02461B680BB11B6A65
:1038C00023B9BDE808401046FFF792BF984700387B
:1038D00018BF012008BD00BFFC0100200B4A0346B1
:1038E000126812B1526A02B110471A783A2A08D106
:1038F000187A302807D0323803288CBF00200120E6
:103900007047002070470120704700BFFC01002075
:1039100070470000074A08B51368032043F01003FE
:10392000136000F017F80F2001F062F9FFF7F0FFC5
:10393000002008BD0020024013B5019001F0A4F959
:10394000044601F0A1F9019B001B9842F9D302B093
:1039500010BD000007490302CA6803F4E06322F4C3
:10396000E0621204120C134343F0BF6343F40033CC
:10397000CB60704700ED00E0104AD368D80641BF25
:103980000F49CB6943F00203CB61D368590741BFAC
:103990000B4AD36943F00103D361084BDA69D207BC
:1039A00008D50749CA6942F00402CA61DA6922F0FF
:1039B0000102DA611422DA60704700BF0020024081
:1039C000F0180020064B1A69120641BF054A002074
:1039D0005A6002F1883254BF01205A60704700BF1C
:1039E0000020024023016745034A0020136943F089
:1039F00080031361704700BF0020024070B5054688
:103A000001F042F90646114CE368D80712D4E36886
:103A1000990644BF2023E360E368DA0606D4E3692D
:103A2000DB0703D4E06810F0040007D0FFF7A4FF21
:103A3000012003E06B1CE7D00DB9032070BD01F03D
:103A400023F9801BA842DFD9F7E700BF002002401E
:103A50002DE9F84FDFF898901E4699F81830044683
:103A6000012B0D46174640D001234CF2503089F807
:103A70001830FFF7C3FF98BB012C03D0022C14BFF2
:103A8000042402244FF00008C346DFF868A04FEA80
:103A90000813C3F12001A3F1200206FA01F127FA6D
:103AA00003F3C9F81CB00B4326FA02F21343DAF809
:103AB00010204CF2503042F00102CAF8102025F8D4
:103AC0001830FFF79BFFDAF8103023F00103CAF833
:103AD000103028B908F101085FFA88F39C42D6D863
:103AE000002389F81830BDE8F88F0220FBE700BFFB
:103AF000F0180020002002400022064BDA61064B3D
:103B00001A6942F002021A6158611A6942F04002D1
:103B10001A617047F0180020002002402DE9F041A2
:103B2000264E0746337E8846012B44D00124347646
:103B300003684CF25030022B1AD1FFF75FFF20B11F
:103B4000012000233376BDE8F0811D4CF06123692C
:103B50004CF2503043F004032361236943F04003E7
:103B60002361FFF74BFF236923F004032361E8E798
:103B7000FFF744FF0028E3D14FF0FF33C8F80030CF
:103B80002046BD680E4CFA68BB6803EB8223AB424B
:103B9000D7D92846FFF7B0FF4CF25030FFF72EFF81
:103BA000236923F00203236110B1C8F80050C8E76D
:103BB00005F58065E7E70220C5E700BFF0180020A3
:103BC000002002402DE9F74F00244FF0010826465F
:103BD0004FF00F0EDFF880C1604B0A6808FA06F755
:103BE00007EA020537EA020278D14A68032A07D8B1
:103BF000013A022A00F28A80DFE802F0989DA300D1
:103C0000122A00F09B8070D8112A00F09180FF2DBD
:103C100092BF814600F10409A6F10802D9F80070AC
:103C200094BFB20092000EFA02FA27EA0A0704FAD9
:103C300002F21743C9F80070D1F8049019F0805FC0
:103C40004CD0DCF8182026F0030742F00102CCF833
:103C50001820DCF8182007F1804702F001020192D9
:103C600007F5803706F0030A019A4FEA8A0ABA6814
:103C70000EFA0AFB22EA0B0B394A904265D002F594
:103C80008062904263D002F58062904261D002F57A
:103C90008062904214BF0422032202FA0AF242EA2E
:103CA0000B02BA601A6819F4803F14BF2A43AA4372
:103CB0001A605A6819F4003F14BF2A43AA435A6095
:103CC0009A6819F4801F14BF2A43AA439A60DA68DD
:103CD00019F4001F14BF2A43AA43DA600136102EDC
:103CE0007FF47BAF03B0BDE8F08FDFF878904A45F2
:103CF0000CD014D8A9F580194A4507D009F57029C8
:103D00004A4503D0A9F580194A4580D18A68D2B1C5
:103D1000012A4FF008040CBF0761476177E7DFF81D
:103D200048904A45F2D009F58039EDE7CC686EE756
:103D3000CC6804346BE7CC68083468E7CC680C3492
:103D400065E7002463E7042461E70022A5E7012278
:103D5000A3E70222A1E700BF0010024000040140D7
:103D60000008014000002210000031100AB101617A
:103D700070470904FBE7000003682DE9F341DE0703
:103D8000054630D42B689C0700F19D802B681A07EC
:103D90001FD5AA690123934E9349002A00F006819A
:103DA00093FAA3F2B2FA82F241F8223000F06CFFEB
:103DB0000746022494FAA4F4736A002C00F0F480FD
:103DC000B4FA84F2D340DB0740F1E7800120FFF72B
:103DD000B3FD2B68590700F10981EA69002A40F018
:103DE0007C8100201DE07F4C636803F00C03042BF2
:103DF00007D0636803F00C03082B15D16368D80360
:103E000012D54FF4003393FAA3F322680BB1B3FA3F
:103E100083F322FA03F3D907B4D56B68002BB1D131
:103E2000012002B0BDE8F0816B68B3F5803F19D185
:103E3000236843F48033236000F026FF07464FF4E5
:103E4000003696FAA6F62368002E38D0B6FA86F227
:103E5000D340DA0796D400F017FFC01B6428F2D9CC
:103E60000320DEE7E3B923684FF4003696FAA6F69E
:103E700023F480332360236823F48023236000F03D
:103E800003FF07462368E6B1B6FA86F2D340DB07A4
:103E90007FF578AF00F0F8FEC01B6428F2D9DFE7A9
:103EA000B3F5A02F236803D143F480232360BFE739
:103EB00023F480332360236823F48023BBE7324656
:103EC000C6E73246E2E7474C636813F00C0F07D0B1
:103ED000636803F00C03082B1DD16368DF031AD459
:103EE000022393FAA3F322680BB1B3FA83F322FA05
:103EF00003F3DE0702D52B69012B91D1F82292FA48
:103F0000A2F2B2FA82F22368696923F0F8039140C1
:103F10000B4323603AE72A690123F2B193FAA3F233
:103F2000B2FA82F2920002F1844202F58402136036
:103F300000F0AAFE0746022696FAA6F6236856B1B6
:103F4000B6FA86F2D340D807D8D400F09DFEC01B45
:103F50000228F3D984E73246F4E793FAA3F3B3FADD
:103F600083F39B0003F1844303F584031A6000F09C
:103F70008BFE0746022696FAA6F623685EB1B6FACD
:103F800086F2D340D9077FF501AF00F07DFEC01B5C
:103F90000228F2D964E73246F3E700F075FEC01B51
:103FA00002287FF609AF5BE722460BE793FAA3F3FB
:103FB000B3FA83F341F8232000F066FE074602249B
:103FC00094FAA4F4736A5CB1B4FA84F2D340D807CB
:103FD0007FF5FFAE00F058FEC01B0228F2D93FE784
:103FE0002246F3E70010024080044242784C794EAA
:103FF000E36943F08053E361E36903F08053019385
:10400000019B336843F48073336000F03DFE074644
:104010003368DA0522D5EB68012B25D1236A43F0FA
:104020000103236200F030FE07464FF0020898FAC1
:10403000A8F698FAA8F3002B47D1636A002E46D061
:10404000B6FA86F2D340DB073FF5C7AE00F01CFEA0
:1040500041F28833C01B9842EBD901E700F014FE0F
:10406000C01B6428D4D9FBE60BBB236A4FF00208BF
:1040700098FAA8F623F001032362236A23F00403CD
:10408000236200F001FE074698FAA8F30BB3236AF7
:104090000EB3B6FA86F2D340D8077FF59EAE00F095
:1040A000F3FD41F28833C01B9842EDD9D8E6052BC9
:1040B000236A03D143F004032362AFE723F0010333
:1040C0002362236A23F00403ABE7236AB6E7324690
:1040D000B8E7636ADCE73246DDE73D4C636803F02E
:1040E0000C03082B3FF49CAE4FF0807393FAA3F3BC
:1040F000B3FA83F3022A4FF000024FEA830303F17D
:10410000844303F584031A604BD100F0BDFD0746DC
:104110004FF0007696FAA6F62368002E3DD0B6FA48
:1041200086F2D340D90732D42B6AB3F5803F05D14C
:104130006268A96822F400320A436260696A6268B0
:104140000B4322F47412134363604FF0807393FAAD
:10415000A3F3B3FA83F301229B0003F1844303F535
:1041600084031A6000F090FD06464FF0007595FA42
:10417000A5F523689DB1B5FA85F2D340DA073FF57E
:1041800030AE00F081FD801B0228F2D968E600F015
:104190007BFDC01B0228BFD962E63246C1E72A4632
:1041A000EBE700F071FD06464FF0007595FAA5F5B6
:1041B00023685DB1B5FA85F2D340DB077FF511AE18
:1041C00000F062FD801B0228F2D949E62A46F3E797
:1041D000001002400070004010B586B01A4910224D
:1041E00002A802F06BFE40F20123184CADF8043037
:1041F000616801F00C03082B24D14FF4701292FA7D
:10420000A2F2B2FA82F201F47013D34018336B4475
:1042100013F8100CCB0313D54FF4003292FAA2F22C
:10422000B2FA82F2636803F40033D34018336B446C
:1042300013F8142C064BB3FBF2F3584306B010BD31
:10424000044BFAE70248F9E7657F000800100240D6
:1042500000127A0000093D00524A2DE9F04113682E
:10426000064603F007038B420D462ED332689407AF
:1042700038D4D0073ED44B4A136803F00703AB424F
:104280007ED83268484C12F0040F40F08480130747
:1042900006D56368326923F4605343EAC20363605E
:1042A000FFF79AFFF02292FAA2F2B2FA82F2636862
:1042B00003F0F003D3403D4AD35CD8403C4B186038
:1042C0000F2000F095FC00200AE0136823F007039C
:1042D0000B431360136803F007038B42C6D0012021
:1042E000BDE8F0813049B0684B6823F0F003034328
:1042F0004B60BEE772682C4C012A216823D14FF431
:10430000003393FAA3F30BB1B3FA83F321FA03F367
:10431000D907E4D5636841F2883823F003031343D7
:10432000636000F0B1FC73680746012B11D163682C
:1043300003F00C03042B9ED000F0A6FCC01B4045EC
:10434000F5D90320CCE7022A0CBF4FF000730223FB
:10435000D7E7022B0FD1636803F00C03082B8AD038
:1043600000F092FCC01B4045F5D9EAE700F08CFC58
:10437000C01B4045E5D8636813F00C0FF6D17AE70F
:10438000136823F007032B431360136803F007033C
:10439000AB42A4D175E76368F16823F4E0630B4393
:1043A000636074E70020024000100240F1830008BF
:1043B000D00100200F2303600B4B5A6802F0030268
:1043C00042605A6802F0F00282605A6802F4E062C9
:1043D000C2605B68DB0803F4E0630361034B1B68A6
:1043E00003F007030B6070470010024000200240FA
:1043F000036A70B523F001030362036A44688269AB
:104400000D6822F073022A438D6823F002032B43C8
:104410000A4DA8420BD1CD6823F008032B438E69C7
:104420004D6924F44074354323F004032C43446065
:1044300082614A684263036270BD00BF002C014084
:10444000036A70B523F480730362036A4468C26927
:104450000D6822F073022A438D6823F4007343EA47
:1044600005230B4DA8420DD1CD6823F4006343EA28
:1044700005238E694D6924F44054354323F4806349
:1044800044EA05144460C2614A68C263036270BDB5
:10449000002C0140036A30B523F480530362036AA1
:1044A0004468C2690D6822F4E64242EA05228D683A
:1044B00023F4005343EA0533064DA84202BF4D6979
:1044C00024F4804444EA85144460C2614A6802646A
:1044D000036230BD002C014070477047022341F257
:1044E000111210B580F8393003680446196A114278
:1044F00008D140F24442196A114202BF1A6822F000
:1045000001021A602046FFF7E8FF002084F8390016
:1045100084F8380010BD0223026880F8393013682F
:1045200043F001031360012380F839300020704705
:1045300070477047022341F2111210B580F83930EC
:1045400003680446196A114208D140F24442196ACC
:10455000114202BF1A6822F001021A602046FFF7DA
:10456000E8FF002084F8390084F8380010BD00000E
:10457000184A036890420AD0B0F1804F07D0A2F5E4
:104580009432904203D002F58062904215D14A687D
:1045900023F0700313430F4A90420AD0B0F1804FCA
:1045A00007D0A2F59432904203D002F58062904287
:1045B00003D1CA6823F44073134303608B68C3625A
:1045C0000B688362034B984204BF0B6903630123AA
:1045D00043617047002C014010B50446A0B190F82B
:1045E000393003F0FF021BB980F83820FFF774FF61
:1045F0000223206884F83930211DFFF7B9FF012319
:10460000002084F8393010BD0120FCE710B50446C5
:10461000A0B190F8393003F0FF021BB980F83820C0
:10462000FFF786FF0223206884F83930211DFFF749
:104630009FFF0123002084F8393010BD0120FCE7E2
:10464000036A70B523F010030362036A4468826949
:104650000D6822F4E64242EA05228D6823F0200329
:1046600043EA05130B4DA8420DD1CD6823F080031A
:1046700043EA05138E694D6924F44064354323F001
:10468000400344EA8504446082614A6882630362AD
:1046900070BD00BF002C014038B590F8383004469A
:1046A000012B4FF002000DD0082A84F839003CD0CD
:1046B00009D8D2B1042A28D00123002084F8393047
:1046C00084F8380038BD0C2AF6D12068FFF7E2FEE6
:1046D000C3690A6943F40063C361C36923F4806357
:1046E000C361C36943EA02232DE02068FFF780FE1F
:1046F00083690A6943F008038361836923F0040333
:104700008361836913438361D6E72068FFF798FFCD
:1047100083690A6943F400638361836923F48063D6
:104720008361836943EA0223EDE72068FFF788FE8F
:10473000C3690A6943F00803C361C36923F0040332
:10474000C361C3691343C361B6E710B50124036AAB
:104750008C4023EA04030362036A8A401A4302621C
:1047600010BD0000006808B50122FFF7EEFF064B00
:10477000984202BF436C43F400434364036843F030
:1047800001030360002008BD002C0140FFF7EABFD1
:104790000F4B1A6842F001021A6059680D4A0A402C
:1047A0005A601A6822F0847222F480321A601A6801
:1047B00022F480221A605A6822F4FE025A604FF4F2
:1047C0001F029A604FF00062034B9A60704700BF6F
:1047D000001002400000FFF800ED00E00F4A5368AF
:1047E00003F00C03082B17D153685168C3F38343BC
:1047F000C80303F1020302D5516889030AD50849A9
:104800004B4352680749C2F303128A5CD340064AFD
:10481000136070470549F3E7044BF2E700100240CC
:1048200000093D00F1830008D001002000127A0049
:10483000002070470020704710B586B00446FFF78F
:10484000C1F81022002102A802F00FFB00230293FE
:10485000012301A902A804940593FFF75FF9044618
:10486000FFF7C2F8201E18BF012006B010BD0000DF
:1048700070B50D461446861AFFF7A4F815F0030F1D
:104880004FF06E020CBF012000200C49FEF78AFF9A
:1048900025F003052544AC4204D10024FFF7A4F819
:1048A000204670BD31190023022054F8042BFFF775
:1048B000CFF80028EFD00124F0E700BF987300087C
:1048C0002DE9F041854C98B0A3694FF4004743F0BF
:1048D0000403A361A369012503F004030093009B73
:1048E000A369032643F00803A361A3697C4A03F08C
:1048F00008030193019BA36908A943F01003A36176
:10490000A3694FF4806803F010030293029BA3692C
:1049100043F02003A361A36903F020030393039BE7
:10492000A36943F00103A361A36903F001030493A6
:10493000049B536823F0E06343F000735360A36962
:1049400043F00403A361A36903F004030593059BEB
:10495000644B5F6118460B9609950897FFF732F98B
:104960002A464FF400715F48FFF700FA4FF40073D6
:104970005C4808A908930B960995FFF723F92A4686
:104980004FF400615848FFF7F1F94FF400635648BF
:1049900008A908930B960995FFF714F92A464FF4D6
:1049A00080615148FFF7E2F94F4808A90B96099535
:1049B000CDF82080FFF706F92A4641464A48FFF71E
:1049C000D5F9494808A90B960995CDF82080FFF73D
:1049D000F9F82A4629464448FFF7C8F91123424806
:1049E00008A9099308950A95FFF7ECF800223946C3
:1049F0003D48FFF7BBF93C4808A90B960995089775
:104A00000225FFF7DFF84FF48073364808A90893B2
:104A10000B960995FFF7D6F806A90CA8FFF7CAFC74
:104A2000324B1E68109BB3F5205F04D0B3F5405F96
:104A30000CBF04250125B6FBF5F62D4B0027B6FB70
:104A4000F3F62C4D2C4B013EEE606F602F61AF6092
:104A50006F612B60A369284643F40063A361A369D7
:104A600003F400630793079BFFF764FD804618B1CA
:104A700052223846214907E02846FFF7C7FD044681
:104A800058B1582240461D49FEF78CFE1C4B11932D
:104A9000119B03BB18B0BDE8F08170230246129051
:104AA0001390149015901690179011A92846119301
:104AB000FFF7F2FD074618B1652220460F49E3E7EC
:104AC0002B68760801465E632846FFF75FFE0028E4
:104AD000DCD06C22CDE7119B013BD8E700100240EF
:104AE0000000014000080140000C0140D0010020FE
:104AF00000127A0010190020002C01409873000861
:104B000040420F00B0FA80F24FF480610148520930
:104B1000FFF72CB9000C0140FFF7F4BFFFF7F2BF1D
:104B2000024B9868C04300F001007047000C014040
:104B300000207047044B03F5FD610EC980E80E00AC
:104B40004FF0A533C360704700F0FF1F10B590B061
:104B50001422002101A802F088F90021282206A8C9
:104B600002F083F90024FFF739FEFEF7D3FE01219E
:104B700001A801910294FFF76FFB20B15F2220464C
:104B80001949FEF70FFE4FF4803301220E93CDE951
:104B90000623022300240D934FF4E01306A8089483
:104BA0000F93FFF7E9F820B16B2220460E49FEF77C
:104BB000F9FD0F230024019302214FF480630B4A77
:104BC0000291039404930594136801A843F0100321
:104BD0001360FFF741FB20B17A2220460249FEF71D
:104BE000E1FD10B010BD00BF987300080020024026
:104BF00000B589B001A903A8FFF7DCFB069A1F4B9B
:104C0000B2F5C06F1B6835D0B2F5E06F34D0B2F5A5
:104C1000A06F0CBF02220122B3FBF2F34FF47A62C1
:104C2000B3FBF2F34FF080411548013B4360002392
:104C300001604FF6FF7103618360436103F18043BC
:104C4000C16003F50433DA6942F00102DA61DB691D
:104C500003F001030293029BFFF740FC40B9094BAC
:104C600018600748FFF7B8FC10B90548FFF753FC78
:104C700009B000BD0422CFE70822CDE7D001002013
:104C8000501900204C190020EFF3108072B6074B2A
:104C9000074A1B6811685B6AC1EB9303C3F30D03FA
:104CA0000B44136080F3108810687047501900207F
:104CB0004C19002038B5144B1C68A2060AD51348BD
:104CC0005D68FBF746FE132802460FD90F48E9B28C
:104CD000FBF7E8FD230608D50D48FBF72DFE0A4C2F
:104CE00050B10B48FBF702FE606038BDF2D10949B4
:104CF0000648FBF73AFEEDE7E36823F0805323F024
:104D00008003E360F1E700BF004400408C190020FD
:104D10009C190020767F0008002070470020704713
:104D20000020704700207047002070477047002027
:104D3000704700207047000030B5002487B009227A
:104D400068460D4902F0BAF8694609220B4802F09C
:104D5000B5F80B4B172268460A491C7002F0AEF8F2
:104D600017226946084802F0A9F8044BDC7207B024
:104D7000BDE83040FDF70AB9EC720008AD1900201B
:104D8000B51A0020F5720008B619002010B5EFF32F
:104D9000108472B60749084A0B6842F823000722BC
:104DA0000133B3FBF2F2C2EBC2029B1A0B6084F335
:104DB000108810BDFC1A0020041B002000F00F0317
:104DC00003F1805303F5B8539B001A6801064CBFEA
:104DD00022F4E04222F4415222F030021204120C7A
:104DE0001A60704710B540F60F7400F00F0202F120
:104DF000805202F5B8529200136810F0800F03EA57
:104E0000040483EA010348F2800114BF03F0300375
:104E100003F4405323430B43136010BD4FF480123F
:104E2000014B1A60704700BF00E100E0064A08B578
:104E3000D36943F40003D361FFF7F0FF4FF400425E
:104E4000024B5A6108BD00BF00100240000801403B
:104E50000C4B0D4A78B10121C3F8401C0021C3F866
:104E6000401CC3F8441C4FF4E051C3F8401C4FF4FD
:104E70000043136170470321C3F8401C4FF4004303
:104E80005361704700500040000801404FF4801209
:104E90001D4BC3F88020BFF34F8FBFF36F8F0022ED
:104EA0001A4BC3F8442C1A4B1B6853B34FF43C42C3
:104EB0004FF480431343174A12681AB14FF48072BB
:104EC00043F400731A43114B3021C3F8402C0022E5
:104ED000C3F8502C104AB020126811607021916004
:104EE0000E49088048F2FF71D1604FF44852C3F870
:104EF000002C8022C3F84C2C4FF48012024B1A6015
:104F000070474FF41C42D5E700E100E0005000403C
:104F1000C0840008C4840008DC010020201B00209D
:104F2000064BD3F8402C42F00802C3F8402CD3F8CB
:104F3000402C42F00402C3F8402C7047005000405F
:104F4000034AD2F8403C23F00803C2F8403C7047C3
:104F5000005000407047000021B9034B40F0800032
:104F6000C3F84C0C704700BF0050004010B9B0228D
:104F7000014B1A80704700BF201B0020F0B51F4C6A
:104F80008778417903791E4E246807F00F023F06A7
:104F900043EA01234FEA021C318804EB02151AD5BB
:104FA000013344F80C1023F001031944C378318015
:104FB00003F00303013BDBB2022B8EBF4FF40073FF
:104FC000104931F81330134302F1805202F5B85200
:104FD00092001360F0BD3E2B83BF1F3323F01F03ED
:104FE0005C0101338BBF04F1FF3423F0010344F46F
:104FF00000445C02A960EC60D7E700BFDC01002040
:10500000201B0020E0840008704743F22001FFF7D6
:10501000E9BE0021FFF7E6BEFFF7D0BE41F2100166
:10502000FFF7E0BE08B5FFF7C9FEBDE8084043F250
:105030003001FFF7D7BE000038B5134C00F00F0366
:10504000246804EB0314A368E46803F10053C4F379
:105050000904944228BF1446621C03F5405322F011
:1050600001025B000A44914205D14FF44051FFF721
:10507000B9FE204638BD33F8045B023101F8025C0A
:105080002D0A01F8015CEEE7DC010020F8B51646B8
:10509000154B00F00F041B68220103EB04179B580B
:1050A000751C03F1005303F5405325F001055B0027
:1050B0000D44A9420FD104F1805303F5B8539B006E
:1050C0001B687E6003F03003102B02D03021FFF705
:1050D00089FE3046F8BD0A7891F801C0023142EAF3
:1050E0000C2243F8042BE4E7DC0100202DE9F04713
:1050F000284E2949D6F8443C086823F01F02024391
:105100000A6003F4FE42D243C6F8442C1A0406D5C2
:10511000224F40F60F78D6F8440C030403D4BDE8C0
:10512000F047FBF777BB00F00F0000F1805505F565
:10513000B855AD002C6814F4004A04F0800916D06C
:1051400004F40063034312D13B68DB68C3F3090333
:105150006BB9B9F1000F04D0114800EA0440FFF721
:1051600015FE04EA080343F080032B6006E040EAE2
:105170000440FFF70BFEBAF1000FF2D1B9F1000FB6
:10518000C9D024F0F0042405240D44F400442C601C
:10519000BFE700BF00500040F81A0020DC010020EB
:1051A0000000FF7F2DE9F041EFF3108272B600217D
:1051B000364B1C68196082F31088620507D5FFF72B
:1051C00065FE01F0EBF9324B1B6803B198472305EC
:1051D00005D5FFF7A5FE2F4B1B6803B19847E704E1
:1051E00005D5FFF7ADFE2C4B1B6803B19847A6050C
:1051F00003D52A4B1B6803B19847650404D5284B97
:105200001B680BB102209847A00404D5244B1B68EF
:105210000BB10120984721040BD5224E224C234D7F
:10522000EFF3108172B63268236881F310889A42D6
:1052300001D1BDE8F081EFF3108072B60722336828
:1052400055F823100133B3FBF2F2C2EBC2029B1AF2
:10525000336080F310880A021FFA81F84FEA114781
:1052600005D5134B53F828300BB1082098473B0461
:10527000D6D50F4B53F82830002BD1D017F4006F40
:105280000CBF042002209847CAE700BFF81A00208C
:10529000D0840008CC840008C8840008C4840008B6
:1052A000C0840008001B0020FC1A0020041B002002
:1052B0008084000800230C4AF02013600B4A0C493C
:1052C00013600C4A13600C4A13600C4A13600C4ABA
:1052D00013604FF0E02251610A4981F82300936185
:1052E00007231361704700BF381B0020341B0020C8
:1052F0007EFC0A00301B00202C1B0020281B0020F5
:10530000241B002000ED00E00C4B10B51A680C4C7B
:105310004AB10C4B1B6833B12068B0FBF3F103FBBF
:10532000110000B99047236801332360064B1A68C7
:1053300012B11A68013A1A6010BD00BF2C1B002080
:10534000381B0020281B0020301B0020014B186058
:10535000704700BF2C1B0020014B1860704700BF36
:10536000281B0020024B18601A68002AFCD17047E5
:10537000301B002072B6034A13680343136062B601
:10538000704700BF341B0020054B1A680242FCD056
:10539000186872B61A6822EA00021A6062B670478C
:1053A000341B0020014B1860704700BF241B0020F5
:1053B000024B1B680BB1002018477047241B0020CC
:1053C00008B5FFF777FF002008BD08B5FFF7EAFF33
:1053D000012008BD08B5FFF7EBFF002008BD10B5A0
:1053E0000C460846FFF7C6FF204610BD08B5FFF77C
:1053F000B9FF002008BD08B5FFF7A8FF012008BDD0
:1054000008B50846FFF7A8FF002008BDFFF7BCBF9E
:10541000002070470020704700207047012070472F
:1054200080B400AF154B1B69002B22D0134B1B69B6
:1054300093F89C2193F89D1109020A4393F89E1159
:1054400009040A4393F89F311B061343002B10D025
:105450000A4B1B6993F89C2193F89D1109020A439A
:1054600093F89E1109040A4393F89F311B061343D6
:1054700000E0034B1846BD4680BC70470C73000823
:105480001073000880B400AF0F4B1B69002B14D0C1
:105490000D4B1B6993F8A02193F8A1311B02134314
:1054A0009BB2002B09D0084B1B6993F8A02193F8FD
:1054B000A1311B0213439BB201E0034B5B881846EA
:1054C000BD4680BC704700BF0C73000800F058B8A0
:1054D00008B51A4A1A4B12781979914201D0002066
:1054E00008BD5A78FE2A13D0FF2AF8D1D9789A78C5
:1054F00042EA01229979DB7941EA03231A43EED18A
:1055000000F072F80028EAD001F0A4F80120E7E7E3
:105510009A78D97852EA0122E1D19A79DB7942EA84
:105520000323012BDBD100F073F80028D7D0054B03
:10553000054A1A6001F062F8E8E700BFB51A0020DA
:10554000A01B0020A81B0020B61A002070470000F6
:1055500010B50446FFF762FD230654BF01234FF444
:105560008030064A54BF03FA04F004F00F041368B5
:1055700048BFA0400343136010BD00BFB81B00200C
:10558000144B1B791A0603F08F0045BF03F00F027E
:105590004FF48033012393400F4A58BF8340127861
:1055A00042F08002824214D10C4A1268134210D099
:1055B0000B494A780B7843EA02238A7843EA02438C
:1055C000CA7843EA0263074A934202D10D22FFF7E9
:1055D0005DBD7047A01B0020DB840008B81B0020C5
:1055E000581B0020555342530023064A01201360E4
:1055F000054A137053709370D3700722034B1A70CF
:10560000704700BFB41B0020581B0020401B002027
:105610000022024B01201A70704700BFB61A00200A
:1056200010B5194A194C517A137A43EA0123917A39
:10563000D27A43EA014343EA02632268144993425F
:1056400097BF1A460423236003230B70114B1249A2
:10565000187840F08000FFF719FD104A517A137A4C
:1056600043EA0123917A43EA0143D17A43EA016391
:1056700021685B1A190A13725172190C1B0ED3722E
:1056800000231373917210BD651B00203C1B00208A
:10569000401B0020DB840008751A0020581B0020E6
:1056A00008B55523084942220B7053234B70CB7029
:1056B000064B8A7018780D2240F08000FFF7E6FC58
:1056C0000522034B1A7008BD581B0020DB8400081C
:1056D000401B002038B51A4B1C681A4B1C606CBB71
:1056E000194A1A4D517A137A43EA0123917A43EA0F
:1056F0000143D17A53EA016309D092F90C30A342F5
:105700000BDA134B187840F08000FFF721FF0123DC
:105710002B73FFF7C5FF204638BD6A7A2B7A43EA20
:105720000223AA7A43EA0243EA7A43EA0263094A75
:1057300012689342EBD0084B1878E6E70124EAE7B9
:105740009C1B0020541B0020651B0020581B0020C0
:10575000DB8400083C1B0020DA8400082DE9F843B4
:105760003C4F3D4B3A681B683C4D9A423DD3002666
:105770003B4B187840F08000FFF7EAFE2E73FFF7EE
:105780008FFFFFF7A7FF041E18BF3446354EDFF822
:10579000D8803368DFF8D490002B31D1002C31D081
:1057A000334AD8F80030126838681A44013AB2FB1C
:1057B000F3F2D9F800309A4228BF1A462D4B1968E7
:1057C000FCF706FC2B4B264A1968107833682246F2
:1057D000194440F08000FFF759FC254933680A68F6
:1057E0002344121B33600A600CE0234B1A78234BCE
:1057F00033F812601E4B1B689E4228BF1E46C0E74E
:10580000002CDFD1D9F80010D8F800204A439A4282
:1058100004D1002333603B680B443B606A7A2B7AE7
:1058200043EA0223AA7A43EA0243EA7A43EA02639A
:105830001B1B1A0A2B726A721A0C1B0EAA72EB72CD
:1058400034B10B4B1B681BB903210D4A2B7311702C
:10585000BDE8F8834C1B0020881B0020581B00204B
:10586000DB840008481B0020901B00208C1B0020BC
:10587000441B0020841B0020B11B0020D68400089C
:10588000401B00202DE9F843454E464B32681B680B
:10589000454F9A4209D30024444B3C601878FFF7E7
:1058A00057FE434B1C73FFF7FBFEFFF713FF00B9D6
:1058B0003860DFF800813A68D8F800303E48134479
:1058C000026893424CD800213C4C3D4D3A68D8F8D0
:1058D00000308A424BD83B4D13442968C8F8003049
:1058E000A1EB0209C5F80090CAB1374C01682268E3
:1058F000B9F1000F43D1002B41D04C1E1C44B4FB26
:10590000F1F4944228BF14462D4B224619683068A2
:10591000FCF774FB3368C8F8009023443360244AD2
:105920003968507A137A43EA0023907A43EA0043B5
:10593000D07A43EA00635B1A180A13725072180C8B
:105940001B0E9072D37249B32B681BB11F4B1B788F
:10595000052B23D100231373BDE8F843FFF7A0BE46
:10596000FE22BDE8F84300201949FDF71BBF2A6855
:1059700014F801CB0A4402F803C00131A6E75143F1
:105980008B42CCD10E4B30681968FCF737FB0023F3
:105990002268C8F8003033681344BFE7BDE8F883D5
:1059A0004C1B0020881B00203C1B0020DA840008D0
:1059B000581B0020481B0020901B0020751A002057
:1059C000841B0020441B00208C1B0020401B002057
:1059D00098730008F8B53C4D3C4B2A681B683C4F57
:1059E0009A4209D300243B4B3C601878FFF7B0FD86
:1059F000394B1C73FFF754FEFFF76CFE374C10B9A0
:105A00003860002128E03A682368002AF9D0344E33
:105A100083B9344B344A1B68126831681A44013A1E
:105A2000B2FBF3F2314B28681B689A4228BF1A4632
:105A3000FCF7CEFA2368366839689A192C480B446B
:105A40003344934208D012F8017B10F8016BB7423F
:105A5000F7D00022274B1A60234A236810680B44B2
:105A6000401A1060214A236016681E4A1268724369
:105A7000934204D1002323602B6833442B60164AE1
:105A8000547A137A43EA0423947A43EA0443D47A97
:105A900043EA04635B1A1C0A137254721C0C1B0E3B
:105AA0009472D37271B118B1134B1B78052B09D1C5
:105AB000104B1B68B3FA83F35B091373BDE8F8401E
:105AC000FFF7EEBDF8BD00BF4C1B0020881B002077
:105AD0003C1B0020DA840008581B0020481B0020D3
:105AE000841B0020901B0020441B00208C1B0020E6
:105AF000751A0020501B0020401B0020002110B50B
:105B00002F4CA27C637C43EA0223E27C43EA0243FB
:105B1000227D43EA02632B4A1BBA13602A4A1160B2
:105B2000E27BA82A23D01CD82A2A2CD02F2A2AD0BC
:105B3000282A2CD0254A12685343254A1360617ADB
:105B4000227A42EA0122A17A42EA0142E17A52EA49
:105B5000016223D101221F4B1A73FFF7A1FD002020
:105B600010BDAA2AE6D1FFF7B5FD0028F7D0A27D27
:105B7000637D43EA0223E27D43EA0243227E43EA55
:105B800002631BBAD6E7FFF7A5FD0028E7D0A37D87
:105B9000E27D43EA02235BBA9BB2CBE793420DD08E
:105BA00094F90C30002BB5BF0B4B0C4B18781878C0
:105BB000B8BF40F08000FFF7CBFCCBE70120CFE778
:105BC000651B00204C1B0020481B0020901B002060
:105BD000441B0020581B0020DB840008DA840008E6
:105BE00008B50F4A517A137A43EA0123917A43EABE
:105BF0000143D17A53EA016306D10222094B1A7399
:105C0000FFF74EFD002008BD92F90C30002B04DB9D
:105C1000054B1878FFF79CFCEFE70120F3E700BF86
:105C2000651B0020581B0020DA84000810B5FFF720
:105C3000D7FF00283AD0702200241D4B1D481A704F
:105C40001D4A5C701268016832EA01011BD006210E
:105C5000997028215C731973026000220A21DA709E
:105C60001A715A719A711A725A729A72DA729A7316
:105C7000DA731A745A741222D971104BBDE81040AD
:105C80001A60FFF7CDBC2AB9022199703A21197325
:105C90005A73E2E70A4A127B12B99A701A73F7E74D
:105CA00005229A70202259731A73D6E710BD00BFDF
:105CB000751A0020541B00209C1B00203C1B002058
:105CC000581B002008B5FFF78BFFF0B180210F4B68
:105CD0000022597002219970D97020211A705A71CE
:105CE0009A71DA710A4A197110680822017851B163
:105CF000013099540132242AF8D1064B1A60BDE8CC
:105D00000840FFF78DBC2021F3E708BD751A00207D
:105D1000D40100203C1B002010B5FFF761FF48B301
:105D2000FFF7D8FC30B30322134B04201A70002273
:105D300012495A700978DA70C9019970104B1860CD
:105D4000104B5C7A197A41EA04219C7A41EA0441B9
:105D5000DC7A41EA0461814208D90B491872087261
:105D60004A728A72CA725A729A72DA72BDE8104026
:105D7000FFF756BC10BD00BF751A0020981B00200D
:105D80003C1B0020581B0020651B002010B5FFF7AE
:105D900027FF68B3FFF79EFC50B3062100230820BD
:105DA000144A517014491370937009781371C90122
:105DB000D17053719371D371104A1060104A547AA4
:105DC000117A41EA0421947A41EA0441D47A41EA01
:105DD0000461814208D90B49107208724B728B72B0
:105DE000CB7253729372D372BDE81040FFF718BCA8
:105DF00010BD00BF751A0020981B00203C1B00201E
:105E0000581B0020651B002008B5FFF7E9FEE8B12C
:105E1000FFF760FCD0B10E4B1A680E4B013A110E21
:105E20001970110C5970DA70110A0B4A99701268C6
:105E3000110E1971110C5971DA71110A0822997138
:105E4000064B1A60BDE80840FFF7EABB08BD00BF7B
:105E5000881B0020751A0020901B00203C1B00208E
:105E600010B5FFF7BDFE002839D0FFF733FC00283E
:105E700035D0082100221A4BD9701A491A705A706D
:105E80009A700968080E1871080C5871D971080ABF
:105E900002211972144998710968080C5872080A8D
:105EA00098720C20D972114B1860114B5C7A197AD8
:105EB00041EA04219C7A41EA0441DC7A41EA046126
:105EC000814208D90B49187208724A728A72CA72E2
:105ED0005A729A72DA72BDE81040FFF7A1BB10BD8A
:105EE000751A0020881B0020901B00203C1B0020FE
:105EF000581B0020651B002038B5FFF771FE0028F5
:105F00003CD0022203211E4B1E4D1A705A701E4BAC
:105F10001E4C2A601970617A237A43EA0123A17A20
:105F200043EA0143E17A43EA0163934209D900233A
:105F3000174922720A724B728B72CB726372A37210
:105F4000E372144B022218780D4940F08000FFF7ED
:105F50009DF8627A237A43EA0223A27A43EA024353
:105F6000E27A43EA02632A689B1A1A0A237262726F
:105F70001A0C1B0EE3720123A272237338BD00BFFB
:105F8000751A00203C1B0020401B0020581B0020DD
:105F9000651B0020DB84000810B5FFF721FE38B335
:105FA000202200231349144C0A704B70CB77032135
:105FB000124B22601970124B0E49187840F0800085
:105FC000FFF764F80F4A517A137A43EA0123917A72
:105FD00043EA0143D17A43EA016321685B1A190A53
:105FE00013725172190C1B0ED37201239172137329
:105FF00010BD00BF751A00203C1B0020401B002074
:10600000DB840008581B002010B5134A517A137A1C
:1060100043EA0123917A43EA0143D17A53EA0164C6
:1060200013D092F90C30002BB5BF0C4B0C4B1878E9
:106030001878B8BF40F08000FFF78AFA0122094BB8
:106040001A73BDE81040FFF72BBBFFF743FB10B1FD
:10605000044B1C73F5E710BD651B0020DB840008B2
:10606000DA840008581B002038B5094B094C9D7C88
:106070005DB9D87C084B00F001001860FFF766FAA4
:106080002573BDE83840FFF70BBB01232373F8E706
:10609000651B0020581B00209C1B0020034B044A5A
:1060A000DB7C03F001031373FFF7FABA651B0020D2
:1060B000581B00200022024B1A73FFF7F1BA00BFF1
:1060C000581B0020A24BA34A196870B51F290D4622
:1060D0004FF0000328BF1F2514469F48AB4240D114
:1060E0001F2940F018816278237843EA0223A278BE
:1060F00043EA0243E27843EA0263984A934240F05B
:106100000A8162792379964D43EA0223A27943EA10
:106110000243E27943EA02631A0A2B716A711A0C8C
:106120001B0EAA71EB71627A237A43EA0223A27AE8
:1061300043EA0243E27A43EA02631A0A2B726A7262
:106140001A0C1B0EEB72637BAA7223B9A37B013B73
:10615000DBB20F2B0BD901232B73BDE87040FFF787
:106160009FBA10F8016B013302F8016BB6E7E37BCD
:106170002F2B5DD8192B29D8032B67D0122B69D070
:10618000002BE8D1BDE87040FFF73EBF9E3B0C2BD3
:10619000E1D801A252F823F0956200085761000887
:1061A000576100088D620008576100080963000804
:1061B00057610008576100085761000857610008DF
:1061C0009D62000857610008C56200081A3B152B44
:1061D000C1D801A252F823F06D6200085D62000888
:1061E00057610008576100086562000857610008A0
:1061F0005761000857610008576100087D62000878
:10620000576100088562000857610008576100085F
:106210009D62000857610008C562000857610008C8
:10622000576100085761000857610008DB620008E9
:10623000AA2B90D89D2BA9D85A2B1BD0912B01D0DB
:10624000352B88D1BDE87040FFF734BFBDE8704002
:10625000FFF7ECBCBDE87040FFF734BDBDE870400F
:10626000FFF702BFBDE87040FFF718BFBDE8704000
:10627000FFF752BDBDE87040FFF788BDBDE8704034
:10628000FFF7EEBDBDE87040FFF7BEBDBDE8704052
:10629000FFF732BEBDE87040FFF77EBEFFF72EFC71
:1062A00060B394F90C30002B06DA02222D4B1A70E1
:1062B000BDE87040FFF752BA2B4B1878FFF748F94A
:1062C000022349E7FFF71AFCC0B194F90C30002B08
:1062D00015DB0122234B1A7010E0237C13F002031C
:1062E0003FF43AAFFFF70AFC40B194F90C30002BB1
:1062F00005DB01231B4A13701C4A136070BD1C4B45
:10630000187840F08000D9E7194B187840F08000E9
:10631000FFF71EF91FE7164B164C1D7845F080005D
:10632000FFF716F94FF48033226805F00F05AB40F4
:10633000134323600C4B1D782846FFF709F901230E
:106340002268AB40134323600622064BC3E700BF1D
:106350003C1B0020651B0020751A0020555342434A
:10636000581B0020401B0020DA840008501B00202E
:10637000DB840008B41B002008B5104A1378023BE8
:10638000032B19D8DFE803F002120C160C4BDB7B51
:1063900003F07F03282B0FD1BDE80840FFF7DEB9DB
:1063A000084B187840F08000FFF7D2F8BDE80840AD
:1063B000FFF776B90023137008BD00BF401B002013
:1063C000651B0020DB84000808B5214B1A78072ADA
:1063D00031D8DFE802F02C043030301430261D4B69
:1063E000DB7B2F2B07D003F07F032A2B2ED1BDE8B8
:1063F0000840FFF747BABDE80840FFF7EBBA164B75
:1064000016491A7801239340154A1268134218BF9F
:106410000120BDE8084040F23F4208BF0020FDF7E0
:10642000C1B900221A700F4B1B681F2B0ED1BDE89B
:106430000840FFF747BE084B1878FFF789F802229B
:10644000094B1A73BDE80840FFF72AB908BD00BF21
:10645000401B0020651B0020DA84000898730008A8
:10646000B81B00203C1B0020581B002008B5064B21
:1064700006491A88064B1878FEF7DEFD054B1860B2
:10648000BDE80840FFF7A0BFD4840008751A0020BB
:10649000DA8400083C1B0020420710B5044602D5F0
:1064A0000020FFF7E3FF230703D5BDE81040FFF707
:1064B00063BF10BD2B4A70B5137813F01F0303D0D0
:1064C000022B19D000230FE09178D27841EA022202
:1064D000012A09D1244C48B11046FEF73BFD238820
:1064E00043F0020323800123184670BDFEF732FDFE
:1064F000238823F00203F5E711790B0649BF4FF417
:106500008034012401F00F039C40184B01F08F05EB
:106510001B7858BFAC40002BE6D011F00F03E3D03E
:10652000134B1B682340DFD09378D27853EA0223C1
:10653000C8D138B12846FEF771FD0E4A13682343CF
:106540001360D0E70C4B1B681C42CCD12846FEF7E9
:1065500069FD2846FEF7BAFF064A136823EA0403DA
:10656000EEE700BFA01B0020C21B0020C01B0020C4
:10657000BC1B0020B81B0020B41B0020002208B563
:10658000044B1A70FEF7D8FBFEF7D0FBBDE80840BD
:10659000FEF74CBCB11B0020FEF75ABC084B4FF075
:1065A00001111A78074B1A800023074A1370074A13
:1065B0001370074A1160074A1360074A1360704757
:1065C000DF840008C21B0020C11B0020C01B00206C
:1065D000BC1B0020B81B0020B41B0020024B187805
:1065E000003818BF01207047C01B0020082200207F
:1065F0000149FEF721BD00BFA01B002010B50A4ACB
:106600000A4C1278A3889A4228BF1A460AB9084B46
:106610001A7080202168FEF739FD23680344236047
:10662000A3881B1AA38010BDDC840008A81B0020CF
:10663000B01B002010B5064C0020A2882168FEF790
:10664000FBFC236803442360A3881B1AA38010BDAE
:10665000A81B0020002280201146FEF717BD000075
:10666000024B00201A780249FEF7E6BCDC840008E1
:10667000B61A00202DE9F04F10F0020F824687B0C5
:1066800000F08A80924CFFF7B1FF2078914DC0F363
:10669000C010FEF7B9FCE279A37943EA0223AB808C
:1066A0002378C3F34112012A00F04583022A00F047
:1066B0005783002A40F0B38063780B2B00F2AF8041
:1066C000DFE813F00C004D00AD005900AD005B0099
:1066D000A600AD00A601AC019102A502237803F04B
:1066E0001F03012B07D0022B15D0002B40F0978001
:1066F000794B2B6030E0794B1B78002B00F08F80BA
:10670000774B22791B789A4280F089800022754B62
:106710001A705A70EDE794F904302279002BB5BF56
:106720004FF48033012302F00F0102F08F018B4000
:106730006A49097809B9120771D16B4A1268134284
:106740006DD06A49674A09680B4214BF01230023D0
:106750001370002353702A60FFF750FF1CE00020E5
:10676000FFF7A8FE00285AD0FFF774FF604B1B68A4
:1067700093B1984710E00120F2E72378DF064ED16D
:10678000A0785C4B60F07F02012100F07F001A705E
:10679000FEF7E2FBFFF75EFF1AF0040F17D04C4D37
:1067A00095F90030002BC0F2F8824A4CA38873B1EF
:1067B000FFF740FFA38853B92B78C3F34112012A96
:1067C00000F0DB828020FEF729FC0023A3801AF072
:1067D000080F0DD03E4B93F90030002B80F2E08281
:1067E0003C4B9B8813B9444B1B780BB1FFF706FF5A
:1067F0001AF0400F02D00020FEF714FC1AF0800FB0
:1068000000F0DC82802007B0BDE8F04FFEF70ABC44
:10681000237813F01F0313D0012B00F0F18094F9BB
:106820000030002BC0F2A782A379E27953EA022359
:1068300000F0A1820020FEF7F1FB0023AB80ABE764
:10684000E378013B0E2BEAD801A252F823F000BFF7
:106850008D68000815690008AD6900081F68000808
:106860001F680008B56800086F6900081F68000805
:106870001F6800081F6800081F6800081F680008DC
:106880001F6800081F680008EB6900081B4B2B609D
:1068900012230593059BAA889A427FF65DAF184A9A
:1068A000AB801278013A1A427FF456AF0122124BA4
:1068B0001A7051E7134B1B78002BB0D0124B134AC0
:1068C0001978134B002908BF13462B600A23E0E711
:1068D000A01B0020A81B0020C21B0020C01B002002
:1068E000B21B0020B61A0020BC1B0020B81B0020E1
:1068F00074840008C11B0020B01B00205F840008C6
:10690000DC840008DE840008B11B00205E840008DF
:106910005D840008914A924B12781B7812B9012BC2
:106920003FF47DAF0222B3B98E4B04935A7000221C
:10693000049811460346A678B1420ED1002A08BF3A
:1069400003461A78002A3FF46AAF2B609A78DB7806
:1069500042EA03239DE7844BE7E71F782FB19A783B
:10696000DF7842EA0722134401220131E4E77B4B3E
:106970001B78002B3FF453AF794B07221B789BB950
:10698000794B04935A700022049811460346A67866
:10699000B142D3D01F782FB19A78DF7842EA07222C
:1069A000134401220131F3E76E4BEAE7A0786F4B05
:1069B0000328049316D1FCF7D9FB2860037868E715
:1069C0001E780EB10122334401318142F8D167496A
:1069D000002A08BF0B461A78002A3FF420AF2B602C
:1069E000059257E700221146EFE7614B1B78002B19
:1069F0003FF415AF5F4B1A782B60002AA6D10EE743
:106A000005A904A8FEF788F900287FF443AF06E73C
:106A10002378DE067FF403AF574B6AE62378D80667
:106A20007FF4FDAEA378002B00F0B8804B4A4C4BAE
:106A300012781B7812B9012B3FF4F1AE4A4E494A45
:106A40000027002B08BF1646DFF8308133784BB99A
:106A5000494BA2781B789A427FF4E1AEFFF7FAFD2A
:106A6000474B84E67378023B052B49D8DFE803F0F7
:106A7000034854564803A2787379934246D13E4A5C
:106A8000137032793F4B1A703F4B404A19880023EC
:106A900018468B4236D34FF0010BDFF8E09001230C
:106AA000D9F8001003FA0BF0084202D05846FEF75E
:106AB000B0FA4FF48033D9F8001003FA0BF0084213
:106AC00003D04BF08000FEF7A4FA0BF1010BBBF1F1
:106AD000100FE4D14FF00113C9F8003000232C4A05
:106AE000012013602B4A1360FEF740FA2A4AF1791D
:106AF000138849064CBF43F0010323F001031380C0
:106B0000337807E002F8010B0133C2E7B378F2787B
:106B100043EA02231E4499E7F778F1E7002FEFD10B
:106B2000B37830461A0603F08F0B45BF03F00F020F
:106B30004FF4803301239340D8F8002058BF03FA64
:106B40000BF31A43C8F80020FEF718FA5846FEF770
:106B50005CFA5846FEF760FAD2E700BFDE84000810
:106B6000B11B0020AD190020AC19002002840008E0
:106B7000DD8400085C840008C01B0020BC1B0020D2
:106B80007C840008B21B0020D8010020F61A0020E7
:106B9000B81B0020B41B0020C21B00200126B046F9
:106BA000884A894F13703A6808FA06F3134202D0F4
:106BB0003046FEF72EFA4FF480333A68B340134262
:106BC00003D046F08000FEF724FA0136102EEAD1F9
:106BD0004FF0011300203B607C4B18607C4B186029
:106BE000FEF7C4F934E7237803F01F03012B7FF489
:106BF00016AE744B1B78002B3FF411AE754A237907
:106C000012789A427FF60BAE734A134471E52378EB
:106C100003F01F03012B7FF402AE6A4B1B78002B9D
:106C20003FF4FDAD6D4A6E4B12781B7812B9012B03
:106C30003FF4F5AD4FF000086A4A6B4EC146002B99
:106C400008BF1646C3464246CDF80480317839B9AC
:106C5000B8F1000F3FF4E3ADFFF7FCFC634B86E5B2
:106C60007178023905294ED8DFE801F0034D0E2274
:106C70004D03544B70791978884244D0B178F0783C
:106C800041EA00210E44E1E796F802B02179F2785A
:106C900059450AD1A178914207D14FF001084E49D8
:106CA00011F80B30019301F80B204FF000092AE096
:106CB0002179594527D1B07807064CBF4FF480376A
:106CC000012700F08F0144BF00F00F008740A0783B
:106CD00058BF8F40904218D13B4B039218680291E5
:106CE00038431860394B49EA0709186820EA070059
:106CF00018603046FEF742F90298FEF786F90298CE
:106D0000FEF78AF9039A3178BCE7019B9A42FAD1DF
:106D100017EA090FF7D12C4B0292186820EA0700F6
:106D200018602A4B186820EA070018600846FEF72A
:106D300070F9029AE7E703F01F03012B7FF46FADB0
:106D4000FDF7ECFF00287FF427ADFEF7C1FB00281C
:106D50007FF422ADFDF7E6FF00287FF41DAD5EE570
:106D6000DB067FF45CADFDF7E4FF00287FF414AD93
:106D7000FDF7DDFFF0E780205DE503F01F03012B49
:106D80007FF420ADFDF7CCFF00287FF420ADFDF7A8
:106D9000CBFF00287FF41BAD14E5FFF761FC16E57F
:106DA000134B93F900201878002ABFF621AD00F0AC
:106DB0007F0000211870FEF7CFF819E507B0BDE895
:106DC000F08F00BFC01B0020BC1B0020B81B0020A0
:106DD000B41B0020B21B0020F61A0020DE8400083D
:106DE000B11B0020AD190020AC19002078840008E8
:106DF000C11B002008B5064B044613B10021AFF3B8
:106E00000080044B1B6803B19847204600F064F8EB
:106E100000000000C41B002010B50139024490425C
:106E200001D1002005E0037811F8014FA34201D001
:106E3000181B10BD0130F2E7884210B501EB0204C7
:106E400002D98442234607D8431EA14207D011F835
:106E5000012B03F8012FF8E70244824200D110BD54
:106E600013F8011D02F8011DF7E70346024493429F
:106E700000D1704703F8011BF9E7024610B51478FA
:106E800013460132002CFAD1013B11F8012B03F813
:106E9000012F002AF9D110BD10B56AB1013984184B
:106EA000027811F8013F9A4204D10130A04201D08A
:106EB000002AF5D1D01A10BD1046FCE70A449142D1
:106EC00000F1FF3300D1704710B511F8014B91422A
:106ED00003F8014FF9D110BDFEE700BF000000002C
:106EE000B71DC1046E3B8209D926430DDC7604131D
:106EF0006B6BC517B24D861A0550471EB8ED0826B4
:106F00000FF0C922D6D68A2F61CB4B2B649B0C3550
:106F1000D386CD310AA08E3CBDBD4F3870DB114CFD
:106F2000C7C6D0481EE09345A9FD5241ACAD155FE0
:106F30001BB0D45BC2969756758B5652C836196AE9
:106F40007F2BD86EA60D9B6311105A6714401D79D4
:106F5000A35DDC7D7A7B9F70CD665E74E0B623987E
:106F600057ABE29C8E8DA191399060953CC0278BE8
:106F70008BDDE68F52FBA582E5E66486585B2BBE6F
:106F8000EF46EABA3660A9B7817D68B3842D2FAD8C
:106F90003330EEA9EA16ADA45D0B6CA0906D32D42F
:106FA0002770F3D0FE56B0DD494B71D94C1B36C764
:106FB000FB06F7C32220B4CE953D75CA28803AF26D
:106FC0009F9DFBF646BBB8FBF1A679FFF4F63EE1C8
:106FD00043EBFFE59ACDBCE82DD07DEC777086348D
:106FE000C06D4730194B043DAE56C539AB068227FC
:106FF0001C1B4323C53D002E7220C12ACF9D8E123B
:1070000078804F16A1A60C1B16BBCD1F13EB8A016F
:10701000A4F64B057DD00808CACDC90C07AB9778FC
:10702000B0B6567C69901571DE8DD475DBDD936B3F
:107030006CC0526FB5E6116202FBD066BF469F5E20
:10704000085B5E5AD17D1D576660DC5363309B4DF3
:10705000D42D5A490D0B1944BA16D84097C6A5AC81
:1070600020DB64A8F9FD27A54EE0E6A14BB0A1BF47
:10707000FCAD60BB258B23B69296E2B22F2BAD8A76
:1070800098366C8E41102F83F60DEE87F35DA9992B
:107090004440689D9D662B902A7BEA94E71DB4E0EE
:1070A000500075E4892636E93E3BF7ED3B6BB0F3C3
:1070B0008C7671F7555032FAE24DF3FE5FF0BCC6A4
:1070C000E8ED7DC231CB3ECF86D6FFCB8386B8D5E7
:1070D000349B79D1EDBD3ADC5AA0FBD8EEE00C69C7
:1070E00059FDCD6D80DB8E6037C64F643296087ACD
:1070F000858BC97E5CAD8A73EBB04B77560D044F20
:10710000E110C54B383686468F2B47428A7B005CA0
:107110003D66C158E4408255535D43519E3B1D2559
:107120002926DC21F0009F2C471D5E28424D193690
:10713000F550D8322C769B3F9B6B5A3B26D61503D5
:1071400091CBD40748ED970AFFF0560EFAA0111024
:107150004DBDD014949B93192386521D0E562FF1CA
:10716000B94BEEF5606DADF8D7706CFCD2202BE218
:10717000653DEAE6BC1BA9EB0B0668EFB6BB27D75B
:1071800001A6E6D3D880A5DE6F9D64DA6ACD23C45C
:10719000DDD0E2C004F6A1CDB3EB60C97E8D3EBD6B
:1071A000C990FFB910B6BCB4A7AB7DB0A2FB3AAE94
:1071B00015E6FBAACCC0B8A77BDD79A3C660369BD9
:1071C000717DF79FA85BB4921F4675961A16328898
:1071D000AD0BF38C742DB081C330718599908A5DAD
:1071E0002E8D4B59F7AB085440B6C95045E68E4E2C
:1071F000F2FB4F4A2BDD0C479CC0CD43217D827BA7
:107200009660437F4F460072F85BC176FD0B86683F
:107210004A16476C93300461242DC565E94B9B11D8
:107220005E565A1587701918306DD81C353D9F026F
:1072300082205E065B061D0BEC1BDC0F51A693370C
:10724000E6BB52333F9D113E8880D03A8DD09724C3
:107250003ACD5620E3EB152D54F6D4297926A9C54D
:10726000CE3B68C1171D2BCCA000EAC8A550ADD6F7
:10727000124D6CD2CB6B2FDF7C76EEDBC1CBA1E362
:1072800076D660E7AFF023EA18EDE2EE1DBDA5F07B
:10729000AAA064F4738627F9C49BE6FD09FDB889AA
:1072A000BEE0798D67C63A80D0DBFB84D58BBC9A73
:1072B00062967D9EBBB03E930CADFF97B110B0AF10
:1072C000060D71ABDF2B32A66836F3A26D66B4BC37
:1072D000DA7B75B8035D36B5B440F7B10000000045
:1072E000000000000D0A000000000D0A0902200045
:1072F00001010080FA090400000208065004070595
:107300008202400000070502024000000100000068
:10731000303030300000000000000000000000208D
:1073200048454C505F46415148544D4D41494E549B
:10733000454E414E434568747470733A2F2F646113
:10734000706C696E6B2E696F000000000000000019
:10735000000000000000000000000000000000002D
:10736000000000000000000000000000000000001D
:10737000000000000000000000000000000000000D
:1073800000000000000000000000000000000000FD
:1073900000C00008000400002866696C65290042EE
:1073A000494E00484558004441504C494E4B20201E
:1073B0002020004D4245442020202048544D0044C8
:1073C000455441494C5320545854004641494C209F
:1073D000202020545854004552524F520068747473
:1073E00070733A2F2F6D6265642E6F72672F64651C
:1073F000766963652F3F636F64653D40553F7665F1
:107400007273696F6E3D40563F7461726765745F59
:1074100069643D4054003C21646F63747970652059
:1074200068746D6C3E0D0A3C212D2D206D626564E3
:1074300020506C6174666F726D2057656273697459
:107440006520616E642041757468656E746963615E
:1074500074696F6E2053686F7274637574202D2D7C
:107460003E0D0A3C68746D6C3E0D0A3C68656164B3
:107470003E0D0A3C6D6574612063686172736574CA
:107480003D227574662D38223E0D0A3C7469746C79
:10749000653E6D626564205765627369746520534B
:1074A000686F72746375743C2F7469746C653E0DFB
:1074B0000A3C2F686561643E0D0A3C626F64793E48
:1074C0000D0A3C7363726970743E0D0A77696E64CD
:1074D0006F772E6C6F636174696F6E2E7265706C5E
:1074E00061636528220040520022293B0D0A3C2F8F
:1074F0007363726970743E0D0A3C2F626F64793E4B
:107500000D0A3C2F68746D6C3E0D0A006572726F37
:107510007200747970653A20002C20003000426FB0
:107520006F746C6F61646572004170706C69636147
:1075300074696F6E004173736572740D0A00466959
:107540006C65004C696E6500536F75726365004829
:10755000657864756D70730D0A0023204441504CAA
:10756000696E6B204669726D77617265202D20739C
:1075700065652068747470733A2F2F6461706C694C
:107580006E6B2E696F0D0A4275696C642049443A2E
:107590002076303235382D33372D6762353637381F
:1075A00033326520286763632C206C6F63616C2025
:1075B0006D6F6473290D0A00556E697175652049F8
:1075C000443A2040550D0A004849432049443A2096
:1075D00040440D0A004175746F2052657365740054
:1075E0004175746F6D6174696F6E20616C6C6F773B
:1075F0006564004F766572666C6F772064657465AC
:107600006374696F6E00496E636F6D706174696257
:107610006C6520696D616765206465746563746974
:107620006F6E00506167652065726173696E6700F7
:107630004461706C696E6B204D6F64653A20426FD7
:107640006F746C6F616465720D0A00426F6F746CC9
:107650006F616465722056657273696F6E3A20407F
:10766000560D0A00496E7465726661636520566541
:107670007273696F6E3A2000476974205348413A2B
:1076800020623536373833326563323031626162B9
:107690003736663736643938306137393538313006
:1076A0003538386536613138310D0A4C6F63616C9D
:1076B000204D6F64733A20310D0A55534220496EB4
:1076C00074657266616365733A204D53440D0A0018
:1076D000426F6F746C6F616465722043524300495E
:1076E0006E74657266616365204352430052656D36
:1076F0006F756E7420636F756E740055524C3A202E
:1077000040520D0A00696E7465726E616C0074728D
:10771000616E7369656E7400757365720074617271
:1077200067657400696E74657266616365004153D4
:10773000534552542020414354005245465245532C
:1077400048204143540045524153452020204143A5
:1077500054004155544F5F525354434647004841EB
:1077600052445F525354434647004155544F5F4F74
:107770004E20434647004155544F5F4F46464346CF
:1077800047004F56464C5F4F4E20434647004F56EA
:10779000464C5F4F4646434647004D53445F4F4E6D
:1077A0002020434647004D53445F4F464620434602
:1077B0004700434F4D505F4F4E2043464700434FD5
:1077C0004D505F4F464643464700504147455F4F47
:1077D0004E2041435400504147455F4F4646414388
:1077E0005400222A2B2C2E2F3A3B3C3D3E3F5B5C23
:1077F0005D7C004F7065726174696F6E2077617394
:10780000207375636365737366756C00416E2065E4
:1078100072726F7220686173206F63637572726534
:107820006400416E20696E7465726E616C206572D1
:10783000726F7220686173206F6363757272656422
:1078400000416E206572726F72206F636375727291
:10785000656420647572696E67207468652074724F
:10786000616E7366657200546865207472616E7330
:107870006665722074696D6564206F75742E0050A2
:107880006F737369626C65206D69736D6174636891
:10789000206265747765656E2066696C6520736922
:1078A0007A6520616E642073697A652070726F67F3
:1078B00072616D6D65640046696C652073656E74F8
:1078C000206F7574206F66206F7264657220627914
:1078D0002050432E20546172676574206D6967687B
:1078E00074206E6F742062652070726F6772616DB4
:1078F0006D656420636F72726563746C792E0046E7
:1079000061696C656420746F2072657365742F689B
:10791000616C742074686520746172676574204DB1
:107920004355004661696C656420746F20646F770D
:107930006E6C6F616420666C61736820616C676F48
:10794000726974686D20746F207461726765742049
:107950004D435500466C61736820616C676F7269B6
:1079600074686D206D697373696E6720666F72202D
:107970006120726567696F6E004661696C6564209D
:10798000746F20646F776E6C6F616420746865201B
:10799000666C617368206461746120636F6E7465E6
:1079A0006E747320746F2062652070726F677261ED
:1079B0006D6D6564004661696C656420746F206953
:1079C0006E697469616C697A652074686520746198
:1079D00072676574204D4355004661696C6564208B
:1079E000746F20756E696E697469616C697A65205F
:1079F00074686520746172676574204D435500504A
:107A0000726F6772616D6D696E672061626F72740B
:107A100065643A20696D61676520776F756C6420D5
:107A20006C6F636B20746172676574204D43550001
:107A30004661696C656420746F20756E6C6F636B52
:107A400020746172676574204D435520666F722003
:107A500070726F6772616D6D696E6700466C6173FD
:107A60006820616C676F726974686D2065726173FC
:107A70006520736563746F7220636F6D6D616E64F2
:107A8000204641494C55524500466C61736820615F
:107A90006C676F726974686D2065726173652061CF
:107AA0006C6C20636F6D6D616E64204641494C556E
:107AB000524500466C61736820616C676F7269742F
:107AC000686D20777269746520636F6D6D616E6497
:107AD000204641494C55524500466C61736820610F
:107AE0006C676F726974686D20777269746520764F
:107AF000657269667920636F6D6D616E64204641C1
:107B0000494C55524500456E64206F66207374726F
:107B100065616D20686173206265656E20726561C4
:107B20006368656400456E64206F662073747265D7
:107B3000616D20697320756E6B6E6F776E0054688F
:107B400065206865782066696C652063616E6E6F7C
:107B500074206265206465636F6465642E204368E9
:107B600065636B73756D2063616C63756C617469BB
:107B70006F6E206661696C757265206F63637572E4
:107B80007265642E00546865206865782066696CAB
:107B9000652063616E6E6F74206265206465636F3B
:107BA0006465642E20506172736572206C6F676922
:107BB00063206661696C757265206F6363757272AC
:107BC00065642E00546865206865782066696C6578
:107BD0002063616E6E6F742062652070726F6772D1
:107BE000616D6D65642E204C6F6769632066616905
:107BF0006C757265206F636375727265642E0054D4
:107C00006865206865782066696C6520796F7520E5
:107C100064726F707065642069736E277420636F7F
:107C20006D70617469626C6520776974682074682E
:107C30006973206D6F6465206F7220646576696377
:107C4000652E2041726520796F7520696E204D4147
:107C5000494E54454E414E4345206D6F64653F206B
:107C60005365652048454C50204641512E48544D9F
:107C700000546865206865782066696C65206F66C9
:107C800066736574206C6F616420616464726573EF
:107C900073206973206E6F7420636F7272656374F2
:107CA0002E00546865207374617274696E67206178
:107CB00064647265737320666F72207468652062F5
:107CC0006F6F746C6F616465722075706461746548
:107CD0002069732077726F6E672E00546865207379
:107CE00074617274696E6720616464726573732075
:107CF000666F722074686520696E74657266616370
:107D000065207570646174652069732077726F6E89
:107D1000672E00546865206170706C6963617469D6
:107D20006F6E2066696C6520666F726D6174206984
:107D30007320756E6B6E6F776E20616E6420636169
:107D40006E6E6F742062652070617273656420616D
:107D50006E642F6F722070726F6365737365642E2B
:107D600000546865206170706C69636174696F6E3E
:107D700020696D616765206973206E6F7420636F81
:107D80006D70617469626C652077697468207468CD
:107D900065207461726765742E00496E2061707091
:107DA0006C69636174696F6E2070726F6772616D68
:107DB0006D696E6720696E697469616C697A617456
:107DC000696F6E206661696C65642E00496E206182
:107DD00070706C69636174696F6E2070726F677226
:107DE000616D6D696E6720756E696E69742066617C
:107DF000696C65642E00496E206170706C69636106
:107E000074696F6E2070726F6772616D6D696E67F5
:107E1000207772697465206661696C65642E00491B
:107E20006E206170706C69636174696F6E2070722E
:107E30006F6772616D6D696E6720736563746F72D1
:107E4000206572617365206661696C65642E004906
:107E50006E206170706C69636174696F6E207072FE
:107E60006F6772616D6D696E67206D6173732065F8
:107E700072617365206661696C65642E00496E20CD
:107E80006170706C69636174696F6E2070726F6786
:107E900072616D6D696E672061626F7274656420D6
:107EA00064756520746F20616E206F7574206F6635
:107EB00020626F756E647320616464726573732EE3
:107EC00000496E206170706C69636174696F6E2027
:107ED00070726F6772616D6D696E67206E6F74206E
:107EE000737570706F72746564206F6E207468694A
:107EF00073206465766963652E00496E2061707039
:107F00006C69636174696F6E2070726F6772616D06
:107F10006D696E67206661696C6564206265636186
:107F2000757365207468652075706461746520736D
:107F3000656E742077617320696E636F6D706C6518
:107F400074652E0054686520626F6F746C6F616495
:107F500065722043524320646964206E6F74207000
:107F60006173732E0002030405060708090A0B0C4F
:107F70000D0E0F1010003C4441504C696E6B3A4F8F
:107F8000766572666C6F773E0A004D42454420204C
:107F90002020564653202020202020202020202052
:107FA0002020302E3100000000000000B07F0008CB
:107FB000D5150008A515000855160008A1140008DD
:107FC0003D15000889140008651700089114000881
:107FD0000000000000000000FFFFFFFFFFFFFFFFA9
:107FE000FFFFFFFFFFFFFFFF000000000000000099
:107FF00000000000000000000000000305770008FA
:108000000E770008187700081D770008247700080D
:108010009B800008000000002E770008010000008F
:108020003A770008020000004677000803000000CD
:1080300052770008040000005E7700080500000089
:108040006A77000806000000767700080700000045
:1080500082770008080000008E7700080900000001
:108060009A7700080A000000A67700080B000000BD
:10807000B27700080C000000BE7700080D00000079
:10808000CA7700080E000000D67700080F00000035
:108090004153534552542020545854535441525440
:1080A0005F4946414354000000000000000000000A
:1080B000000100000000764876480000DC83764826
:1080C00000000000000000000000000000000000B0
:1080D000002800000000000000000000418EBB32BC
:1080E0000000000000000000752A00083D2A00087A
:1080F00000020000552A00083D2A00080000000088
:10810000552A00083D2A000800000000952A0008B2
:10811000AD2E000800040000EB3C904D534430535A
:10812000342E310002080100022000501FF8010027
:1081300001000100000000000000000000002974A0
:108140001902274441504C494E4B2D444E44464160
:10815000543136202020FAB8C0070520018ED0BC4B
:108160000010B8C0078ED8BE6D00E80B00EBFEB45F
:108170000EB700B307CD10C38A044608C07405E8E3
:10818000EDFFEBF4C3504C454153452052454D4F54
:108190005645205448452041524D204D42454420EB
:1081A0004441504C494E4B2055534220444556497A
:1081B000434520414E44205245424F4F542054489D
:1081C000452053595354454D2E2E00000000000009
:1081D000000000000000000000000000000000009F
:1081E000000000000000000000000000000000008F
:1081F000000000000000000000000000000000007F
:10820000000000000000000000000000000000006E
:10821000000000000000000000000000000000005E
:10822000000000000000000000000000000000004E
:10823000000000000000000000000000000000003E
:10824000000000000000000000000000000000002E
:10825000000000000000000000000000000000001E
:10826000000000000000000000000000000000000E
:1082700000000000000000000000000000000000FE
:1082800000000000000000000000000000000000EE
:1082900000000000000000000000000000000000DE
:1082A00000000000000000000000000000000000CE
:1082B00000000000000000000000000000000000BE
:1082C00000000000000000000000000000000000AE
:1082D000000000000000000000000000000000009E
:1082E000000000000000000000000000000000008E
:1082F000000000000000000000000000000000007E
:10830000000000000000000000000000000000006D
:1083100000000000000055AA000101020602020848
:1083200008080808080408080808080101060606E5
:108330000404040404041010101010101010101085
:10834000F37700080C7800082278000841780008CC
:10835000677800087F780008B7780008FF78000881
:10836000237900085479000879790008B579000864
:10837000D9790008FF790008307A00085C7A000893
:10838000897A0008B37A0008D97A0008067B0008C9
:10839000257B00083E7B0008857B0008C47B000825
:1083A000FF7B0008717C0008A27C0008DB7C0008D1
:1083B000137D0008617D00089A7D0008CC7D0008CF
:1083C000F67D00081F7E00084F7E00087D7E0008B5
:1083D000C17E0008FA7E0008B7750008447F0008D7
:1083E000303132333435363738396162636465662B
:1083F000000000000000000000010203040607085E
:108400000900040309040803410072006D002403FD
:108410004400410050004C0069006E006B002000D9
:1084200043004D005300490053002D00440041001B
:1084300050001A033000300030003100410030009D
:1084400030003000300030003000300010035500A4
:10845000530042005F004D00530043000000001233
:1084600001100100000040280D0402000101020378
:1084700001000000000000000000000000000000FB
:108480007566000800000000996400080000000004
:1084900000000000000000000000000000000000DC
:1084A00000000000000000000000000000000000CC
:1084B00000000000000000000000000000000000BC
:1084C00000000000000000000000000000000000AC
:1084D00000000000400040000002020240000000D6
:1084E0000004000000060000F8B500BFF8BC08BC9E
:1084F0009E467047F8B500BFF8BC08BC9E46704762
:08850000007FFF7F0100000075
:0485080089050008D9
:04850C0061050008FD
:1085100001000000907300080100000000C0000886
:1085200000FC010801000000000000000000000045
:10853000000000000000000000000000000000003B
:10854000000000000000000000000000000000002B
:10855000000000000000000000000000000000001B
:10856000000000000000000000000000000000000B
:1085700000000000000000000000000000000000FB
:1085800000000000000000000000000000000000EB
:1085900000000000000000000000000000000000DB
:1085A00000000000000000000000000000000000CB
:1085B00000000000000000000000000000000000BB
:1085C00000000000000000000000000000000000AB
:1085D000000000000000000000000000000000009B
:1085E00000000000000000200050002000000000FB
:1085F000000000000000000000000000000000007B
:10860000000000000000000000000000000000006A
:10861000000000000000000000000000000000005A
:10862000000000000000000000000000000000004A
:10863000000000000000000000000000000000003A
:10864000000000000000000000000000000000002A
:10865000000000000000000000000000000000001A
:10866000000000000000000000000000000000000A
:1086700000000000000000000000000000000000FA
:1086800000000000000000000000000000000000EA
:1086900000000000000000000000000000000000DA
:1086A00000000000000000000000000000000000CA
:1086B00000000000000000000000000001000000B9
:1086C000ED0A0008DB0A0008FF0A0008090A000892
:1086D000DF0A0008BD0A00080D0A0008B10B0008F7
:1086E00000A24A048A7F00080100000000600040E8
:1086F000FFFFFFFFFFFFFFFFFFFFFFFFFFFFFFFF8A
:10870000FFFFFFFFFFFFFFFFFFFFFFFFFFFFFFFF79
:10871000FFFFFFFFFFFFFFFFFFFFFFFFFFFFFFFF69
:10872000FFFFFFFFFFFFFFFFFFFFFFFFFFFFFFFF59
:10873000FFFFFFFFFFFFFFFFFFFFFFFFFFFFFFFF49
:10874000FFFFFFFFFFFFFFFFFFFFFFFFFFFFFFFF39
:10875000FFFFFFFFFFFFFFFFFFFFFFFFFFFFFFFF29
:10876000FFFFFFFFFFFFFFFFFFFFFFFFFFFFFFFF19
:10877000FFFFFFFFFFFFFFFFFFFFFFFFFFFFFFFF09
:10878000FFFFFFFFFFFFFFFFFFFFFFFFFFFFFFFFF9
:10879000FFFFFFFFFFFFFFFFFFFFFFFFFFFFFFFFE9
:1087A000FFFFFFFFFFFFFFFFFFFFFFFFFFFFFFFFD9
:1087B000FFFFFFFFFFFFFFFFFFFFFFFFFFFFFFFFC9
:1087C000FFFFFFFFFFFFFFFFFFFFFFFFFFFFFFFFB9
:1087D000FFFFFFFFFFFFFFFFFFFFFFFFFFFFFFFFA9
:1087E000FFFFFFFFFFFFFFFFFFFFFFFFFFFFFFFF99
:1087F000FFFFFFFFFFFFFFFFFFFFFFFFFFFFFFFF89
:10880000FFFFFFFFFFFFFFFFFFFFFFFFFFFFFFFF78
:10881000FFFFFFFFFFFFFFFFFFFFFFFFFFFFFFFF68
:10882000FFFFFFFFFFFFFFFFFFFFFFFFFFFFFFFF58
:10883000FFFFFFFFFFFFFFFFFFFFFFFFFFFFFFFF48
:10884000FFFFFFFFFFFFFFFFFFFFFFFFFFFFFFFF38
:10885000FFFFFFFFFFFFFFFFFFFFFFFFFFFFFFFF28
:10886000FFFFFFFFFFFFFFFFFFFFFFFFFFFFFFFF18
:10887000FFFFFFFFFFFFFFFFFFFFFFFFFFFFFFFF08
:10888000FFFFFFFFFFFFFFFFFFFFFFFFFFFFFFFFF8
:10889000FFFFFFFFFFFFFFFFFFFFFFFFFFFFFFFFE8
:1088A000FFFFFFFFFFFFFFFFFFFFFFFFFFFFFFFFD8
:1088B000FFFFFFFFFFFFFFFFFFFFFFFFFFFFFFFFC8
:1088C000FFFFFFFFFFFFFFFFFFFFFFFFFFFFFFFFB8
:1088D000FFFFFFFFFFFFFFFFFFFFFFFFFFFFFFFFA8
:1088E000FFFFFFFFFFFFFFFFFFFFFFFFFFFFFFFF98
:1088F000FFFFFFFFFFFFFFFFFFFFFFFFFFFFFFFF88
:10890000FFFFFFFFFFFFFFFFFFFFFFFFFFFFFFFF77
:10891000FFFFFFFFFFFFFFFFFFFFFFFFFFFFFFFF67
:10892000FFFFFFFFFFFFFFFFFFFFFFFFFFFFFFFF57
:10893000FFFFFFFFFFFFFFFFFFFFFFFFFFFFFFFF47
:10894000FFFFFFFFFFFFFFFFFFFFFFFFFFFFFFFF37
:10895000FFFFFFFFFFFFFFFFFFFFFFFFFFFFFFFF27
:10896000FFFFFFFFFFFFFFFFFFFFFFFFFFFFFFFF17
:10897000FFFFFFFFFFFFFFFFFFFFFFFFFFFFFFFF07
:10898000FFFFFFFFFFFFFFFFFFFFFFFFFFFFFFFFF7
:10899000FFFFFFFFFFFFFFFFFFFFFFFFFFFFFFFFE7
:1089A000FFFFFFFFFFFFFFFFFFFFFFFFFFFFFFFFD7
:1089B000FFFFFFFFFFFFFFFFFFFFFFFFFFFFFFFFC7
:1089C000FFFFFFFFFFFFFFFFFFFFFFFFFFFFFFFFB7
:1089D000FFFFFFFFFFFFFFFFFFFFFFFFFFFFFFFFA7
:1089E000FFFFFFFFFFFFFFFFFFFFFFFFFFFFFFFF97
:1089F000FFFFFFFFFFFFFFFFFFFFFFFFFFFFFFFF87
:108A0000FFFFFFFFFFFFFFFFFFFFFFFFFFFFFFFF76
:108A1000FFFFFFFFFFFFFFFFFFFFFFFFFFFFFFFF66
:108A2000FFFFFFFFFFFFFFFFFFFFFFFFFFFFFFFF56
:108A3000FFFFFFFFFFFFFFFFFFFFFFFFFFFFFFFF46
:108A4000FFFFFFFFFFFFFFFFFFFFFFFFFFFFFFFF36
:108A5000FFFFFFFFFFFFFFFFFFFFFFFFFFFFFFFF26
:108A6000FFFFFFFFFFFFFFFFFFFFFFFFFFFFFFFF16
:108A7000FFFFFFFFFFFFFFFFFFFFFFFFFFFFFFFF06
:108A8000FFFFFFFFFFFFFFFFFFFFFFFFFFFFFFFFF6
:108A9000FFFFFFFFFFFFFFFFFFFFFFFFFFFFFFFFE6
:108AA000FFFFFFFFFFFFFFFFFFFFFFFFFFFFFFFFD6
:108AB000FFFFFFFFFFFFFFFFFFFFFFFFFFFFFFFFC6
:108AC000FFFFFFFFFFFFFFFFFFFFFFFFFFFFFFFFB6
:108AD000FFFFFFFFFFFFFFFFFFFFFFFFFFFFFFFFA6
:108AE000FFFFFFFFFFFFFFFFFFFFFFFFFFFFFFFF96
:108AF000FFFFFFFFFFFFFFFFFFFFFFFFFFFFFFFF86
:108B0000FFFFFFFFFFFFFFFFFFFFFFFFFFFFFFFF75
:108B1000FFFFFFFFFFFFFFFFFFFFFFFFFFFFFFFF65
:108B2000FFFFFFFFFFFFFFFFFFFFFFFFFFFFFFFF55
:108B3000FFFFFFFFFFFFFFFFFFFFFFFFFFFFFFFF45
:108B4000FFFFFFFFFFFFFFFFFFFFFFFFFFFFFFFF35
:108B5000FFFFFFFFFFFFFFFFFFFFFFFFFFFFFFFF25
:108B6000FFFFFFFFFFFFFFFFFFFFFFFFFFFFFFFF15
:108B7000FFFFFFFFFFFFFFFFFFFFFFFFFFFFFFFF05
:108B8000FFFFFFFFFFFFFFFFFFFFFFFFFFFFFFFFF5
:108B9000FFFFFFFFFFFFFFFFFFFFFFFFFFFFFFFFE5
:108BA000FFFFFFFFFFFFFFFFFFFFFFFFFFFFFFFFD5
:108BB000FFFFFFFFFFFFFFFFFFFFFFFFFFFFFFFFC5
:108BC000FFFFFFFFFFFFFFFFFFFFFFFFFFFFFFFFB5
:108BD000FFFFFFFFFFFFFFFFFFFFFFFFFFFFFFFFA5
:108BE000FFFFFFFFFFFFFFFFFFFFFFFFFFFFFFFF95
:108BF000FFFFFFFFFFFFFFFFFFFFFFFFFFFFFFFF85
:108C0000FFFFFFFFFFFFFFFFFFFFFFFFFFFFFFFF74
:108C1000FFFFFFFFFFFFFFFFFFFFFFFFFFFFFFFF64
:108C2000FFFFFFFFFFFFFFFFFFFFFFFFFFFFFFFF54
:108C3000FFFFFFFFFFFFFFFFFFFFFFFFFFFFFFFF44
:108C4000FFFFFFFFFFFFFFFFFFFFFFFFFFFFFFFF34
:108C5000FFFFFFFFFFFFFFFFFFFFFFFFFFFFFFFF24
:108C6000FFFFFFFFFFFFFFFFFFFFFFFFFFFFFFFF14
:108C7000FFFFFFFFFFFFFFFFFFFFFFFFFFFFFFFF04
:108C8000FFFFFFFFFFFFFFFFFFFFFFFFFFFFFFFFF4
:108C9000FFFFFFFFFFFFFFFFFFFFFFFFFFFFFFFFE4
:108CA000FFFFFFFFFFFFFFFFFFFFFFFFFFFFFFFFD4
:108CB000FFFFFFFFFFFFFFFFFFFFFFFFFFFFFFFFC4
:108CC000FFFFFFFFFFFFFFFFFFFFFFFFFFFFFFFFB4
:108CD000FFFFFFFFFFFFFFFFFFFFFFFFFFFFFFFFA4
:108CE000FFFFFFFFFFFFFFFFFFFFFFFFFFFFFFFF94
:108CF000FFFFFFFFFFFFFFFFFFFFFFFFFFFFFFFF84
:108D0000FFFFFFFFFFFFFFFFFFFFFFFFFFFFFFFF73
:108D1000FFFFFFFFFFFFFFFFFFFFFFFFFFFFFFFF63
:108D2000FFFFFFFFFFFFFFFFFFFFFFFFFFFFFFFF53
:108D3000FFFFFFFFFFFFFFFFFFFFFFFFFFFFFFFF43
:108D4000FFFFFFFFFFFFFFFFFFFFFFFFFFFFFFFF33
:108D5000FFFFFFFFFFFFFFFFFFFFFFFFFFFFFFFF23
:108D6000FFFFFFFFFFFFFFFFFFFFFFFFFFFFFFFF13
:108D7000FFFFFFFFFFFFFFFFFFFFFFFFFFFFFFFF03
:108D8000FFFFFFFFFFFFFFFFFFFFFFFFFFFFFFFFF3
:108D9000FFFFFFFFFFFFFFFFFFFFFFFFFFFFFFFFE3
:108DA000FFFFFFFFFFFFFFFFFFFFFFFFFFFFFFFFD3
:108DB000FFFFFFFFFFFFFFFFFFFFFFFFFFFFFFFFC3
:108DC000FFFFFFFFFFFFFFFFFFFFFFFFFFFFFFFFB3
:108DD000FFFFFFFFFFFFFFFFFFFFFFFFFFFFFFFFA3
:108DE000FFFFFFFFFFFFFFFFFFFFFFFFFFFFFFFF93
:108DF000FFFFFFFFFFFFFFFFFFFFFFFFFFFFFFFF83
:108E0000FFFFFFFFFFFFFFFFFFFFFFFFFFFFFFFF72
:108E1000FFFFFFFFFFFFFFFFFFFFFFFFFFFFFFFF62
:108E2000FFFFFFFFFFFFFFFFFFFFFFFFFFFFFFFF52
:108E3000FFFFFFFFFFFFFFFFFFFFFFFFFFFFFFFF42
:108E4000FFFFFFFFFFFFFFFFFFFFFFFFFFFFFFFF32
:108E5000FFFFFFFFFFFFFFFFFFFFFFFFFFFFFFFF22
:108E6000FFFFFFFFFFFFFFFFFFFFFFFFFFFFFFFF12
:108E7000FFFFFFFFFFFFFFFFFFFFFFFFFFFFFFFF02
:108E8000FFFFFFFFFFFFFFFFFFFFFFFFFFFFFFFFF2
:108E9000FFFFFFFFFFFFFFFFFFFFFFFFFFFFFFFFE2
:108EA000FFFFFFFFFFFFFFFFFFFFFFFFFFFFFFFFD2
:108EB000FFFFFFFFFFFFFFFFFFFFFFFFFFFFFFFFC2
:108EC000FFFFFFFFFFFFFFFFFFFFFFFFFFFFFFFFB2
:108ED000FFFFFFFFFFFFFFFFFFFFFFFFFFFFFFFFA2
:108EE000FFFFFFFFFFFFFFFFFFFFFFFFFFFFFFFF92
:108EF000FFFFFFFFFFFFFFFFFFFFFFFFFFFFFFFF82
:108F0000FFFFFFFFFFFFFFFFFFFFFFFFFFFFFFFF71
:108F1000FFFFFFFFFFFFFFFFFFFFFFFFFFFFFFFF61
:108F2000FFFFFFFFFFFFFFFFFFFFFFFFFFFFFFFF51
:108F3000FFFFFFFFFFFFFFFFFFFFFFFFFFFFFFFF41
:108F4000FFFFFFFFFFFFFFFFFFFFFFFFFFFFFFFF31
:108F5000FFFFFFFFFFFFFFFFFFFFFFFFFFFFFFFF21
:108F6000FFFFFFFFFFFFFFFFFFFFFFFFFFFFFFFF11
:108F7000FFFFFFFFFFFFFFFFFFFFFFFFFFFFFFFF01
:108F8000FFFFFFFFFFFFFFFFFFFFFFFFFFFFFFFFF1
:108F9000FFFFFFFFFFFFFFFFFFFFFFFFFFFFFFFFE1
:108FA000FFFFFFFFFFFFFFFFFFFFFFFFFFFFFFFFD1
:108FB000FFFFFFFFFFFFFFFFFFFFFFFFFFFFFFFFC1
:108FC000FFFFFFFFFFFFFFFFFFFFFFFFFFFFFFFFB1
:108FD000FFFFFFFFFFFFFFFFFFFFFFFFFFFFFFFFA1
:108FE000FFFFFFFFFFFFFFFFFFFFFFFFFFFFFFFF91
:108FF000FFFFFFFFFFFFFFFFFFFFFFFFFFFFFFFF81
:10900000FFFFFFFFFFFFFFFFFFFFFFFFFFFFFFFF70
:10901000FFFFFFFFFFFFFFFFFFFFFFFFFFFFFFFF60
:10902000FFFFFFFFFFFFFFFFFFFFFFFFFFFFFFFF50
:10903000FFFFFFFFFFFFFFFFFFFFFFFFFFFFFFFF40
:10904000FFFFFFFFFFFFFFFFFFFFFFFFFFFFFFFF30
:10905000FFFFFFFFFFFFFFFFFFFFFFFFFFFFFFFF20
:10906000FFFFFFFFFFFFFFFFFFFFFFFFFFFFFFFF10
:10907000FFFFFFFFFFFFFFFFFFFFFFFFFFFFFFFF00
:10908000FFFFFFFFFFFFFFFFFFFFFFFFFFFFFFFFF0
:10909000FFFFFFFFFFFFFFFFFFFFFFFFFFFFFFFFE0
:1090A000FFFFFFFFFFFFFFFFFFFFFFFFFFFFFFFFD0
:1090B000FFFFFFFFFFFFFFFFFFFFFFFFFFFFFFFFC0
:1090C000FFFFFFFFFFFFFFFFFFFFFFFFFFFFFFFFB0
:1090D000FFFFFFFFFFFFFFFFFFFFFFFFFFFFFFFFA0
:1090E000FFFFFFFFFFFFFFFFFFFFFFFFFFFFFFFF90
:1090F000FFFFFFFFFFFFFFFFFFFFFFFFFFFFFFFF80
:10910000FFFFFFFFFFFFFFFFFFFFFFFFFFFFFFFF6F
:10911000FFFFFFFFFFFFFFFFFFFFFFFFFFFFFFFF5F
:10912000FFFFFFFFFFFFFFFFFFFFFFFFFFFFFFFF4F
:10913000FFFFFFFFFFFFFFFFFFFFFFFFFFFFFFFF3F
:10914000FFFFFFFFFFFFFFFFFFFFFFFFFFFFFFFF2F
:10915000FFFFFFFFFFFFFFFFFFFFFFFFFFFFFFFF1F
:10916000FFFFFFFFFFFFFFFFFFFFFFFFFFFFFFFF0F
:10917000FFFFFFFFFFFFFFFFFFFFFFFFFFFFFFFFFF
:10918000FFFFFFFFFFFFFFFFFFFFFFFFFFFFFFFFEF
:10919000FFFFFFFFFFFFFFFFFFFFFFFFFFFFFFFFDF
:1091A000FFFFFFFFFFFFFFFFFFFFFFFFFFFFFFFFCF
:1091B000FFFFFFFFFFFFFFFFFFFFFFFFFFFFFFFFBF
:1091C000FFFFFFFFFFFFFFFFFFFFFFFFFFFFFFFFAF
:1091D000FFFFFFFFFFFFFFFFFFFFFFFFFFFFFFFF9F
:1091E000FFFFFFFFFFFFFFFFFFFFFFFFFFFFFFFF8F
:1091F000FFFFFFFFFFFFFFFFFFFFFFFFFFFFFFFF7F
:10920000FFFFFFFFFFFFFFFFFFFFFFFFFFFFFFFF6E
:10921000FFFFFFFFFFFFFFFFFFFFFFFFFFFFFFFF5E
:10922000FFFFFFFFFFFFFFFFFFFFFFFFFFFFFFFF4E
:10923000FFFFFFFFFFFFFFFFFFFFFFFFFFFFFFFF3E
:10924000FFFFFFFFFFFFFFFFFFFFFFFFFFFFFFFF2E
:10925000FFFFFFFFFFFFFFFFFFFFFFFFFFFFFFFF1E
:10926000FFFFFFFFFFFFFFFFFFFFFFFFFFFFFFFF0E
:10927000FFFFFFFFFFFFFFFFFFFFFFFFFFFFFFFFFE
:10928000FFFFFFFFFFFFFFFFFFFFFFFFFFFFFFFFEE
:10929000FFFFFFFFFFFFFFFFFFFFFFFFFFFFFFFFDE
:1092A000FFFFFFFFFFFFFFFFFFFFFFFFFFFFFFFFCE
:1092B000FFFFFFFFFFFFFFFFFFFFFFFFFFFFFFFFBE
:1092C000FFFFFFFFFFFFFFFFFFFFFFFFFFFFFFFFAE
:1092D000FFFFFFFFFFFFFFFFFFFFFFFFFFFFFFFF9E
:1092E000FFFFFFFFFFFFFFFFFFFFFFFFFFFFFFFF8E
:1092F000FFFFFFFFFFFFFFFFFFFFFFFFFFFFFFFF7E
:10930000FFFFFFFFFFFFFFFFFFFFFFFFFFFFFFFF6D
:10931000FFFFFFFFFFFFFFFFFFFFFFFFFFFFFFFF5D
:10932000FFFFFFFFFFFFFFFFFFFFFFFFFFFFFFFF4D
:10933000FFFFFFFFFFFFFFFFFFFFFFFFFFFFFFFF3D
:10934000FFFFFFFFFFFFFFFFFFFFFFFFFFFFFFFF2D
:10935000FFFFFFFFFFFFFFFFFFFFFFFFFFFFFFFF1D
:10936000FFFFFFFFFFFFFFFFFFFFFFFFFFFFFFFF0D
:10937000FFFFFFFFFFFFFFFFFFFFFFFFFFFFFFFFFD
:10938000FFFFFFFFFFFFFFFFFFFFFFFFFFFFFFFFED
:10939000FFFFFFFFFFFFFFFFFFFFFFFFFFFFFFFFDD
:1093A000FFFFFFFFFFFFFFFFFFFFFFFFFFFFFFFFCD
:1093B000FFFFFFFFFFFFFFFFFFFFFFFFFFFFFFFFBD
:1093C000FFFFFFFFFFFFFFFFFFFFFFFFFFFFFFFFAD
:1093D000FFFFFFFFFFFFFFFFFFFFFFFFFFFFFFFF9D
:1093E000FFFFFFFFFFFFFFFFFFFFFFFFFFFFFFFF8D
:1093F000FFFFFFFFFFFFFFFFFFFFFFFFFFFFFFFF7D
:10940000FFFFFFFFFFFFFFFFFFFFFFFFFFFFFFFF6C
:10941000FFFFFFFFFFFFFFFFFFFFFFFFFFFFFFFF5C
:10942000FFFFFFFFFFFFFFFFFFFFFFFFFFFFFFFF4C
:10943000FFFFFFFFFFFFFFFFFFFFFFFFFFFFFFFF3C
:10944000FFFFFFFFFFFFFFFFFFFFFFFFFFFFFFFF2C
:10945000FFFFFFFFFFFFFFFFFFFFFFFFFFFFFFFF1C
:10946000FFFFFFFFFFFFFFFFFFFFFFFFFFFFFFFF0C
:10947000FFFFFFFFFFFFFFFFFFFFFFFFFFFFFFFFFC
:10948000FFFFFFFFFFFFFFFFFFFFFFFFFFFFFFFFEC
:10949000FFFFFFFFFFFFFFFFFFFFFFFFFFFFFFFFDC
:1094A000FFFFFFFFFFFFFFFFFFFFFFFFFFFFFFFFCC
:1094B000FFFFFFFFFFFFFFFFFFFFFFFFFFFFFFFFBC
:1094C000FFFFFFFFFFFFFFFFFFFFFFFFFFFFFFFFAC
:1094D000FFFFFFFFFFFFFFFFFFFFFFFFFFFFFFFF9C
:1094E000FFFFFFFFFFFFFFFFFFFFFFFFFFFFFFFF8C
:1094F000FFFFFFFFFFFFFFFFFFFFFFFFFFFFFFFF7C
:10950000FFFFFFFFFFFFFFFFFFFFFFFFFFFFFFFF6B
:10951000FFFFFFFFFFFFFFFFFFFFFFFFFFFFFFFF5B
:10952000FFFFFFFFFFFFFFFFFFFFFFFFFFFFFFFF4B
:10953000FFFFFFFFFFFFFFFFFFFFFFFFFFFFFFFF3B
:10954000FFFFFFFFFFFFFFFFFFFFFFFFFFFFFFFF2B
:10955000FFFFFFFFFFFFFFFFFFFFFFFFFFFFFFFF1B
:10956000FFFFFFFFFFFFFFFFFFFFFFFFFFFFFFFF0B
:10957000FFFFFFFFFFFFFFFFFFFFFFFFFFFFFFFFFB
:10958000FFFFFFFFFFFFFFFFFFFFFFFFFFFFFFFFEB
:10959000FFFFFFFFFFFFFFFFFFFFFFFFFFFFFFFFDB
:1095A000FFFFFFFFFFFFFFFFFFFFFFFFFFFFFFFFCB
:1095B000FFFFFFFFFFFFFFFFFFFFFFFFFFFFFFFFBB
:1095C000FFFFFFFFFFFFFFFFFFFFFFFFFFFFFFFFAB
:1095D000FFFFFFFFFFFFFFFFFFFFFFFFFFFFFFFF9B
:1095E000FFFFFFFFFFFFFFFFFFFFFFFFFFFFFFFF8B
:1095F000FFFFFFFFFFFFFFFFFFFFFFFFFFFFFFFF7B
:10960000FFFFFFFFFFFFFFFFFFFFFFFFFFFFFFFF6A
:10961000FFFFFFFFFFFFFFFFFFFFFFFFFFFFFFFF5A
:10962000FFFFFFFFFFFFFFFFFFFFFFFFFFFFFFFF4A
:10963000FFFFFFFFFFFFFFFFFFFFFFFFFFFFFFFF3A
:10964000FFFFFFFFFFFFFFFFFFFFFFFFFFFFFFFF2A
:10965000FFFFFFFFFFFFFFFFFFFFFFFFFFFFFFFF1A
:10966000FFFFFFFFFFFFFFFFFFFFFFFFFFFFFFFF0A
:10967000FFFFFFFFFFFFFFFFFFFFFFFFFFFFFFFFFA
:10968000FFFFFFFFFFFFFFFFFFFFFFFFFFFFFFFFEA
:10969000FFFFFFFFFFFFFFFFFFFFFFFFFFFFFFFFDA
:1096A000FFFFFFFFFFFFFFFFFFFFFFFFFFFFFFFFCA
:1096B000FFFFFFFFFFFFFFFFFFFFFFFFFFFFFFFFBA
:1096C000FFFFFFFFFFFFFFFFFFFFFFFFFFFFFFFFAA
:1096D000FFFFFFFFFFFFFFFFFFFFFFFFFFFFFFFF9A
:1096E000FFFFFFFFFFFFFFFFFFFFFFFFFFFFFFFF8A
:1096F000FFFFFFFFFFFFFFFFFFFFFFFFFFFFFFFF7A
:10970000FFFFFFFFFFFFFFFFFFFFFFFFFFFFFFFF69
:10971000FFFFFFFFFFFFFFFFFFFFFFFFFFFFFFFF59
:10972000FFFFFFFFFFFFFFFFFFFFFFFFFFFFFFFF49
:10973000FFFFFFFFFFFFFFFFFFFFFFFFFFFFFFFF39
:10974000FFFFFFFFFFFFFFFFFFFFFFFFFFFFFFFF29
:10975000FFFFFFFFFFFFFFFFFFFFFFFFFFFFFFFF19
:10976000FFFFFFFFFFFFFFFFFFFFFFFFFFFFFFFF09
:10977000FFFFFFFFFFFFFFFFFFFFFFFFFFFFFFFFF9
:10978000FFFFFFFFFFFFFFFFFFFFFFFFFFFFFFFFE9
:10979000FFFFFFFFFFFFFFFFFFFFFFFFFFFFFFFFD9
:1097A000FFFFFFFFFFFFFFFFFFFFFFFFFFFFFFFFC9
:1097B000FFFFFFFFFFFFFFFFFFFFFFFFFFFFFFFFB9
:1097C000FFFFFFFFFFFFFFFFFFFFFFFFFFFFFFFFA9
:1097D000FFFFFFFFFFFFFFFFFFFFFFFFFFFFFFFF99
:1097E000FFFFFFFFFFFFFFFFFFFFFFFFFFFFFFFF89
:1097F000FFFFFFFFFFFFFFFFFFFFFFFFFFFFFFFF79
:10980000FFFFFFFFFFFFFFFFFFFFFFFFFFFFFFFF68
:10981000FFFFFFFFFFFFFFFFFFFFFFFFFFFFFFFF58
:10982000FFFFFFFFFFFFFFFFFFFFFFFFFFFFFFFF48
:10983000FFFFFFFFFFFFFFFFFFFFFFFFFFFFFFFF38
:10984000FFFFFFFFFFFFFFFFFFFFFFFFFFFFFFFF28
:10985000FFFFFFFFFFFFFFFFFFFFFFFFFFFFFFFF18
:10986000FFFFFFFFFFFFFFFFFFFFFFFFFFFFFFFF08
:10987000FFFFFFFFFFFFFFFFFFFFFFFFFFFFFFFFF8
:10988000FFFFFFFFFFFFFFFFFFFFFFFFFFFFFFFFE8
:10989000FFFFFFFFFFFFFFFFFFFFFFFFFFFFFFFFD8
:1098A000FFFFFFFFFFFFFFFFFFFFFFFFFFFFFFFFC8
:1098B000FFFFFFFFFFFFFFFFFFFFFFFFFFFFFFFFB8
:1098C000FFFFFFFFFFFFFFFFFFFFFFFFFFFFFFFFA8
:1098D000FFFFFFFFFFFFFFFFFFFFFFFFFFFFFFFF98
:1098E000FFFFFFFFFFFFFFFFFFFFFFFFFFFFFFFF88
:1098F000FFFFFFFFFFFFFFFFFFFFFFFFFFFFFFFF78
:10990000FFFFFFFFFFFFFFFFFFFFFFFFFFFFFFFF67
:10991000FFFFFFFFFFFFFFFFFFFFFFFFFFFFFFFF57
:10992000FFFFFFFFFFFFFFFFFFFFFFFFFFFFFFFF47
:10993000FFFFFFFFFFFFFFFFFFFFFFFFFFFFFFFF37
:10994000FFFFFFFFFFFFFFFFFFFFFFFFFFFFFFFF27
:10995000FFFFFFFFFFFFFFFFFFFFFFFFFFFFFFFF17
:10996000FFFFFFFFFFFFFFFFFFFFFFFFFFFFFFFF07
:10997000FFFFFFFFFFFFFFFFFFFFFFFFFFFFFFFFF7
:10998000FFFFFFFFFFFFFFFFFFFFFFFFFFFFFFFFE7
:10999000FFFFFFFFFFFFFFFFFFFFFFFFFFFFFFFFD7
:1099A000FFFFFFFFFFFFFFFFFFFFFFFFFFFFFFFFC7
:1099B000FFFFFFFFFFFFFFFFFFFFFFFFFFFFFFFFB7
:1099C000FFFFFFFFFFFFFFFFFFFFFFFFFFFFFFFFA7
:1099D000FFFFFFFFFFFFFFFFFFFFFFFFFFFFFFFF97
:1099E000FFFFFFFFFFFFFFFFFFFFFFFFFFFFFFFF87
:1099F000FFFFFFFFFFFFFFFFFFFFFFFFFFFFFFFF77
:109A0000FFFFFFFFFFFFFFFFFFFFFFFFFFFFFFFF66
:109A1000FFFFFFFFFFFFFFFFFFFFFFFFFFFFFFFF56
:109A2000FFFFFFFFFFFFFFFFFFFFFFFFFFFFFFFF46
:109A3000FFFFFFFFFFFFFFFFFFFFFFFFFFFFFFFF36
:109A4000FFFFFFFFFFFFFFFFFFFFFFFFFFFFFFFF26
:109A5000FFFFFFFFFFFFFFFFFFFFFFFFFFFFFFFF16
:109A6000FFFFFFFFFFFFFFFFFFFFFFFFFFFFFFFF06
:109A7000FFFFFFFFFFFFFFFFFFFFFFFFFFFFFFFFF6
:109A8000FFFFFFFFFFFFFFFFFFFFFFFFFFFFFFFFE6
:109A9000FFFFFFFFFFFFFFFFFFFFFFFFFFFFFFFFD6
:109AA000FFFFFFFFFFFFFFFFFFFFFFFFFFFFFFFFC6
:109AB000FFFFFFFFFFFFFFFFFFFFFFFFFFFFFFFFB6
:109AC000FFFFFFFFFFFFFFFFFFFFFFFFFFFFFFFFA6
:109AD000FFFFFFFFFFFFFFFFFFFFFFFFFFFFFFFF96
:109AE000FFFFFFFFFFFFFFFFFFFFFFFFFFFFFFFF86
:109AF000FFFFFFFFFFFFFFFFFFFFFFFFFFFFFFFF76
:109B0000FFFFFFFFFFFFFFFFFFFFFFFFFFFFFFFF65
:109B1000FFFFFFFFFFFFFFFFFFFFFFFFFFFFFFFF55
:109B2000FFFFFFFFFFFFFFFFFFFFFFFFFFFFFFFF45
:109B3000FFFFFFFFFFFFFFFFFFFFFFFFFFFFFFFF35
:109B4000FFFFFFFFFFFFFFFFFFFFFFFFFFFFFFFF25
:109B5000FFFFFFFFFFFFFFFFFFFFFFFFFFFFFFFF15
:109B6000FFFFFFFFFFFFFFFFFFFFFFFFFFFFFFFF05
:109B7000FFFFFFFFFFFFFFFFFFFFFFFFFFFFFFFFF5
:109B8000FFFFFFFFFFFFFFFFFFFFFFFFFFFFFFFFE5
:109B9000FFFFFFFFFFFFFFFFFFFFFFFFFFFFFFFFD5
:109BA000FFFFFFFFFFFFFFFFFFFFFFFFFFFFFFFFC5
:109BB000FFFFFFFFFFFFFFFFFFFFFFFFFFFFFFFFB5
:109BC000FFFFFFFFFFFFFFFFFFFFFFFFFFFFFFFFA5
:109BD000FFFFFFFFFFFFFFFFFFFFFFFFFFFFFFFF95
:109BE000FFFFFFFFFFFFFFFFFFFFFFFFFFFFFFFF85
:109BF000FFFFFFFFFFFFFFFFFFFFFFFFFFFFFFFF75
:109C0000FFFFFFFFFFFFFFFFFFFFFFFFFFFFFFFF64
:109C1000FFFFFFFFFFFFFFFFFFFFFFFFFFFFFFFF54
:109C2000FFFFFFFFFFFFFFFFFFFFFFFFFFFFFFFF44
:109C3000FFFFFFFFFFFFFFFFFFFFFFFFFFFFFFFF34
:109C4000FFFFFFFFFFFFFFFFFFFFFFFFFFFFFFFF24
:109C5000FFFFFFFFFFFFFFFFFFFFFFFFFFFFFFFF14
:109C6000FFFFFFFFFFFFFFFFFFFFFFFFFFFFFFFF04
:109C7000FFFFFFFFFFFFFFFFFFFFFFFFFFFFFFFFF4
:109C8000FFFFFFFFFFFFFFFFFFFFFFFFFFFFFFFFE4
:109C9000FFFFFFFFFFFFFFFFFFFFFFFFFFFFFFFFD4
:109CA000FFFFFFFFFFFFFFFFFFFFFFFFFFFFFFFFC4
:109CB000FFFFFFFFFFFFFFFFFFFFFFFFFFFFFFFFB4
:109CC000FFFFFFFFFFFFFFFFFFFFFFFFFFFFFFFFA4
:109CD000FFFFFFFFFFFFFFFFFFFFFFFFFFFFFFFF94
:109CE000FFFFFFFFFFFFFFFFFFFFFFFFFFFFFFFF84
:109CF000FFFFFFFFFFFFFFFFFFFFFFFFFFFFFFFF74
:109D0000FFFFFFFFFFFFFFFFFFFFFFFFFFFFFFFF63
:109D1000FFFFFFFFFFFFFFFFFFFFFFFFFFFFFFFF53
:109D2000FFFFFFFFFFFFFFFFFFFFFFFFFFFFFFFF43
:109D3000FFFFFFFFFFFFFFFFFFFFFFFFFFFFFFFF33
:109D4000FFFFFFFFFFFFFFFFFFFFFFFFFFFFFFFF23
:109D5000FFFFFFFFFFFFFFFFFFFFFFFFFFFFFFFF13
:109D6000FFFFFFFFFFFFFFFFFFFFFFFFFFFFFFFF03
:109D7000FFFFFFFFFFFFFFFFFFFFFFFFFFFFFFFFF3
:109D8000FFFFFFFFFFFFFFFFFFFFFFFFFFFFFFFFE3
:109D9000FFFFFFFFFFFFFFFFFFFFFFFFFFFFFFFFD3
:109DA000FFFFFFFFFFFFFFFFFFFFFFFFFFFFFFFFC3
:109DB000FFFFFFFFFFFFFFFFFFFFFFFFFFFFFFFFB3
:109DC000FFFFFFFFFFFFFFFFFFFFFFFFFFFFFFFFA3
:109DD000FFFFFFFFFFFFFFFFFFFFFFFFFFFFFFFF93
:109DE000FFFFFFFFFFFFFFFFFFFFFFFFFFFFFFFF83
:109DF000FFFFFFFFFFFFFFFFFFFFFFFFFFFFFFFF73
:109E0000FFFFFFFFFFFFFFFFFFFFFFFFFFFFFFFF62
:109E1000FFFFFFFFFFFFFFFFFFFFFFFFFFFFFFFF52
:109E2000FFFFFFFFFFFFFFFFFFFFFFFFFFFFFFFF42
:109E3000FFFFFFFFFFFFFFFFFFFFFFFFFFFFFFFF32
:109E4000FFFFFFFFFFFFFFFFFFFFFFFFFFFFFFFF22
:109E5000FFFFFFFFFFFFFFFFFFFFFFFFFFFFFFFF12
:109E6000FFFFFFFFFFFFFFFFFFFFFFFFFFFFFFFF02
:109E7000FFFFFFFFFFFFFFFFFFFFFFFFFFFFFFFFF2
:109E8000FFFFFFFFFFFFFFFFFFFFFFFFFFFFFFFFE2
:109E9000FFFFFFFFFFFFFFFFFFFFFFFFFFFFFFFFD2
:109EA000FFFFFFFFFFFFFFFFFFFFFFFFFFFFFFFFC2
:109EB000FFFFFFFFFFFFFFFFFFFFFFFFFFFFFFFFB2
:109EC000FFFFFFFFFFFFFFFFFFFFFFFFFFFFFFFFA2
:109ED000FFFFFFFFFFFFFFFFFFFFFFFFFFFFFFFF92
:109EE000FFFFFFFFFFFFFFFFFFFFFFFFFFFFFFFF82
:109EF000FFFFFFFFFFFFFFFFFFFFFFFFFFFFFFFF72
:109F0000FFFFFFFFFFFFFFFFFFFFFFFFFFFFFFFF61
:109F1000FFFFFFFFFFFFFFFFFFFFFFFFFFFFFFFF51
:109F2000FFFFFFFFFFFFFFFFFFFFFFFFFFFFFFFF41
:109F3000FFFFFFFFFFFFFFFFFFFFFFFFFFFFFFFF31
:109F4000FFFFFFFFFFFFFFFFFFFFFFFFFFFFFFFF21
:109F5000FFFFFFFFFFFFFFFFFFFFFFFFFFFFFFFF11
:109F6000FFFFFFFFFFFFFFFFFFFFFFFFFFFFFFFF01
:109F7000FFFFFFFFFFFFFFFFFFFFFFFFFFFFFFFFF1
:109F8000FFFFFFFFFFFFFFFFFFFFFFFFFFFFFFFFE1
:109F9000FFFFFFFFFFFFFFFFFFFFFFFFFFFFFFFFD1
:109FA000FFFFFFFFFFFFFFFFFFFFFFFFFFFFFFFFC1
:109FB000FFFFFFFFFFFFFFFFFFFFFFFFFFFFFFFFB1
:109FC000FFFFFFFFFFFFFFFFFFFFFFFFFFFFFFFFA1
:109FD000FFFFFFFFFFFFFFFFFFFFFFFFFFFFFFFF91
:109FE000FFFFFFFFFFFFFFFFFFFFFFFFFFFFFFFF81
:109FF000FFFFFFFFFFFFFFFFFFFFFFFFFFFFFFFF71
:10A00000FFFFFFFFFFFFFFFFFFFFFFFFFFFFFFFF60
:10A01000FFFFFFFFFFFFFFFFFFFFFFFFFFFFFFFF50
:10A02000FFFFFFFFFFFFFFFFFFFFFFFFFFFFFFFF40
:10A03000FFFFFFFFFFFFFFFFFFFFFFFFFFFFFFFF30
:10A04000FFFFFFFFFFFFFFFFFFFFFFFFFFFFFFFF20
:10A05000FFFFFFFFFFFFFFFFFFFFFFFFFFFFFFFF10
:10A06000FFFFFFFFFFFFFFFFFFFFFFFFFFFFFFFF00
:10A07000FFFFFFFFFFFFFFFFFFFFFFFFFFFFFFFFF0
:10A08000FFFFFFFFFFFFFFFFFFFFFFFFFFFFFFFFE0
:10A09000FFFFFFFFFFFFFFFFFFFFFFFFFFFFFFFFD0
:10A0A000FFFFFFFFFFFFFFFFFFFFFFFFFFFFFFFFC0
:10A0B000FFFFFFFFFFFFFFFFFFFFFFFFFFFFFFFFB0
:10A0C000FFFFFFFFFFFFFFFFFFFFFFFFFFFFFFFFA0
:10A0D000FFFFFFFFFFFFFFFFFFFFFFFFFFFFFFFF90
:10A0E000FFFFFFFFFFFFFFFFFFFFFFFFFFFFFFFF80
:10A0F000FFFFFFFFFFFFFFFFFFFFFFFFFFFFFFFF70
:10A10000FFFFFFFFFFFFFFFFFFFFFFFFFFFFFFFF5F
:10A11000FFFFFFFFFFFFFFFFFFFFFFFFFFFFFFFF4F
:10A12000FFFFFFFFFFFFFFFFFFFFFFFFFFFFFFFF3F
:10A13000FFFFFFFFFFFFFFFFFFFFFFFFFFFFFFFF2F
:10A14000FFFFFFFFFFFFFFFFFFFFFFFFFFFFFFFF1F
:10A15000FFFFFFFFFFFFFFFFFFFFFFFFFFFFFFFF0F
:10A16000FFFFFFFFFFFFFFFFFFFFFFFFFFFFFFFFFF
:10A17000FFFFFFFFFFFFFFFFFFFFFFFFFFFFFFFFEF
:10A18000FFFFFFFFFFFFFFFFFFFFFFFFFFFFFFFFDF
:10A19000FFFFFFFFFFFFFFFFFFFFFFFFFFFFFFFFCF
:10A1A000FFFFFFFFFFFFFFFFFFFFFFFFFFFFFFFFBF
:10A1B000FFFFFFFFFFFFFFFFFFFFFFFFFFFFFFFFAF
:10A1C000FFFFFFFFFFFFFFFFFFFFFFFFFFFFFFFF9F
:10A1D000FFFFFFFFFFFFFFFFFFFFFFFFFFFFFFFF8F
:10A1E000FFFFFFFFFFFFFFFFFFFFFFFFFFFFFFFF7F
:10A1F000FFFFFFFFFFFFFFFFFFFFFFFFFFFFFFFF6F
:10A20000FFFFFFFFFFFFFFFFFFFFFFFFFFFFFFFF5E
:10A21000FFFFFFFFFFFFFFFFFFFFFFFFFFFFFFFF4E
:10A22000FFFFFFFFFFFFFFFFFFFFFFFFFFFFFFFF3E
:10A23000FFFFFFFFFFFFFFFFFFFFFFFFFFFFFFFF2E
:10A24000FFFFFFFFFFFFFFFFFFFFFFFFFFFFFFFF1E
:10A25000FFFFFFFFFFFFFFFFFFFFFFFFFFFFFFFF0E
:10A26000FFFFFFFFFFFFFFFFFFFFFFFFFFFFFFFFFE
:10A27000FFFFFFFFFFFFFFFFFFFFFFFFFFFFFFFFEE
:10A28000FFFFFFFFFFFFFFFFFFFFFFFFFFFFFFFFDE
:10A29000FFFFFFFFFFFFFFFFFFFFFFFFFFFFFFFFCE
:10A2A000FFFFFFFFFFFFFFFFFFFFFFFFFFFFFFFFBE
:10A2B000FFFFFFFFFFFFFFFFFFFFFFFFFFFFFFFFAE
:10A2C000FFFFFFFFFFFFFFFFFFFFFFFFFFFFFFFF9E
:10A2D000FFFFFFFFFFFFFFFFFFFFFFFFFFFFFFFF8E
:10A2E000FFFFFFFFFFFFFFFFFFFFFFFFFFFFFFFF7E
:10A2F000FFFFFFFFFFFFFFFFFFFFFFFFFFFFFFFF6E
:10A30000FFFFFFFFFFFFFFFFFFFFFFFFFFFFFFFF5D
:10A31000FFFFFFFFFFFFFFFFFFFFFFFFFFFFFFFF4D
:10A32000FFFFFFFFFFFFFFFFFFFFFFFFFFFFFFFF3D
:10A33000FFFFFFFFFFFFFFFFFFFFFFFFFFFFFFFF2D
:10A34000FFFFFFFFFFFFFFFFFFFFFFFFFFFFFFFF1D
:10A35000FFFFFFFFFFFFFFFFFFFFFFFFFFFFFFFF0D
:10A36000FFFFFFFFFFFFFFFFFFFFFFFFFFFFFFFFFD
:10A37000FFFFFFFFFFFFFFFFFFFFFFFFFFFFFFFFED
:10A38000FFFFFFFFFFFFFFFFFFFFFFFFFFFFFFFFDD
:10A39000FFFFFFFFFFFFFFFFFFFFFFFFFFFFFFFFCD
:10A3A000FFFFFFFFFFFFFFFFFFFFFFFFFFFFFFFFBD
:10A3B000FFFFFFFFFFFFFFFFFFFFFFFFFFFFFFFFAD
:10A3C000FFFFFFFFFFFFFFFFFFFFFFFFFFFFFFFF9D
:10A3D000FFFFFFFFFFFFFFFFFFFFFFFFFFFFFFFF8D
:10A3E000FFFFFFFFFFFFFFFFFFFFFFFFFFFFFFFF7D
:10A3F000FFFFFFFFFFFFFFFFFFFFFFFFFFFFFFFF6D
:10A40000FFFFFFFFFFFFFFFFFFFFFFFFFFFFFFFF5C
:10A41000FFFFFFFFFFFFFFFFFFFFFFFFFFFFFFFF4C
:10A42000FFFFFFFFFFFFFFFFFFFFFFFFFFFFFFFF3C
:10A43000FFFFFFFFFFFFFFFFFFFFFFFFFFFFFFFF2C
:10A44000FFFFFFFFFFFFFFFFFFFFFFFFFFFFFFFF1C
:10A45000FFFFFFFFFFFFFFFFFFFFFFFFFFFFFFFF0C
:10A46000FFFFFFFFFFFFFFFFFFFFFFFFFFFFFFFFFC
:10A47000FFFFFFFFFFFFFFFFFFFFFFFFFFFFFFFFEC
:10A48000FFFFFFFFFFFFFFFFFFFFFFFFFFFFFFFFDC
:10A49000FFFFFFFFFFFFFFFFFFFFFFFFFFFFFFFFCC
:10A4A000FFFFFFFFFFFFFFFFFFFFFFFFFFFFFFFFBC
:10A4B000FFFFFFFFFFFFFFFFFFFFFFFFFFFFFFFFAC
:10A4C000FFFFFFFFFFFFFFFFFFFFFFFFFFFFFFFF9C
:10A4D000FFFFFFFFFFFFFFFFFFFFFFFFFFFFFFFF8C
:10A4E000FFFFFFFFFFFFFFFFFFFFFFFFFFFFFFFF7C
:10A4F000FFFFFFFFFFFFFFFFFFFFFFFFFFFFFFFF6C
:10A50000FFFFFFFFFFFFFFFFFFFFFFFFFFFFFFFF5B
:10A51000FFFFFFFFFFFFFFFFFFFFFFFFFFFFFFFF4B
:10A52000FFFFFFFFFFFFFFFFFFFFFFFFFFFFFFFF3B
:10A53000FFFFFFFFFFFFFFFFFFFFFFFFFFFFFFFF2B
:10A54000FFFFFFFFFFFFFFFFFFFFFFFFFFFFFFFF1B
:10A55000FFFFFFFFFFFFFFFFFFFFFFFFFFFFFFFF0B
:10A56000FFFFFFFFFFFFFFFFFFFFFFFFFFFFFFFFFB
:10A57000FFFFFFFFFFFFFFFFFFFFFFFFFFFFFFFFEB
:10A58000FFFFFFFFFFFFFFFFFFFFFFFFFFFFFFFFDB
:10A59000FFFFFFFFFFFFFFFFFFFFFFFFFFFFFFFFCB
:10A5A000FFFFFFFFFFFFFFFFFFFFFFFFFFFFFFFFBB
:10A5B000FFFFFFFFFFFFFFFFFFFFFFFFFFFFFFFFAB
:10A5C000FFFFFFFFFFFFFFFFFFFFFFFFFFFFFFFF9B
:10A5D000FFFFFFFFFFFFFFFFFFFFFFFFFFFFFFFF8B
:10A5E000FFFFFFFFFFFFFFFFFFFFFFFFFFFFFFFF7B
:10A5F000FFFFFFFFFFFFFFFFFFFFFFFFFFFFFFFF6B
:10A60000FFFFFFFFFFFFFFFFFFFFFFFFFFFFFFFF5A
:10A61000FFFFFFFFFFFFFFFFFFFFFFFFFFFFFFFF4A
:10A62000FFFFFFFFFFFFFFFFFFFFFFFFFFFFFFFF3A
:10A63000FFFFFFFFFFFFFFFFFFFFFFFFFFFFFFFF2A
:10A64000FFFFFFFFFFFFFFFFFFFFFFFFFFFFFFFF1A
:10A65000FFFFFFFFFFFFFFFFFFFFFFFFFFFFFFFF0A
:10A66000FFFFFFFFFFFFFFFFFFFFFFFFFFFFFFFFFA
:10A67000FFFFFFFFFFFFFFFFFFFFFFFFFFFFFFFFEA
:10A68000FFFFFFFFFFFFFFFFFFFFFFFFFFFFFFFFDA
:10A69000FFFFFFFFFFFFFFFFFFFFFFFFFFFFFFFFCA
:10A6A000FFFFFFFFFFFFFFFFFFFFFFFFFFFFFFFFBA
:10A6B000FFFFFFFFFFFFFFFFFFFFFFFFFFFFFFFFAA
:10A6C000FFFFFFFFFFFFFFFFFFFFFFFFFFFFFFFF9A
:10A6D000FFFFFFFFFFFFFFFFFFFFFFFFFFFFFFFF8A
:10A6E000FFFFFFFFFFFFFFFFFFFFFFFFFFFFFFFF7A
:10A6F000FFFFFFFFFFFFFFFFFFFFFFFFFFFFFFFF6A
:10A70000FFFFFFFFFFFFFFFFFFFFFFFFFFFFFFFF59
:10A71000FFFFFFFFFFFFFFFFFFFFFFFFFFFFFFFF49
:10A72000FFFFFFFFFFFFFFFFFFFFFFFFFFFFFFFF39
:10A73000FFFFFFFFFFFFFFFFFFFFFFFFFFFFFFFF29
:10A74000FFFFFFFFFFFFFFFFFFFFFFFFFFFFFFFF19
:10A75000FFFFFFFFFFFFFFFFFFFFFFFFFFFFFFFF09
:10A76000FFFFFFFFFFFFFFFFFFFFFFFFFFFFFFFFF9
:10A77000FFFFFFFFFFFFFFFFFFFFFFFFFFFFFFFFE9
:10A78000FFFFFFFFFFFFFFFFFFFFFFFFFFFFFFFFD9
:10A79000FFFFFFFFFFFFFFFFFFFFFFFFFFFFFFFFC9
:10A7A000FFFFFFFFFFFFFFFFFFFFFFFFFFFFFFFFB9
:10A7B000FFFFFFFFFFFFFFFFFFFFFFFFFFFFFFFFA9
:10A7C000FFFFFFFFFFFFFFFFFFFFFFFFFFFFFFFF99
:10A7D000FFFFFFFFFFFFFFFFFFFFFFFFFFFFFFFF89
:10A7E000FFFFFFFFFFFFFFFFFFFFFFFFFFFFFFFF79
:10A7F000FFFFFFFFFFFFFFFFFFFFFFFFFFFFFFFF69
:10A80000FFFFFFFFFFFFFFFFFFFFFFFFFFFFFFFF58
:10A81000FFFFFFFFFFFFFFFFFFFFFFFFFFFFFFFF48
:10A82000FFFFFFFFFFFFFFFFFFFFFFFFFFFFFFFF38
:10A83000FFFFFFFFFFFFFFFFFFFFFFFFFFFFFFFF28
:10A84000FFFFFFFFFFFFFFFFFFFFFFFFFFFFFFFF18
:10A85000FFFFFFFFFFFFFFFFFFFFFFFFFFFFFFFF08
:10A86000FFFFFFFFFFFFFFFFFFFFFFFFFFFFFFFFF8
:10A87000FFFFFFFFFFFFFFFFFFFFFFFFFFFFFFFFE8
:10A88000FFFFFFFFFFFFFFFFFFFFFFFFFFFFFFFFD8
:10A89000FFFFFFFFFFFFFFFFFFFFFFFFFFFFFFFFC8
:10A8A000FFFFFFFFFFFFFFFFFFFFFFFFFFFFFFFFB8
:10A8B000FFFFFFFFFFFFFFFFFFFFFFFFFFFFFFFFA8
:10A8C000FFFFFFFFFFFFFFFFFFFFFFFFFFFFFFFF98
:10A8D000FFFFFFFFFFFFFFFFFFFFFFFFFFFFFFFF88
:10A8E000FFFFFFFFFFFFFFFFFFFFFFFFFFFFFFFF78
:10A8F000FFFFFFFFFFFFFFFFFFFFFFFFFFFFFFFF68
:10A90000FFFFFFFFFFFFFFFFFFFFFFFFFFFFFFFF57
:10A91000FFFFFFFFFFFFFFFFFFFFFFFFFFFFFFFF47
:10A92000FFFFFFFFFFFFFFFFFFFFFFFFFFFFFFFF37
:10A93000FFFFFFFFFFFFFFFFFFFFFFFFFFFFFFFF27
:10A94000FFFFFFFFFFFFFFFFFFFFFFFFFFFFFFFF17
:10A95000FFFFFFFFFFFFFFFFFFFFFFFFFFFFFFFF07
:10A96000FFFFFFFFFFFFFFFFFFFFFFFFFFFFFFFFF7
:10A97000FFFFFFFFFFFFFFFFFFFFFFFFFFFFFFFFE7
:10A98000FFFFFFFFFFFFFFFFFFFFFFFFFFFFFFFFD7
:10A99000FFFFFFFFFFFFFFFFFFFFFFFFFFFFFFFFC7
:10A9A000FFFFFFFFFFFFFFFFFFFFFFFFFFFFFFFFB7
:10A9B000FFFFFFFFFFFFFFFFFFFFFFFFFFFFFFFFA7
:10A9C000FFFFFFFFFFFFFFFFFFFFFFFFFFFFFFFF97
:10A9D000FFFFFFFFFFFFFFFFFFFFFFFFFFFFFFFF87
:10A9E000FFFFFFFFFFFFFFFFFFFFFFFFFFFFFFFF77
:10A9F000FFFFFFFFFFFFFFFFFFFFFFFFFFFFFFFF67
:10AA0000FFFFFFFFFFFFFFFFFFFFFFFFFFFFFFFF56
:10AA1000FFFFFFFFFFFFFFFFFFFFFFFFFFFFFFFF46
:10AA2000FFFFFFFFFFFFFFFFFFFFFFFFFFFFFFFF36
:10AA3000FFFFFFFFFFFFFFFFFFFFFFFFFFFFFFFF26
:10AA4000FFFFFFFFFFFFFFFFFFFFFFFFFFFFFFFF16
:10AA5000FFFFFFFFFFFFFFFFFFFFFFFFFFFFFFFF06
:10AA6000FFFFFFFFFFFFFFFFFFFFFFFFFFFFFFFFF6
:10AA7000FFFFFFFFFFFFFFFFFFFFFFFFFFFFFFFFE6
:10AA8000FFFFFFFFFFFFFFFFFFFFFFFFFFFFFFFFD6
:10AA9000FFFFFFFFFFFFFFFFFFFFFFFFFFFFFFFFC6
:10AAA000FFFFFFFFFFFFFFFFFFFFFFFFFFFFFFFFB6
:10AAB000FFFFFFFFFFFFFFFFFFFFFFFFFFFFFFFFA6
:10AAC000FFFFFFFFFFFFFFFFFFFFFFFFFFFFFFFF96
:10AAD000FFFFFFFFFFFFFFFFFFFFFFFFFFFFFFFF86
:10AAE000FFFFFFFFFFFFFFFFFFFFFFFFFFFFFFFF76
:10AAF000FFFFFFFFFFFFFFFFFFFFFFFFFFFFFFFF66
:10AB0000FFFFFFFFFFFFFFFFFFFFFFFFFFFFFFFF55
:10AB1000FFFFFFFFFFFFFFFFFFFFFFFFFFFFFFFF45
:10AB2000FFFFFFFFFFFFFFFFFFFFFFFFFFFFFFFF35
:10AB3000FFFFFFFFFFFFFFFFFFFFFFFFFFFFFFFF25
:10AB4000FFFFFFFFFFFFFFFFFFFFFFFFFFFFFFFF15
:10AB5000FFFFFFFFFFFFFFFFFFFFFFFFFFFFFFFF05
:10AB6000FFFFFFFFFFFFFFFFFFFFFFFFFFFFFFFFF5
:10AB7000FFFFFFFFFFFFFFFFFFFFFFFFFFFFFFFFE5
:10AB8000FFFFFFFFFFFFFFFFFFFFFFFFFFFFFFFFD5
:10AB9000FFFFFFFFFFFFFFFFFFFFFFFFFFFFFFFFC5
:10ABA000FFFFFFFFFFFFFFFFFFFFFFFFFFFFFFFFB5
:10ABB000FFFFFFFFFFFFFFFFFFFFFFFFFFFFFFFFA5
:10ABC000FFFFFFFFFFFFFFFFFFFFFFFFFFFFFFFF95
:10ABD000FFFFFFFFFFFFFFFFFFFFFFFFFFFFFFFF85
:10ABE000FFFFFFFFFFFFFFFFFFFFFFFFFFFFFFFF75
:10ABF000FFFFFFFFFFFFFFFFFFFFFFFFFFFFFFFF65
:10AC0000FFFFFFFFFFFFFFFFFFFFFFFFFFFFFFFF54
:10AC1000FFFFFFFFFFFFFFFFFFFFFFFFFFFFFFFF44
:10AC2000FFFFFFFFFFFFFFFFFFFFFFFFFFFFFFFF34
:10AC3000FFFFFFFFFFFFFFFFFFFFFFFFFFFFFFFF24
:10AC4000FFFFFFFFFFFFFFFFFFFFFFFFFFFFFFFF14
:10AC5000FFFFFFFFFFFFFFFFFFFFFFFFFFFFFFFF04
:10AC6000FFFFFFFFFFFFFFFFFFFFFFFFFFFFFFFFF4
:10AC7000FFFFFFFFFFFFFFFFFFFFFFFFFFFFFFFFE4
:10AC8000FFFFFFFFFFFFFFFFFFFFFFFFFFFFFFFFD4
:10AC9000FFFFFFFFFFFFFFFFFFFFFFFFFFFFFFFFC4
:10ACA000FFFFFFFFFFFFFFFFFFFFFFFFFFFFFFFFB4
:10ACB000FFFFFFFFFFFFFFFFFFFFFFFFFFFFFFFFA4
:10ACC000FFFFFFFFFFFFFFFFFFFFFFFFFFFFFFFF94
:10ACD000FFFFFFFFFFFFFFFFFFFFFFFFFFFFFFFF84
:10ACE000FFFFFFFFFFFFFFFFFFFFFFFFFFFFFFFF74
:10ACF000FFFFFFFFFFFFFFFFFFFFFFFFFFFFFFFF64
:10AD0000FFFFFFFFFFFFFFFFFFFFFFFFFFFFFFFF53
:10AD1000FFFFFFFFFFFFFFFFFFFFFFFFFFFFFFFF43
:10AD2000FFFFFFFFFFFFFFFFFFFFFFFFFFFFFFFF33
:10AD3000FFFFFFFFFFFFFFFFFFFFFFFFFFFFFFFF23
:10AD4000FFFFFFFFFFFFFFFFFFFFFFFFFFFFFFFF13
:10AD5000FFFFFFFFFFFFFFFFFFFFFFFFFFFFFFFF03
:10AD6000FFFFFFFFFFFFFFFFFFFFFFFFFFFFFFFFF3
:10AD7000FFFFFFFFFFFFFFFFFFFFFFFFFFFFFFFFE3
:10AD8000FFFFFFFFFFFFFFFFFFFFFFFFFFFFFFFFD3
:10AD9000FFFFFFFFFFFFFFFFFFFFFFFFFFFFFFFFC3
:10ADA000FFFFFFFFFFFFFFFFFFFFFFFFFFFFFFFFB3
:10ADB000FFFFFFFFFFFFFFFFFFFFFFFFFFFFFFFFA3
:10ADC000FFFFFFFFFFFFFFFFFFFFFFFFFFFFFFFF93
:10ADD000FFFFFFFFFFFFFFFFFFFFFFFFFFFFFFFF83
:10ADE000FFFFFFFFFFFFFFFFFFFFFFFFFFFFFFFF73
:10ADF000FFFFFFFFFFFFFFFFFFFFFFFFFFFFFFFF63
:10AE0000FFFFFFFFFFFFFFFFFFFFFFFFFFFFFFFF52
:10AE1000FFFFFFFFFFFFFFFFFFFFFFFFFFFFFFFF42
:10AE2000FFFFFFFFFFFFFFFFFFFFFFFFFFFFFFFF32
:10AE3000FFFFFFFFFFFFFFFFFFFFFFFFFFFFFFFF22
:10AE4000FFFFFFFFFFFFFFFFFFFFFFFFFFFFFFFF12
:10AE5000FFFFFFFFFFFFFFFFFFFFFFFFFFFFFFFF02
:10AE6000FFFFFFFFFFFFFFFFFFFFFFFFFFFFFFFFF2
:10AE7000FFFFFFFFFFFFFFFFFFFFFFFFFFFFFFFFE2
:10AE8000FFFFFFFFFFFFFFFFFFFFFFFFFFFFFFFFD2
:10AE9000FFFFFFFFFFFFFFFFFFFFFFFFFFFFFFFFC2
:10AEA000FFFFFFFFFFFFFFFFFFFFFFFFFFFFFFFFB2
:10AEB000FFFFFFFFFFFFFFFFFFFFFFFFFFFFFFFFA2
:10AEC000FFFFFFFFFFFFFFFFFFFFFFFFFFFFFFFF92
:10AED000FFFFFFFFFFFFFFFFFFFFFFFFFFFFFFFF82
:10AEE000FFFFFFFFFFFFFFFFFFFFFFFFFFFFFFFF72
:10AEF000FFFFFFFFFFFFFFFFFFFFFFFFFFFFFFFF62
:10AF0000FFFFFFFFFFFFFFFFFFFFFFFFFFFFFFFF51
:10AF1000FFFFFFFFFFFFFFFFFFFFFFFFFFFFFFFF41
:10AF2000FFFFFFFFFFFFFFFFFFFFFFFFFFFFFFFF31
:10AF3000FFFFFFFFFFFFFFFFFFFFFFFFFFFFFFFF21
:10AF4000FFFFFFFFFFFFFFFFFFFFFFFFFFFFFFFF11
:10AF5000FFFFFFFFFFFFFFFFFFFFFFFFFFFFFFFF01
:10AF6000FFFFFFFFFFFFFFFFFFFFFFFFFFFFFFFFF1
:10AF7000FFFFFFFFFFFFFFFFFFFFFFFFFFFFFFFFE1
:10AF8000FFFFFFFFFFFFFFFFFFFFFFFFFFFFFFFFD1
:10AF9000FFFFFFFFFFFFFFFFFFFFFFFFFFFFFFFFC1
:10AFA000FFFFFFFFFFFFFFFFFFFFFFFFFFFFFFFFB1
:10AFB000FFFFFFFFFFFFFFFFFFFFFFFFFFFFFFFFA1
:10AFC000FFFFFFFFFFFFFFFFFFFFFFFFFFFFFFFF91
:10AFD000FFFFFFFFFFFFFFFFFFFFFFFFFFFFFFFF81
:10AFE000FFFFFFFFFFFFFFFFFFFFFFFFFFFFFFFF71
:10AFF000FFFFFFFFFFFFFFFFFFFFFFFFFFFFFFFF61
:10B00000FFFFFFFFFFFFFFFFFFFFFFFFFFFFFFFF50
:10B01000FFFFFFFFFFFFFFFFFFFFFFFFFFFFFFFF40
:10B02000FFFFFFFFFFFFFFFFFFFFFFFFFFFFFFFF30
:10B03000FFFFFFFFFFFFFFFFFFFFFFFFFFFFFFFF20
:10B04000FFFFFFFFFFFFFFFFFFFFFFFFFFFFFFFF10
:10B05000FFFFFFFFFFFFFFFFFFFFFFFFFFFFFFFF00
:10B06000FFFFFFFFFFFFFFFFFFFFFFFFFFFFFFFFF0
:10B07000FFFFFFFFFFFFFFFFFFFFFFFFFFFFFFFFE0
:10B08000FFFFFFFFFFFFFFFFFFFFFFFFFFFFFFFFD0
:10B09000FFFFFFFFFFFFFFFFFFFFFFFFFFFFFFFFC0
:10B0A000FFFFFFFFFFFFFFFFFFFFFFFFFFFFFFFFB0
:10B0B000FFFFFFFFFFFFFFFFFFFFFFFFFFFFFFFFA0
:10B0C000FFFFFFFFFFFFFFFFFFFFFFFFFFFFFFFF90
:10B0D000FFFFFFFFFFFFFFFFFFFFFFFFFFFFFFFF80
:10B0E000FFFFFFFFFFFFFFFFFFFFFFFFFFFFFFFF70
:10B0F000FFFFFFFFFFFFFFFFFFFFFFFFFFFFFFFF60
:10B10000FFFFFFFFFFFFFFFFFFFFFFFFFFFFFFFF4F
:10B11000FFFFFFFFFFFFFFFFFFFFFFFFFFFFFFFF3F
:10B12000FFFFFFFFFFFFFFFFFFFFFFFFFFFFFFFF2F
:10B13000FFFFFFFFFFFFFFFFFFFFFFFFFFFFFFFF1F
:10B14000FFFFFFFFFFFFFFFFFFFFFFFFFFFFFFFF0F
:10B15000FFFFFFFFFFFFFFFFFFFFFFFFFFFFFFFFFF
:10B16000FFFFFFFFFFFFFFFFFFFFFFFFFFFFFFFFEF
:10B17000FFFFFFFFFFFFFFFFFFFFFFFFFFFFFFFFDF
:10B18000FFFFFFFFFFFFFFFFFFFFFFFFFFFFFFFFCF
:10B19000FFFFFFFFFFFFFFFFFFFFFFFFFFFFFFFFBF
:10B1A000FFFFFFFFFFFFFFFFFFFFFFFFFFFFFFFFAF
:10B1B000FFFFFFFFFFFFFFFFFFFFFFFFFFFFFFFF9F
:10B1C000FFFFFFFFFFFFFFFFFFFFFFFFFFFFFFFF8F
:10B1D000FFFFFFFFFFFFFFFFFFFFFFFFFFFFFFFF7F
:10B1E000FFFFFFFFFFFFFFFFFFFFFFFFFFFFFFFF6F
:10B1F000FFFFFFFFFFFFFFFFFFFFFFFFFFFFFFFF5F
:10B20000FFFFFFFFFFFFFFFFFFFFFFFFFFFFFFFF4E
:10B21000FFFFFFFFFFFFFFFFFFFFFFFFFFFFFFFF3E
:10B22000FFFFFFFFFFFFFFFFFFFFFFFFFFFFFFFF2E
:10B23000FFFFFFFFFFFFFFFFFFFFFFFFFFFFFFFF1E
:10B24000FFFFFFFFFFFFFFFFFFFFFFFFFFFFFFFF0E
:10B25000FFFFFFFFFFFFFFFFFFFFFFFFFFFFFFFFFE
:10B26000FFFFFFFFFFFFFFFFFFFFFFFFFFFFFFFFEE
:10B27000FFFFFFFFFFFFFFFFFFFFFFFFFFFFFFFFDE
:10B28000FFFFFFFFFFFFFFFFFFFFFFFFFFFFFFFFCE
:10B29000FFFFFFFFFFFFFFFFFFFFFFFFFFFFFFFFBE
:10B2A000FFFFFFFFFFFFFFFFFFFFFFFFFFFFFFFFAE
:10B2B000FFFFFFFFFFFFFFFFFFFFFFFFFFFFFFFF9E
:10B2C000FFFFFFFFFFFFFFFFFFFFFFFFFFFFFFFF8E
:10B2D000FFFFFFFFFFFFFFFFFFFFFFFFFFFFFFFF7E
:10B2E000FFFFFFFFFFFFFFFFFFFFFFFFFFFFFFFF6E
:10B2F000FFFFFFFFFFFFFFFFFFFFFFFFFFFFFFFF5E
:10B30000FFFFFFFFFFFFFFFFFFFFFFFFFFFFFFFF4D
:10B31000FFFFFFFFFFFFFFFFFFFFFFFFFFFFFFFF3D
:10B32000FFFFFFFFFFFFFFFFFFFFFFFFFFFFFFFF2D
:10B33000FFFFFFFFFFFFFFFFFFFFFFFFFFFFFFFF1D
:10B34000FFFFFFFFFFFFFFFFFFFFFFFFFFFFFFFF0D
:10B35000FFFFFFFFFFFFFFFFFFFFFFFFFFFFFFFFFD
:10B36000FFFFFFFFFFFFFFFFFFFFFFFFFFFFFFFFED
:10B37000FFFFFFFFFFFFFFFFFFFFFFFFFFFFFFFFDD
:10B38000FFFFFFFFFFFFFFFFFFFFFFFFFFFFFFFFCD
:10B39000FFFFFFFFFFFFFFFFFFFFFFFFFFFFFFFFBD
:10B3A000FFFFFFFFFFFFFFFFFFFFFFFFFFFFFFFFAD
:10B3B000FFFFFFFFFFFFFFFFFFFFFFFFFFFFFFFF9D
:10B3C000FFFFFFFFFFFFFFFFFFFFFFFFFFFFFFFF8D
:10B3D000FFFFFFFFFFFFFFFFFFFFFFFFFFFFFFFF7D
:10B3E000FFFFFFFFFFFFFFFFFFFFFFFFFFFFFFFF6D
:10B3F000FFFFFFFFFFFFFFFFFFFFFFFFFFFFFFFF5D
:10B40000FFFFFFFFFFFFFFFFFFFFFFFFFFFFFFFF4C
:10B41000FFFFFFFFFFFFFFFFFFFFFFFFFFFFFFFF3C
:10B42000FFFFFFFFFFFFFFFFFFFFFFFFFFFFFFFF2C
:10B43000FFFFFFFFFFFFFFFFFFFFFFFFFFFFFFFF1C
:10B44000FFFFFFFFFFFFFFFFFFFFFFFFFFFFFFFF0C
:10B45000FFFFFFFFFFFFFFFFFFFFFFFFFFFFFFFFFC
:10B46000FFFFFFFFFFFFFFFFFFFFFFFFFFFFFFFFEC
:10B47000FFFFFFFFFFFFFFFFFFFFFFFFFFFFFFFFDC
:10B48000FFFFFFFFFFFFFFFFFFFFFFFFFFFFFFFFCC
:10B49000FFFFFFFFFFFFFFFFFFFFFFFFFFFFFFFFBC
:10B4A000FFFFFFFFFFFFFFFFFFFFFFFFFFFFFFFFAC
:10B4B000FFFFFFFFFFFFFFFFFFFFFFFFFFFFFFFF9C
:10B4C000FFFFFFFFFFFFFFFFFFFFFFFFFFFFFFFF8C
:10B4D000FFFFFFFFFFFFFFFFFFFFFFFFFFFFFFFF7C
:10B4E000FFFFFFFFFFFFFFFFFFFFFFFFFFFFFFFF6C
:10B4F000FFFFFFFFFFFFFFFFFFFFFFFFFFFFFFFF5C
:10B50000FFFFFFFFFFFFFFFFFFFFFFFFFFFFFFFF4B
:10B51000FFFFFFFFFFFFFFFFFFFFFFFFFFFFFFFF3B
:10B52000FFFFFFFFFFFFFFFFFFFFFFFFFFFFFFFF2B
:10B53000FFFFFFFFFFFFFFFFFFFFFFFFFFFFFFFF1B
:10B54000FFFFFFFFFFFFFFFFFFFFFFFFFFFFFFFF0B
:10B55000FFFFFFFFFFFFFFFFFFFFFFFFFFFFFFFFFB
:10B56000FFFFFFFFFFFFFFFFFFFFFFFFFFFFFFFFEB
:10B57000FFFFFFFFFFFFFFFFFFFFFFFFFFFFFFFFDB
:10B58000FFFFFFFFFFFFFFFFFFFFFFFFFFFFFFFFCB
:10B59000FFFFFFFFFFFFFFFFFFFFFFFFFFFFFFFFBB
:10B5A000FFFFFFFFFFFFFFFFFFFFFFFFFFFFFFFFAB
:10B5B000FFFFFFFFFFFFFFFFFFFFFFFFFFFFFFFF9B
:10B5C000FFFFFFFFFFFFFFFFFFFFFFFFFFFFFFFF8B
:10B5D000FFFFFFFFFFFFFFFFFFFFFFFFFFFFFFFF7B
:10B5E000FFFFFFFFFFFFFFFFFFFFFFFFFFFFFFFF6B
:10B5F000FFFFFFFFFFFFFFFFFFFFFFFFFFFFFFFF5B
:10B60000FFFFFFFFFFFFFFFFFFFFFFFFFFFFFFFF4A
:10B61000FFFFFFFFFFFFFFFFFFFFFFFFFFFFFFFF3A
:10B62000FFFFFFFFFFFFFFFFFFFFFFFFFFFFFFFF2A
:10B63000FFFFFFFFFFFFFFFFFFFFFFFFFFFFFFFF1A
:10B64000FFFFFFFFFFFFFFFFFFFFFFFFFFFFFFFF0A
:10B65000FFFFFFFFFFFFFFFFFFFFFFFFFFFFFFFFFA
:10B66000FFFFFFFFFFFFFFFFFFFFFFFFFFFFFFFFEA
:10B67000FFFFFFFFFFFFFFFFFFFFFFFFFFFFFFFFDA
:10B68000FFFFFFFFFFFFFFFFFFFFFFFFFFFFFFFFCA
:10B69000FFFFFFFFFFFFFFFFFFFFFFFFFFFFFFFFBA
:10B6A000FFFFFFFFFFFFFFFFFFFFFFFFFFFFFFFFAA
:10B6B000FFFFFFFFFFFFFFFFFFFFFFFFFFFFFFFF9A
:10B6C000FFFFFFFFFFFFFFFFFFFFFFFFFFFFFFFF8A
:10B6D000FFFFFFFFFFFFFFFFFFFFFFFFFFFFFFFF7A
:10B6E000FFFFFFFFFFFFFFFFFFFFFFFFFFFFFFFF6A
:10B6F000FFFFFFFFFFFFFFFFFFFFFFFFFFFFFFFF5A
:10B70000FFFFFFFFFFFFFFFFFFFFFFFFFFFFFFFF49
:10B71000FFFFFFFFFFFFFFFFFFFFFFFFFFFFFFFF39
:10B72000FFFFFFFFFFFFFFFFFFFFFFFFFFFFFFFF29
:10B73000FFFFFFFFFFFFFFFFFFFFFFFFFFFFFFFF19
:10B74000FFFFFFFFFFFFFFFFFFFFFFFFFFFFFFFF09
:10B75000FFFFFFFFFFFFFFFFFFFFFFFFFFFFFFFFF9
:10B76000FFFFFFFFFFFFFFFFFFFFFFFFFFFFFFFFE9
:10B77000FFFFFFFFFFFFFFFFFFFFFFFFFFFFFFFFD9
:10B78000FFFFFFFFFFFFFFFFFFFFFFFFFFFFFFFFC9
:10B79000FFFFFFFFFFFFFFFFFFFFFFFFFFFFFFFFB9
:10B7A000FFFFFFFFFFFFFFFFFFFFFFFFFFFFFFFFA9
:10B7B000FFFFFFFFFFFFFFFFFFFFFFFFFFFFFFFF99
:10B7C000FFFFFFFFFFFFFFFFFFFFFFFFFFFFFFFF89
:10B7D000FFFFFFFFFFFFFFFFFFFFFFFFFFFFFFFF79
:10B7E000FFFFFFFFFFFFFFFFFFFFFFFFFFFFFFFF69
:10B7F000FFFFFFFFFFFFFFFFFFFFFFFFFFFFFFFF59
:10B80000FFFFFFFFFFFFFFFFFFFFFFFFFFFFFFFF48
:10B81000FFFFFFFFFFFFFFFFFFFFFFFFFFFFFFFF38
:10B82000FFFFFFFFFFFFFFFFFFFFFFFFFFFFFFFF28
:10B83000FFFFFFFFFFFFFFFFFFFFFFFFFFFFFFFF18
:10B84000FFFFFFFFFFFFFFFFFFFFFFFFFFFFFFFF08
:10B85000FFFFFFFFFFFFFFFFFFFFFFFFFFFFFFFFF8
:10B86000FFFFFFFFFFFFFFFFFFFFFFFFFFFFFFFFE8
:10B87000FFFFFFFFFFFFFFFFFFFFFFFFFFFFFFFFD8
:10B88000FFFFFFFFFFFFFFFFFFFFFFFFFFFFFFFFC8
:10B89000FFFFFFFFFFFFFFFFFFFFFFFFFFFFFFFFB8
:10B8A000FFFFFFFFFFFFFFFFFFFFFFFFFFFFFFFFA8
:10B8B000FFFFFFFFFFFFFFFFFFFFFFFFFFFFFFFF98
:10B8C000FFFFFFFFFFFFFFFFFFFFFFFFFFFFFFFF88
:10B8D000FFFFFFFFFFFFFFFFFFFFFFFFFFFFFFFF78
:10B8E000FFFFFFFFFFFFFFFFFFFFFFFFFFFFFFFF68
:10B8F000FFFFFFFFFFFFFFFFFFFFFFFFFFFFFFFF58
:10B90000FFFFFFFFFFFFFFFFFFFFFFFFFFFFFFFF47
:10B91000FFFFFFFFFFFFFFFFFFFFFFFFFFFFFFFF37
:10B92000FFFFFFFFFFFFFFFFFFFFFFFFFFFFFFFF27
:10B93000FFFFFFFFFFFFFFFFFFFFFFFFFFFFFFFF17
:10B94000FFFFFFFFFFFFFFFFFFFFFFFFFFFFFFFF07
:10B95000FFFFFFFFFFFFFFFFFFFFFFFFFFFFFFFFF7
:10B96000FFFFFFFFFFFFFFFFFFFFFFFFFFFFFFFFE7
:10B97000FFFFFFFFFFFFFFFFFFFFFFFFFFFFFFFFD7
:10B98000FFFFFFFFFFFFFFFFFFFFFFFFFFFFFFFFC7
:10B99000FFFFFFFFFFFFFFFFFFFFFFFFFFFFFFFFB7
:10B9A000FFFFFFFFFFFFFFFFFFFFFFFFFFFFFFFFA7
:10B9B000FFFFFFFFFFFFFFFFFFFFFFFFFFFFFFFF97
:10B9C000FFFFFFFFFFFFFFFFFFFFFFFFFFFFFFFF87
:10B9D000FFFFFFFFFFFFFFFFFFFFFFFFFFFFFFFF77
:10B9E000FFFFFFFFFFFFFFFFFFFFFFFFFFFFFFFF67
:10B9F000FFFFFFFFFFFFFFFFFFFFFFFFFFFFFFFF57
:10BA0000FFFFFFFFFFFFFFFFFFFFFFFFFFFFFFFF46
:10BA1000FFFFFFFFFFFFFFFFFFFFFFFFFFFFFFFF36
:10BA2000FFFFFFFFFFFFFFFFFFFFFFFFFFFFFFFF26
:10BA3000FFFFFFFFFFFFFFFFFFFFFFFFFFFFFFFF16
:10BA4000FFFFFFFFFFFFFFFFFFFFFFFFFFFFFFFF06
:10BA5000FFFFFFFFFFFFFFFFFFFFFFFFFFFFFFFFF6
:10BA6000FFFFFFFFFFFFFFFFFFFFFFFFFFFFFFFFE6
:10BA7000FFFFFFFFFFFFFFFFFFFFFFFFFFFFFFFFD6
:10BA8000FFFFFFFFFFFFFFFFFFFFFFFFFFFFFFFFC6
:10BA9000FFFFFFFFFFFFFFFFFFFFFFFFFFFFFFFFB6
:10BAA000FFFFFFFFFFFFFFFFFFFFFFFFFFFFFFFFA6
:10BAB000FFFFFFFFFFFFFFFFFFFFFFFFFFFFFFFF96
:10BAC000FFFFFFFFFFFFFFFFFFFFFFFFFFFFFFFF86
:10BAD000FFFFFFFFFFFFFFFFFFFFFFFFFFFFFFFF76
:10BAE000FFFFFFFFFFFFFFFFFFFFFFFFFFFFFFFF66
:10BAF000FFFFFFFFFFFFFFFFFFFFFFFFFFFFFFFF56
:10BB0000FFFFFFFFFFFFFFFFFFFFFFFFFFFFFFFF45
:10BB1000FFFFFFFFFFFFFFFFFFFFFFFFFFFFFFFF35
:10BB2000FFFFFFFFFFFFFFFFFFFFFFFFFFFFFFFF25
:10BB3000FFFFFFFFFFFFFFFFFFFFFFFFFFFFFFFF15
:10BB4000FFFFFFFFFFFFFFFFFFFFFFFFFFFFFFFF05
:10BB5000FFFFFFFFFFFFFFFFFFFFFFFFFFFFFFFFF5
:10BB6000FFFFFFFFFFFFFFFFFFFFFFFFFFFFFFFFE5
:10BB7000FFFFFFFFFFFFFFFFFFFFFFFFFFFFFFFFD5
:10BB8000FFFFFFFFFFFFFFFFFFFFFFFFFFFFFFFFC5
:10BB9000FFFFFFFFFFFFFFFFFFFFFFFFFFFFFFFFB5
:10BBA000FFFFFFFFFFFFFFFFFFFFFFFFFFFFFFFFA5
:10BBB000FFFFFFFFFFFFFFFFFFFFFFFFFFFFFFFF95
:10BBC000FFFFFFFFFFFFFFFFFFFFFFFFFFFFFFFF85
:10BBD000FFFFFFFFFFFFFFFFFFFFFFFFFFFFFFFF75
:10BBE000FFFFFFFFFFFFFFFFFFFFFFFFFFFFFFFF65
:10BBF000FFFFFFFFFFFFFFFFFFFFFFFFFFFFFFFF55
:10BC0000FFFFFFFFFFFFFFFFFFFFFFFFFFFFFFFF44
:10BC1000FFFFFFFFFFFFFFFFFFFFFFFFFFFFFFFF34
:10BC2000FFFFFFFFFFFFFFFFFFFFFFFFFFFFFFFF24
:10BC3000FFFFFFFFFFFFFFFFFFFFFFFFFFFFFFFF14
:10BC4000FFFFFFFFFFFFFFFFFFFFFFFFFFFFFFFF04
:10BC5000FFFFFFFFFFFFFFFFFFFFFFFFFFFFFFFFF4
:10BC6000FFFFFFFFFFFFFFFFFFFFFFFFFFFFFFFFE4
:10BC7000FFFFFFFFFFFFFFFFFFFFFFFFFFFFFFFFD4
:10BC8000FFFFFFFFFFFFFFFFFFFFFFFFFFFFFFFFC4
:10BC9000FFFFFFFFFFFFFFFFFFFFFFFFFFFFFFFFB4
:10BCA000FFFFFFFFFFFFFFFFFFFFFFFFFFFFFFFFA4
:10BCB000FFFFFFFFFFFFFFFFFFFFFFFFFFFFFFFF94
:10BCC000FFFFFFFFFFFFFFFFFFFFFFFFFFFFFFFF84
:10BCD000FFFFFFFFFFFFFFFFFFFFFFFFFFFFFFFF74
:10BCE000FFFFFFFFFFFFFFFFFFFFFFFFFFFFFFFF64
:10BCF000FFFFFFFFFFFFFFFFFFFFFFFFFFFFFFFF54
:10BD0000FFFFFFFFFFFFFFFFFFFFFFFFFFFFFFFF43
:10BD1000FFFFFFFFFFFFFFFFFFFFFFFFFFFFFFFF33
:10BD2000FFFFFFFFFFFFFFFFFFFFFFFFFFFFFFFF23
:10BD3000FFFFFFFFFFFFFFFFFFFFFFFFFFFFFFFF13
:10BD4000FFFFFFFFFFFFFFFFFFFFFFFFFFFFFFFF03
:10BD5000FFFFFFFFFFFFFFFFFFFFFFFFFFFFFFFFF3
:10BD6000FFFFFFFFFFFFFFFFFFFFFFFFFFFFFFFFE3
:10BD7000FFFFFFFFFFFFFFFFFFFFFFFFFFFFFFFFD3
:10BD8000FFFFFFFFFFFFFFFFFFFFFFFFFFFFFFFFC3
:10BD9000FFFFFFFFFFFFFFFFFFFFFFFFFFFFFFFFB3
:10BDA000FFFFFFFFFFFFFFFFFFFFFFFFFFFFFFFFA3
:10BDB000FFFFFFFFFFFFFFFFFFFFFFFFFFFFFFFF93
:10BDC000FFFFFFFFFFFFFFFFFFFFFFFFFFFFFFFF83
:10BDD000FFFFFFFFFFFFFFFFFFFFFFFFFFFFFFFF73
:10BDE000FFFFFFFFFFFFFFFFFFFFFFFFFFFFFFFF63
:10BDF000FFFFFFFFFFFFFFFFFFFFFFFFFFFFFFFF53
:10BE0000FFFFFFFFFFFFFFFFFFFFFFFFFFFFFFFF42
:10BE1000FFFFFFFFFFFFFFFFFFFFFFFFFFFFFFFF32
:10BE2000FFFFFFFFFFFFFFFFFFFFFFFFFFFFFFFF22
:10BE3000FFFFFFFFFFFFFFFFFFFFFFFFFFFFFFFF12
:10BE4000FFFFFFFFFFFFFFFFFFFFFFFFFFFFFFFF02
:10BE5000FFFFFFFFFFFFFFFFFFFFFFFFFFFFFFFFF2
:10BE6000FFFFFFFFFFFFFFFFFFFFFFFFFFFFFFFFE2
:10BE7000FFFFFFFFFFFFFFFFFFFFFFFFFFFFFFFFD2
:10BE8000FFFFFFFFFFFFFFFFFFFFFFFFFFFFFFFFC2
:10BE9000FFFFFFFFFFFFFFFFFFFFFFFFFFFFFFFFB2
:10BEA000FFFFFFFFFFFFFFFFFFFFFFFFFFFFFFFFA2
:10BEB000FFFFFFFFFFFFFFFFFFFFFFFFFFFFFFFF92
:10BEC000FFFFFFFFFFFFFFFFFFFFFFFFFFFFFFFF82
:10BED000FFFFFFFFFFFFFFFFFFFFFFFFFFFFFFFF72
:10BEE000FFFFFFFFFFFFFFFFFFFFFFFFFFFFFFFF62
:10BEF000FFFFFFFFFFFFFFFFFFFFFFFFFFFFFFFF52
:10BF0000FFFFFFFFFFFFFFFFFFFFFFFFFFFFFFFF41
:10BF1000FFFFFFFFFFFFFFFFFFFFFFFFFFFFFFFF31
:10BF2000FFFFFFFFFFFFFFFFFFFFFFFFFFFFFFFF21
:10BF3000FFFFFFFFFFFFFFFFFFFFFFFFFFFFFFFF11
:10BF4000FFFFFFFFFFFFFFFFFFFFFFFFFFFFFFFF01
:10BF5000FFFFFFFFFFFFFFFFFFFFFFFFFFFFFFFFF1
:10BF6000FFFFFFFFFFFFFFFFFFFFFFFFFFFFFFFFE1
:10BF7000FFFFFFFFFFFFFFFFFFFFFFFFFFFFFFFFD1
:10BF8000FFFFFFFFFFFFFFFFFFFFFFFFFFFFFFFFC1
:10BF9000FFFFFFFFFFFFFFFFFFFFFFFFFFFFFFFFB1
:10BFA000FFFFFFFFFFFFFFFFFFFFFFFFFFFFFFFFA1
:10BFB000FFFFFFFFFFFFFFFFFFFFFFFFFFFFFFFF91
:10BFC000FFFFFFFFFFFFFFFFFFFFFFFFFFFFFFFF81
:10BFD000FFFFFFFFFFFFFFFFFFFFFFFFFFFFFFFF71
:10BFE000FFFFFFFFFFFFFFFFFFFFFFFFFFFFFFFF61
:10BFF000FFFFFFFFFFFFFFFFFFFFFFFF55555555F9
:040000050800047D6E
:00000001FF
